dataset_type,row_json,row_number,sheet_name,source_id,source_page_id,source_title,source_url
source_reference,"{""0"": ""Reporting of Payment of Royalty, DMF, etc  to different States during 2023-24"", ""1"": null, ""2"": null, ""3"": null, ""4"": null, ""5"": null, ""6"": null, ""7"": null, ""8"": null, ""9"": null, ""10"": null, ""11"": null, ""12"": null, ""13"": null, ""14"": null, ""15"": null, ""16"": null, ""17"": null, ""18"": null, ""19"": null, ""21"": null, ""22"": null, ""23"": null, ""24"": null, ""25"": null, ""26"": null, ""27"": null}",1,tab1a23-24-final,coal-statistics-download-excel-7,coal_statistics,Download Excel,https://coal.gov.in/sites/default/files/2024-03/cdchap6.xlsx
source_reference,"{""0"": ""company"", ""1"": ""Block/Mine"", ""2"": ""CIL/N"", ""3"": ""state"", ""4"": ""Type"", ""5"": ""Amount of Royalty Paid"", ""6"": ""Amount of DMF Paid"", ""7"": ""Amount of NMET Paid"", ""8"": ""Dividend"", ""9"": ""IGST"", ""10"": ""Corporate Income Tax"", ""11"": ""Cess On Coal Paid*"", ""12"": ""Central GST Paid"", ""13"": ""State GST Paid"", ""14"": ""Entry Tax Paid on Coal"", ""15"": ""Total Amount Paid"", ""16"": null, ""17"": null, ""18"": null, ""19"": null, ""21"": null, ""22"": null, ""23"": null, ""24"": null, ""25"": null, ""26"": null, ""27"": null}",2,tab1a23-24-final,coal-statistics-download-excel-7,coal_statistics,Download Excel,https://coal.gov.in/sites/default/files/2024-03/cdchap6.xlsx
source_reference,"{""0"": ""ECL"", ""1"": ""CIL"", ""2"": ""CIL"", ""3"": ""JKD"", ""4"": ""C"", ""5"": 388.75, ""6"": 131.42, ""7"": 7.96, ""8"": 0, ""9"": 0.29, ""10"": 75.78, ""11"": 584.93, ""12"": 49.75, ""13"": 49.75, ""14"": 0, ""15"": 1288.6299999999999, ""16"": null, ""17"": null, ""18"": null, ""19"": null, ""21"": null, ""22"": null, ""23"": null, ""24"": null, ""25"": null, ""26"": null, ""27"": null}",3,tab1a23-24-final,coal-statistics-download-excel-7,coal_statistics,Download Excel,https://coal.gov.in/sites/default/files/2024-03/cdchap6.xlsx
source_reference,"{""0"": ""ECL"", ""1"": ""CIL"", ""2"": ""CIL"", ""3"": ""WB"", ""4"": ""C"", ""5"": 16.45, ""6"": 4.92, ""7"": 0.33, ""8"": 0, ""9"": 82.9, ""10"": 0, ""11"": 2860.28, ""12"": 7.86, ""13"": 7.86, ""14"": 0, ""15"": 2980.6000000000004, ""16"": null, ""17"": null, ""18"": null, ""19"": null, ""21"": null, ""22"": null, ""23"": null, ""24"": null, ""25"": null, ""26"": null, ""27"": null}",4,tab1a23-24-final,coal-statistics-download-excel-7,coal_statistics,Download Excel,https://coal.gov.in/sites/default/files/2024-03/cdchap6.xlsx
source_reference,"{""0"": ""BCCL"", ""1"": ""CIL"", ""2"": ""CIL"", ""3"": ""JKD"", ""4"": ""C"", ""5"": 1807.66, ""6"": 539.52, ""7"": 36.39, ""8"": 0, ""9"": 3.63, ""10"": 0, ""11"": 1571.64, ""12"": 227.15, ""13"": 230.15, ""14"": 0, ""15"": 4416.139999999999, ""16"": null, ""17"": null, ""18"": null, ""19"": null, ""21"": null, ""22"": null, ""23"": null, ""24"": null, ""25"": null, ""26"": null, ""27"": null}",5,tab1a23-24-final,coal-statistics-download-excel-7,coal_statistics,Download Excel,https://coal.gov.in/sites/default/files/2024-03/cdchap6.xlsx
source_reference,"{""0"": ""BCCL"", ""1"": ""CIL"", ""2"": ""CIL"", ""3"": ""WB"", ""4"": ""C"", ""5"": 0, ""6"": 0, ""7"": 0, ""8"": 0, ""9"": 0.03, ""10"": 0, ""11"": 1.95, ""12"": 0.04, ""13"": 0.04, ""14"": 0, ""15"": 2.06, ""16"": null, ""17"": null, ""18"": null, ""19"": null, ""21"": null, ""22"": null, ""23"": null, ""24"": null, ""25"": null, ""26"": null, ""27"": null}",6,tab1a23-24-final,coal-statistics-download-excel-7,coal_statistics,Download Excel,https://coal.gov.in/sites/default/files/2024-03/cdchap6.xlsx
source_reference,"{""0"": ""CCL"", ""1"": ""CIL"", ""2"": ""CIL"", ""3"": ""JKD"", ""4"": ""C"", ""5"": 2120.2213269, ""6"": 637.1798427, ""7"": 45.2408111, ""8"": 1023.66, ""9"": 0.0329975, ""10"": 1358.81, ""11"": 3319.0165415, ""12"": 315.3746432, ""13"": 315.3746433, ""14"": 0, ""15"": 9134.9108062, ""16"": null, ""17"": null, ""18"": null, ""19"": null, ""21"": null, ""22"": null, ""23"": null, ""24"": null, ""25"": null, ""26"": null, ""27"": null}",7,tab1a23-24-final,coal-statistics-download-excel-7,coal_statistics,Download Excel,https://coal.gov.in/sites/default/files/2024-03/cdchap6.xlsx
source_reference,"{""0"": ""NCL"", ""1"": ""CIL"", ""2"": ""CIL"", ""3"": ""MP"", ""4"": ""C"", ""5"": 2354.04, ""6"": 706.29, ""7"": 47.09, ""8"": 4195.75, ""9"": 0.47, ""10"": 2786.3, ""11"": 4668.37, ""12"": 277.03, ""13"": 277.03, ""14"": 0, ""15"": 15312.370000000003, ""16"": null, ""17"": null, ""18"": null, ""19"": null, ""21"": null, ""22"": null, ""23"": null, ""24"": null, ""25"": null, ""26"": null, ""27"": null}",8,tab1a23-24-final,coal-statistics-download-excel-7,coal_statistics,Download Excel,https://coal.gov.in/sites/default/files/2024-03/cdchap6.xlsx
source_reference,"{""0"": ""NCL"", ""1"": ""CIL"", ""2"": ""CIL"", ""3"": ""UP"", ""4"": ""C"", ""5"": 606.12, ""6"": 180.34, ""7"": 12.49, ""8"": 0, ""9"": 4.54, ""10"": 0, ""11"": 850.17, ""12"": 76.73, ""13"": 76.73, ""14"": 0, ""15"": 1807.12, ""16"": null, ""17"": null, ""18"": null, ""19"": null, ""21"": null, ""22"": null, ""23"": null, ""24"": null, ""25"": null, ""26"": null, ""27"": null}",9,tab1a23-24-final,coal-statistics-download-excel-7,coal_statistics,Download Excel,https://coal.gov.in/sites/default/files/2024-03/cdchap6.xlsx
source_reference,"{""0"": ""WCL"", ""1"": ""CIL"", ""2"": ""CIL"", ""3"": ""MP"", ""4"": ""C"", ""5"": 93.7705445, ""6"": 28.1312712, ""7"": 1.8754171, ""8"": 0, ""9"": 0.2196022, ""10"": 0, ""11"": 98.0609976, ""12"": 14.3117583, ""13"": 14.3117583, ""14"": 0, ""15"": 250.6813492, ""16"": ""Transit Fee"", ""17"": 13.9737115, ""18"": null, ""19"": ""MPGATSVA"", ""21"": 34.5646086, ""22"": null, ""23"": null, ""24"": null, ""25"": null, ""26"": null, ""27"": null}",10,tab1a23-24-final,coal-statistics-download-excel-7,coal_statistics,Download Excel,https://coal.gov.in/sites/default/files/2024-03/cdchap6.xlsx
source_reference,"{""0"": ""WCL"", ""1"": ""CIL"", ""2"": ""CIL"", ""3"": ""MAH"", ""4"": ""C"", ""5"": 2261.683537, ""6"": 661.7987275, ""7"": 44.120307, ""8"": 0, ""9"": 1.888899, ""10"": 0, ""11"": 2715.0291608, ""12"": 246.5621298, ""13"": 246.5621298, ""14"": 0, ""15"": 6177.644890899999, ""16"": null, ""17"": null, ""18"": null, ""19"": null, ""21"": null, ""22"": null, ""23"": null, ""24"": null, ""25"": null, ""26"": null, ""27"": null}",11,tab1a23-24-final,coal-statistics-download-excel-7,coal_statistics,Download Excel,https://coal.gov.in/sites/default/files/2024-03/cdchap6.xlsx
source_reference,"{""0"": ""SECL"", ""1"": ""CIL"", ""2"": ""CIL"", ""3"": ""MP"", ""4"": ""C"", ""5"": 404.79188775700004, ""6"": 119.20202569000001, ""7"": 8.620181062999999, ""8"": 0, ""9"": null, ""10"": 0, ""11"": 463.33372, ""12"": 53.849820678, ""13"": 53.849820678, ""14"": 0, ""15"": 1103.6474558660002, ""16"": null, ""17"": null, ""18"": null, ""19"": null, ""21"": null, ""22"": null, ""23"": null, ""24"": null, ""25"": null, ""26"": null, ""27"": null}",12,tab1a23-24-final,coal-statistics-download-excel-7,coal_statistics,Download Excel,https://coal.gov.in/sites/default/files/2024-03/cdchap6.xlsx
source_reference,"{""0"": ""SECL"", ""1"": ""CIL"", ""2"": ""CIL"", ""3"": ""CHG"", ""4"": ""C"", ""5"": 2843.837521012, ""6"": 874.245122615, ""7"": 60.45939074300001, ""8"": 0, ""9"": null, ""10"": 2428.2459, ""11"": 6708.6699376, ""12"": 386.915358039, ""13"": 386.915358039, ""14"": 0, ""15"": 13689.288588047999, ""16"": null, ""17"": null, ""18"": null, ""19"": null, ""21"": null, ""22"": null, ""23"": null, ""24"": null, ""25"": null, ""26"": null, ""27"": null}",13,tab1a23-24-final,coal-statistics-download-excel-7,coal_statistics,Download Excel,https://coal.gov.in/sites/default/files/2024-03/cdchap6.xlsx
source_reference,"{""0"": ""SECL"", ""1"": ""CIL"", ""2"": ""CIL"", ""3"": ""WB"", ""4"": ""C"", ""5"": 0, ""6"": 0, ""7"": 0, ""8"": 0, ""9"": 0, ""10"": 0, ""11"": 0, ""12"": 0, ""13"": 0, ""14"": 0, ""15"": 0, ""16"": null, ""17"": null, ""18"": null, ""19"": null, ""21"": null, ""22"": null, ""23"": null, ""24"": null, ""25"": null, ""26"": null, ""27"": null}",14,tab1a23-24-final,coal-statistics-download-excel-7,coal_statistics,Download Excel,https://coal.gov.in/sites/default/files/2024-03/cdchap6.xlsx
source_reference,"{""0"": ""SECL(GP 2&3)"", ""1"": ""Gare Palma 2&3"", ""2"": ""CIL"", ""3"": ""CHG"", ""4"": ""C"", ""5"": 0, ""6"": 0, ""7"": 0, ""8"": 0, ""9"": 0, ""10"": 0, ""11"": 0, ""12"": 0, ""13"": 0, ""14"": 0, ""15"": 0, ""16"": null, ""17"": null, ""18"": null, ""19"": null, ""21"": null, ""22"": null, ""23"": null, ""24"": null, ""25"": null, ""26"": null, ""27"": null}",15,tab1a23-24-final,coal-statistics-download-excel-7,coal_statistics,Download Excel,https://coal.gov.in/sites/default/files/2024-03/cdchap6.xlsx
source_reference,"{""0"": ""MCL"", ""1"": ""CIL"", ""2"": ""CIL"", ""3"": ""ODI"", ""4"": ""C"", ""5"": 3183.5334795, ""6"": 929.7435882, ""7"": 61.929151922, ""8"": 9000, ""9"": 0, ""10"": 4350, ""11"": 7879.4976316, ""12"": 378.0011409, ""13"": 378.0011409, ""14"": 0, ""15"": 26160.706133022, ""16"": null, ""17"": null, ""18"": null, ""19"": null, ""21"": null, ""22"": null, ""23"": null, ""24"": null, ""25"": null, ""26"": null, ""27"": null}",16,tab1a23-24-final,coal-statistics-download-excel-7,coal_statistics,Download Excel,https://coal.gov.in/sites/default/files/2024-03/cdchap6.xlsx
source_reference,"{""0"": ""NEC"", ""1"": ""CIL"", ""2"": ""CIL"", ""3"": ""ASM"", ""4"": ""C"", ""5"": 16.838378, ""6"": 5.051513528, ""7"": 0.3367676, ""8"": 0, ""9"": 5.9486597, ""10"": 0, ""11"": 6.7050844, ""12"": 4.0148478, ""13"": 4.0148478, ""14"": 0, ""15"": 42.910098827999995, ""16"": null, ""17"": null, ""18"": null, ""19"": null, ""21"": null, ""22"": null, ""23"": null, ""24"": null, ""25"": null, ""26"": null, ""27"": null}",17,tab1a23-24-final,coal-statistics-download-excel-7,coal_statistics,Download Excel,https://coal.gov.in/sites/default/files/2024-03/cdchap6.xlsx
source_reference,"{""0"": ""SCCL"", ""1"": ""SCCL"", ""2"": ""Non-CIL"", ""3"": ""TLNG"", ""4"": ""C"", ""5"": 2900, ""6"": 702, ""7"": 20, ""8"": 173, ""9"": null, ""10"": 0, ""11"": 0, ""12"": 279, ""13"": 279, ""14"": 0, ""15"": 4353, ""16"": null, ""17"": null, ""18"": null, ""19"": null, ""21"": null, ""22"": null, ""23"": null, ""24"": null, ""25"": null, ""26"": null, ""27"": null}",18,tab1a23-24-final,coal-statistics-download-excel-7,coal_statistics,Download Excel,https://coal.gov.in/sites/default/files/2024-03/cdchap6.xlsx
source_reference,"{""0"": ""SCCL"", ""1"": ""SCCL"", ""2"": ""Non-CIL"", ""3"": ""ODI"", ""4"": ""C"", ""5"": null, ""6"": null, ""7"": null, ""8"": 0, ""9"": null, ""10"": null, ""11"": null, ""12"": null, ""13"": 0, ""14"": null, ""15"": 0, ""16"": null, ""17"": null, ""18"": null, ""19"": null, ""21"": null, ""22"": null, ""23"": null, ""24"": null, ""25"": null, ""26"": null, ""27"": null}",19,tab1a23-24-final,coal-statistics-download-excel-7,coal_statistics,Download Excel,https://coal.gov.in/sites/default/files/2024-03/cdchap6.xlsx
source_reference,"{""0"": ""JKML"", ""1"": ""Moghla & Metka"", ""2"": ""Non-CIL"", ""3"": ""J&K"", ""4"": ""C"", ""5"": 0, ""6"": 0, ""7"": 0, ""8"": 0, ""9"": null, ""10"": 0, ""11"": 0, ""12"": 0, ""13"": 0, ""14"": 0, ""15"": 0, ""16"": null, ""17"": null, ""18"": null, ""19"": null, ""21"": null, ""22"": null, ""23"": null, ""24"": null, ""25"": null, ""26"": null, ""27"": null}",20,tab1a23-24-final,coal-statistics-download-excel-7,coal_statistics,Download Excel,https://coal.gov.in/sites/default/files/2024-03/cdchap6.xlsx
source_reference,"{""0"": ""DVC_B"", ""1"": ""Bermo"", ""2"": ""Non-CIL"", ""3"": ""JKD"", ""4"": ""C"", ""5"": 0, ""6"": 0, ""7"": 0, ""8"": null, ""9"": null, ""10"": 0, ""11"": 0, ""12"": 0, ""13"": 0, ""14"": 0, ""15"": 0, ""16"": null, ""17"": null, ""18"": null, ""19"": null, ""21"": null, ""22"": null, ""23"": null, ""24"": null, ""25"": null, ""26"": null, ""27"": null}",21,tab1a23-24-final,coal-statistics-download-excel-7,coal_statistics,Download Excel,https://coal.gov.in/sites/default/files/2024-03/cdchap6.xlsx
source_reference,"{""0"": ""DVC_T"", ""1"": ""Tubed"", ""2"": ""Non-CIL"", ""3"": ""JKD"", ""4"": ""C"", ""5"": 17.4630974, ""6"": 4.98884442, ""7"": 0.349261948, ""8"": 0, ""9"": 0, ""10"": 0, ""11"": 34.462884, ""12"": 2.088190671, ""13"": 2.088190671, ""14"": 0, ""15"": 61.440469109999995, ""16"": null, ""17"": null, ""18"": null, ""19"": null, ""21"": null, ""22"": null, ""23"": null, ""24"": null, ""25"": null, ""26"": null, ""27"": null}",22,tab1a23-24-final,coal-statistics-download-excel-7,coal_statistics,Download Excel,https://coal.gov.in/sites/default/files/2024-03/cdchap6.xlsx
source_reference,"{""0"": ""IISCOC"", ""1"": ""Chasnala"", ""2"": ""Non-CIL"", ""3"": ""JKD"", ""4"": ""C"", ""5"": 4.892801, ""6"": 1.4678403, ""7"": 0.097856, ""8"": 0, ""9"": 0, ""10"": 0, ""11"": 0, ""12"": 0.5812648, ""13"": 0.5812648, ""14"": 0, ""15"": 7.6210269, ""16"": null, ""17"": null, ""18"": null, ""19"": null, ""21"": null, ""22"": null, ""23"": null, ""24"": null, ""25"": null, ""26"": null, ""27"": null}",23,tab1a23-24-final,coal-statistics-download-excel-7,coal_statistics,Download Excel,https://coal.gov.in/sites/default/files/2024-03/cdchap6.xlsx
source_reference,"{""0"": ""IISCOJ"", ""1"": ""Jitpur"", ""2"": ""Non-CIL"", ""3"": ""JKD"", ""4"": ""C"", ""5"": 1.3416835, ""6"": 0.402505, ""7"": 0.0268337, ""8"": 0, ""9"": null, ""10"": 0, ""11"": 0, ""12"": 0, ""13"": 0.159392, ""14"": 0, ""15"": 1.9304142, ""16"": null, ""17"": null, ""18"": null, ""19"": null, ""21"": null, ""22"": null, ""23"": null, ""24"": null, ""25"": null, ""26"": null, ""27"": null}",24,tab1a23-24-final,coal-statistics-download-excel-7,coal_statistics,Download Excel,https://coal.gov.in/sites/default/files/2024-03/cdchap6.xlsx
source_reference,"{""0"": ""IISCOR"", ""1"": ""Ramnagar"", ""2"": ""Non-CIL"", ""3"": ""WB"", ""4"": ""C"", ""5"": 0.0180616, ""6"": 0.0054186, ""7"": 0.0003614, ""8"": 0, ""9"": 1.6854496, ""10"": 0, ""11"": 2.7801418, ""12"": 0.1595697, ""13"": 0.1595697, ""14"": 0, ""15"": 4.808572399999999, ""16"": null, ""17"": null, ""18"": null, ""19"": null, ""21"": null, ""22"": null, ""23"": null, ""24"": null, ""25"": null, ""26"": null, ""27"": null}",25,tab1a23-24-final,coal-statistics-download-excel-7,coal_statistics,Download Excel,https://coal.gov.in/sites/default/files/2024-03/cdchap6.xlsx
source_reference,"{""0"": ""SAIL"", ""1"": ""Tasra"", ""2"": ""Non-CIL"", ""3"": ""JKD"", ""4"": ""C"", ""5"": 12.4967048, ""6"": 3.7490114409999995, ""7"": 0.249934096, ""8"": 0, ""9"": 0, ""10"": 0, ""11"": 0, ""12"": 1.124703432, ""13"": 1.124703432, ""14"": 2.2494069, ""15"": 20.994464101000002, ""16"": null, ""17"": null, ""18"": null, ""19"": null, ""21"": null, ""22"": null, ""23"": null, ""24"": null, ""25"": null, ""26"": null, ""27"": null}",26,tab1a23-24-final,coal-statistics-download-excel-7,coal_statistics,Download Excel,https://coal.gov.in/sites/default/files/2024-03/cdchap6.xlsx
source_reference,"{""0"": ""JSMDCL"", ""1"": ""Shikni OC"", ""2"": ""Non-CIL"", ""3"": ""JKD"", ""4"": ""C"", ""5"": 8.571880653000001, ""6"": 2.5715648420000004, ""7"": 0.171437721, ""8"": 0, ""9"": 0.738425874, ""10"": 0, ""11"": 13.504484, ""12"": 1.62835068, ""13"": 1.62835068, ""14"": 0, ""15"": 28.814494450000005, ""16"": null, ""17"": null, ""18"": null, ""19"": null, ""21"": null, ""22"": null, ""23"": null, ""24"": null, ""25"": null, ""26"": null, ""27"": null}",27,tab1a23-24-final,coal-statistics-download-excel-7,coal_statistics,Download Excel,https://coal.gov.in/sites/default/files/2024-03/cdchap6.xlsx
source_reference,"{""0"": ""RRVUNL"", ""1"": ""Parsa E & Kanta Basan"", ""2"": ""Non-CIL"", ""3"": ""CHG"", ""4"": ""C"", ""5"": 83.49345178, ""6"": 8.349345178, ""7"": 1.669869036, ""8"": 0, ""9"": 0, ""10"": 0, ""11"": 268.034884, ""12"": 0, ""13"": 0, ""14"": 0, ""15"": 361.54754999399995, ""16"": null, ""17"": null, ""18"": null, ""19"": null, ""21"": null, ""22"": null, ""23"": null, ""24"": null, ""25"": null, ""26"": null, ""27"": null}",28,tab1a23-24-final,coal-statistics-download-excel-7,coal_statistics,Download Excel,https://coal.gov.in/sites/default/files/2024-03/cdchap6.xlsx
source_reference,"{""0"": ""NTPC_PB"", ""1"": ""Pakri Barwadih"", ""2"": ""Non-CIL"", ""3"": ""JKD"", ""4"": ""C"", ""5"": 317.437512, ""6"": 95.2312536, ""7"": 6.3487502, ""8"": 0, ""9"": 9.1620071, ""10"": 36.8509639, ""11"": 681.8409172, ""12"": 49.1420366, ""13"": 49.1420366, ""14"": 0, ""15"": 1245.1554772, ""16"": null, ""17"": null, ""18"": null, ""19"": null, ""21"": null, ""22"": null, ""23"": null, ""24"": null, ""25"": null, ""26"": null, ""27"": null}",29,tab1a23-24-final,coal-statistics-download-excel-7,coal_statistics,Download Excel,https://coal.gov.in/sites/default/files/2024-03/cdchap6.xlsx
source_reference,"{""0"": ""NTPC_DG"", ""1"": ""Dulanga"", ""2"": ""Non-CIL"", ""3"": ""ODI"", ""4"": ""C"", ""5"": 74.284, ""6"": 7.4284, ""7"": 1.48568, ""8"": 0, ""9"": 0, ""10"": 4.8737242, ""11"": 0, ""12"": 15.6470778, ""13"": 15.6470778, ""14"": 0, ""15"": 119.36595980000001, ""16"": null, ""17"": null, ""18"": null, ""19"": null, ""21"": null, ""22"": null, ""23"": null, ""24"": null, ""25"": null, ""26"": null, ""27"": null}",30,tab1a23-24-final,coal-statistics-download-excel-7,coal_statistics,Download Excel,https://coal.gov.in/sites/default/files/2024-03/cdchap6.xlsx
source_reference,"{""0"": ""NTPC_CB"", ""1"": ""Chatti Bariatu"", ""2"": ""Non-CIL"", ""3"": ""JKD"", ""4"": ""C"", ""5"": 47.7666, ""6"": 15.34323, ""7"": 0.955332, ""8"": 0, ""9"": 0.250238, ""10"": 5.4792252, ""11"": 113.387672, ""12"": 12.3214833, ""13"": 12.3214833, ""14"": 0, ""15"": 207.82526380000002, ""16"": null, ""17"": null, ""18"": null, ""19"": null, ""21"": null, ""22"": null, ""23"": null, ""24"": null, ""25"": null, ""26"": null, ""27"": null}",31,tab1a23-24-final,coal-statistics-download-excel-7,coal_statistics,Download Excel,https://coal.gov.in/sites/default/files/2024-03/cdchap6.xlsx
source_reference,"{""0"": ""NTPC_KD"", ""1"": ""Kerandari"", ""2"": ""Non-CIL"", ""3"": ""JKD"", ""4"": ""C"", ""5"": 0.541593472, ""6"": 0.162478042, ""7"": 0.010831869000000001, ""8"": 0, ""9"": 0, ""10"": 0, ""11"": 1.72702, ""12"": 0.172994282, ""13"": 0.172994282, ""14"": 0, ""15"": 2.7879119469999996, ""16"": null, ""17"": null, ""18"": null, ""19"": null, ""21"": null, ""22"": null, ""23"": null, ""24"": null, ""25"": null, ""26"": null, ""27"": null}",32,tab1a23-24-final,coal-statistics-download-excel-7,coal_statistics,Download Excel,https://coal.gov.in/sites/default/files/2024-03/cdchap6.xlsx
source_reference,"{""0"": ""NTPC_TP"", ""1"": ""Tallipalli"", ""2"": ""Non-CIL"", ""3"": ""CHG"", ""4"": ""C"", ""5"": 81.24788472899999, ""6"": 8.124788473, ""7"": 1.624957695, ""8"": 0, ""9"": null, ""10"": 0, ""11"": 32.0048396, ""12"": 2.60178253, ""13"": 2.60178253, ""14"": 0, ""15"": 128.20603555699998, ""16"": null, ""17"": null, ""18"": null, ""19"": null, ""21"": null, ""22"": null, ""23"": null, ""24"": null, ""25"": null, ""26"": null, ""27"": null}",33,tab1a23-24-final,coal-statistics-download-excel-7,coal_statistics,Download Excel,https://coal.gov.in/sites/default/files/2024-03/cdchap6.xlsx
source_reference,"{""0"": ""WBPDCL_B"", ""1"": ""Barjora"", ""2"": ""Non-CIL"", ""3"": ""WB"", ""4"": ""C"", ""5"": 0.1613913, ""6"": 0.0605792, ""7"": 0.0055011, ""8"": 0, ""9"": 2.7083991, ""10"": 0, ""11"": 0.1101438, ""12"": 25.4349727, ""13"": 25.4349727, ""14"": 0, ""15"": 53.9159599, ""16"": null, ""17"": null, ""18"": null, ""19"": null, ""21"": null, ""22"": null, ""23"": null, ""24"": null, ""25"": null, ""26"": null, ""27"": null}",34,tab1a23-24-final,coal-statistics-download-excel-7,coal_statistics,Download Excel,https://coal.gov.in/sites/default/files/2024-03/cdchap6.xlsx
source_reference,"{""0"": ""WBPDCL_BN"", ""1"": ""Barjora North"", ""2"": ""Non-CIL"", ""3"": ""WB"", ""4"": ""C"", ""5"": 0.3142225, ""6"": 0.0314224, ""7"": 0.0062845, ""8"": 0, ""9"": null, ""10"": 0, ""11"": 0.1256896, ""12"": 0, ""13"": 2.2726826, ""14"": 0, ""15"": 2.7503016000000002, ""16"": null, ""17"": null, ""18"": null, ""19"": null, ""21"": null, ""22"": null, ""23"": null, ""24"": null, ""25"": null, ""26"": null, ""27"": null}",35,tab1a23-24-final,coal-statistics-download-excel-7,coal_statistics,Download Excel,https://coal.gov.in/sites/default/files/2024-03/cdchap6.xlsx
source_reference,"{""0"": ""WBPDCL_PN"", ""1"": ""Pachhwara North"", ""2"": ""Non-CIL"", ""3"": ""JKD"", ""4"": ""C"", ""5"": 298.6695793, ""6"": 89.6008738, ""7"": 5.9733915, ""8"": 0, ""9"": 128.694938874, ""10"": 84.398142, ""11"": 503.77726, ""12"": 50.218460252, ""13"": 50.218460252, ""14"": 0, ""15"": 1211.5511059780001, ""16"": null, ""17"": 1674681397, ""18"": null, ""19"": null, ""21"": null, ""22"": null, ""23"": 1844556, ""24"": 7123716, ""25"": null, ""26"": null, ""27"": null}",36,tab1a23-24-final,coal-statistics-download-excel-7,coal_statistics,Download Excel,https://coal.gov.in/sites/default/files/2024-03/cdchap6.xlsx
source_reference,"{""0"": ""WBPDCL_GB"", ""1"": ""Gangaramchak Bhadulia"", ""2"": ""Non-CIL"", ""3"": ""WB"", ""4"": ""C"", ""5"": 0.709766, ""6"": 0.140693, ""7"": 0, ""8"": 0, ""9"": null, ""10"": 0, ""11"": 54.0657468, ""12"": 0, ""13"": 0, ""14"": 0, ""15"": 54.9162058, ""16"": null, ""17"": null, ""18"": null, ""19"": null, ""21"": null, ""22"": null, ""23"": 1143368, ""24"": null, ""25"": null, ""26"": null, ""27"": null}",37,tab1a23-24-final,coal-statistics-download-excel-7,coal_statistics,Download Excel,https://coal.gov.in/sites/default/files/2024-03/cdchap6.xlsx
source_reference,"{""0"": ""WBPDCL_T"", ""1"": ""Tara (East & West)"", ""2"": ""Non-CIL"", ""3"": ""WB"", ""4"": ""C"", ""5"": 0.0261853, ""6"": 0.0026185, ""7"": 0.0004584, ""8"": 0, ""9"": null, ""10"": 0, ""11"": 0.104742, ""12"": 0, ""13"": 0, ""14"": 0, ""15"": 0.13400420000000002, ""16"": null, ""17"": null, ""18"": null, ""19"": null, ""21"": null, ""22"": null, ""23"": 1143368, ""24"": null, ""25"": null, ""26"": null, ""27"": null}",38,tab1a23-24-final,coal-statistics-download-excel-7,coal_statistics,Download Excel,https://coal.gov.in/sites/default/files/2024-03/cdchap6.xlsx
source_reference,"{""0"": ""CSPGCL"", ""1"": ""GP/S-III"", ""2"": ""Non-CIL"", ""3"": ""CHG"", ""4"": ""C"", ""5"": 26.3928, ""6"": 2.63928, ""7"": 0.527856, ""8"": 0, ""9"": 0, ""10"": 0, ""11"": 6.8625, ""12"": 2.66039424, ""13"": 2.66039424, ""14"": 0, ""15"": 41.74322448, ""16"": null, ""17"": null, ""18"": null, ""19"": null, ""21"": null, ""22"": null, ""23"": null, ""24"": null, ""25"": null, ""26"": null, ""27"": null}",39,tab1a23-24-final,coal-statistics-download-excel-7,coal_statistics,Download Excel,https://coal.gov.in/sites/default/files/2024-03/cdchap6.xlsx
source_reference,"{""0"": ""TGGENCO"", ""1"": ""Tadicherla"", ""2"": ""Non-CIL"", ""3"": ""TLNG"", ""4"": ""C"", ""5"": 4.2339354, ""6"": 0, ""7"": 0, ""8"": 0, ""9"": null, ""10"": 0, ""11"": 0, ""12"": 0, ""13"": 0.3810542, ""14"": 0, ""15"": 4.6149896, ""16"": null, ""17"": null, ""18"": null, ""19"": null, ""21"": null, ""22"": null, ""23"": null, ""24"": null, ""25"": null, ""26"": null, ""27"": null}",40,tab1a23-24-final,coal-statistics-download-excel-7,coal_statistics,Download Excel,https://coal.gov.in/sites/default/files/2024-03/cdchap6.xlsx
source_reference,"{""0"": ""OCPL"", ""1"": ""Manoharpur"", ""2"": ""Non-CIL"", ""3"": ""ODI"", ""4"": ""C"", ""5"": 169.1051953, ""6"": 13.24926659, ""7"": 2.649854397, ""8"": 0, ""9"": 1.344155164, ""10"": 68.3, ""11"": 331.3941922, ""12"": 75.70783323, ""13"": 75.70783323, ""14"": 0, ""15"": 737.458330111, ""16"": null, ""17"": null, ""18"": null, ""19"": null, ""21"": null, ""22"": null, ""23"": null, ""24"": null, ""25"": null, ""26"": null, ""27"": null}",41,tab1a23-24-final,coal-statistics-download-excel-7,coal_statistics,Download Excel,https://coal.gov.in/sites/default/files/2024-03/cdchap6.xlsx
source_reference,"{""0"": ""DPL"", ""1"": ""Trans Damodar"", ""2"": ""Non-CIL"", ""3"": ""WB"", ""4"": ""C"", ""5"": 0.2688722, ""6"": 0.0268873, ""7"": 0.00446, ""8"": null, ""9"": null, ""10"": null, ""11"": 0.0694248, ""12"": 10.682461, ""13"": 10.682461, ""14"": null, ""15"": 21.7345663, ""16"": null, ""17"": null, ""18"": null, ""19"": null, ""21"": null, ""22"": null, ""23"": null, ""24"": null, ""25"": null, ""26"": null, ""27"": null}",42,tab1a23-24-final,coal-statistics-download-excel-7,coal_statistics,Download Excel,https://coal.gov.in/sites/default/files/2024-03/cdchap6.xlsx
source_reference,"{""0"": ""NLCL_II&III"", ""1"": ""Talabira II & III"", ""2"": ""Non-CIL"", ""3"": ""ODI"", ""4"": ""C"", ""5"": 376.890007432, ""6"": 52.57454371, ""7"": 3.5049695689999996, ""8"": 0, ""9"": 53.950227, ""10"": 0, ""11"": 456.743355304, ""12"": 75.417267591, ""13"": 75.417267591, ""14"": 0, ""15"": 1094.497638197, ""16"": null, ""17"": null, ""18"": null, ""19"": null, ""21"": null, ""22"": null, ""23"": null, ""24"": null, ""25"": null, ""26"": null, ""27"": null}",43,tab1a23-24-final,coal-statistics-download-excel-7,coal_statistics,Download Excel,https://coal.gov.in/sites/default/files/2024-03/cdchap6.xlsx
source_reference,"{""0"": ""TSLJH"", ""1"": ""Jharia"", ""2"": ""Non-CIL"", ""3"": ""JKD"", ""4"": ""C"", ""5"": 29.9523903, ""6"": 8.8474799, ""7"": 0.5898322, ""8"": 0, ""9"": 0, ""10"": 0, ""11"": 0, ""12"": 3.5450734, ""13"": 3.5450734, ""14"": 0, ""15"": 46.479849200000004, ""16"": null, ""17"": null, ""18"": null, ""19"": null, ""21"": null, ""22"": null, ""23"": null, ""24"": null, ""25"": null, ""26"": null, ""27"": null}",44,tab1a23-24-final,coal-statistics-download-excel-7,coal_statistics,Download Excel,https://coal.gov.in/sites/default/files/2024-03/cdchap6.xlsx
source_reference,"{""0"": ""TSLWB"", ""1"": ""West Bokaro"", ""2"": ""Non-CIL"", ""3"": ""JKD"", ""4"": ""C"", ""5"": 232.7432245, ""6"": 69.4267874, ""7"": 4.6284525, ""8"": 0, ""9"": null, ""10"": 4.6548644, ""11"": 151.32345032, ""12"": 357.0259902, ""13"": 357.0259902, ""14"": 0, ""15"": 1176.82875952, ""16"": ""Additional Amount"", ""17"": 50.2275258, ""18"": null, ""19"": null, ""21"": null, ""22"": null, ""23"": null, ""24"": null, ""25"": null, ""26"": null, ""27"": null}",45,tab1a23-24-final,coal-statistics-download-excel-7,coal_statistics,Download Excel,https://coal.gov.in/sites/default/files/2024-03/cdchap6.xlsx
source_reference,"{""0"": ""CESC"", ""1"": ""Sarshatali"", ""2"": ""Non-CIL"", ""3"": ""WB"", ""4"": ""C"", ""5"": 0.4122722, ""6"": 0.0393896, ""7"": 0.0082455, ""8"": 0, ""9"": 0, ""10"": 0, ""11"": 34.6728115, ""12"": 17.0125532, ""13"": 17.0125532, ""14"": 0, ""15"": 69.15782519999999, ""16"": null, ""17"": null, ""18"": null, ""19"": null, ""21"": null, ""22"": null, ""23"": null, ""24"": null, ""25"": null, ""26"": null, ""27"": null}",46,tab1a23-24-final,coal-statistics-download-excel-7,coal_statistics,Download Excel,https://coal.gov.in/sites/default/files/2024-03/cdchap6.xlsx
source_reference,"{""0"": ""HIL_GP_IV/4"", ""1"": ""Gare Palma IV/4"", ""2"": ""Non-CIL"", ""3"": ""CHG"", ""4"": ""C"", ""5"": 12.084345, ""6"": 1.2084345, ""7"": 0.2416869, ""8"": 0, ""9"": 0.005854264999999999, ""10"": 0, ""11"": 0, ""12"": 17.425769488, ""13"": 17.425769488, ""14"": 0, ""15"": 48.391859641, ""16"": null, ""17"": null, ""18"": null, ""19"": null, ""21"": null, ""22"": null, ""23"": null, ""24"": null, ""25"": null, ""26"": null, ""27"": null}",47,tab1a23-24-final,coal-statistics-download-excel-7,coal_statistics,Download Excel,https://coal.gov.in/sites/default/files/2024-03/cdchap6.xlsx
source_reference,"{""0"": ""HIL_GP_IV/5"", ""1"": ""Gare Palma IV/5"", ""2"": ""Non-CIL"", ""3"": ""CHG"", ""4"": ""C"", ""5"": 0, ""6"": 0, ""7"": 0, ""8"": 0, ""9"": 0, ""10"": 0, ""11"": 0, ""12"": 0, ""13"": 0, ""14"": 0, ""15"": 0, ""16"": null, ""17"": null, ""18"": null, ""19"": null, ""21"": null, ""22"": null, ""23"": null, ""24"": null, ""25"": null, ""26"": null, ""27"": null}",48,tab1a23-24-final,coal-statistics-download-excel-7,coal_statistics,Download Excel,https://coal.gov.in/sites/default/files/2024-03/cdchap6.xlsx
source_reference,"{""0"": ""HIL_KOC"", ""1"": ""Kathautia"", ""2"": ""Non-CIL"", ""3"": ""JKD"", ""4"": ""C"", ""5"": 7.0190606, ""6"": 0.7019061, ""7"": 0.1403813, ""8"": 0, ""9"": null, ""10"": 0, ""11"": 7.540732, ""12"": 0.7075213, ""13"": 0.7075213, ""14"": 0, ""15"": 16.8171226, ""16"": null, ""17"": null, ""18"": null, ""19"": null, ""21"": null, ""22"": null, ""23"": null, ""24"": null, ""25"": null, ""26"": null, ""27"": null}",49,tab1a23-24-final,coal-statistics-download-excel-7,coal_statistics,Download Excel,https://coal.gov.in/sites/default/files/2024-03/cdchap6.xlsx
source_reference,"{""0"": ""SPL"", ""1"": ""Moher & Moher Amlohri Extn"", ""2"": ""Non-CIL"", ""3"": ""MP"", ""4"": ""C"", ""5"": 130.7776918, ""6"": 21.0892258, ""7"": 3.7687764, ""8"": 0, ""9"": null, ""10"": 0, ""11"": 0, ""12"": 25.4139601, ""13"": 25.4139601, ""14"": 0, ""15"": 206.46361420000002, ""16"": null, ""17"": null, ""18"": null, ""19"": null, ""21"": null, ""22"": null, ""23"": null, ""24"": null, ""25"": null, ""26"": null, ""27"": null}",50,tab1a23-24-final,coal-statistics-download-excel-7,coal_statistics,Download Excel,https://coal.gov.in/sites/default/files/2024-03/cdchap6.xlsx
source_reference,"{""0"": ""BALCO"", ""1"": ""Chotia II"", ""2"": ""Non-CIL"", ""3"": ""CHG"", ""4"": ""C"", ""5"": 12.7241801, ""6"": 1.272418, ""7"": 0.2544836, ""8"": 0, ""9"": null, ""10"": 0, ""11"": 0, ""12"": 25.940838751, ""13"": 25.940838751, ""14"": 0, ""15"": 66.132759202, ""16"": null, ""17"": null, ""18"": null, ""19"": null, ""21"": null, ""22"": null, ""23"": null, ""24"": null, ""25"": null, ""26"": null, ""27"": null}",51,tab1a23-24-final,coal-statistics-download-excel-7,coal_statistics,Download Excel,https://coal.gov.in/sites/default/files/2024-03/cdchap6.xlsx
source_reference,"{""0"": ""SIL"", ""1"": ""Belgaon"", ""2"": ""Non-CIL"", ""3"": ""MAH"", ""4"": ""C"", ""5"": 4.6780987, ""6"": 0.4678099, ""7"": 0.093562, ""8"": 0, ""9"": null, ""10"": 48.46461, ""11"": 0, ""12"": 0.4715524, ""13"": 0.4715524, ""14"": 0, ""15"": 54.6471854, ""16"": null, ""17"": null, ""18"": null, ""19"": null, ""21"": null, ""22"": null, ""23"": null, ""24"": null, ""25"": null, ""26"": null, ""27"": null}",52,tab1a23-24-final,coal-statistics-download-excel-7,coal_statistics,Download Excel,https://coal.gov.in/sites/default/files/2024-03/cdchap6.xlsx
source_reference,"{""0"": ""JPVL"", ""1"": ""Amelia North"", ""2"": ""Non-CIL"", ""3"": ""MP"", ""4"": ""C"", ""5"": 53.2344224, ""6"": 5.3234421, ""7"": 1.0646885, ""8"": 0, ""9"": 0, ""10"": 0, ""11"": 0, ""12"": 5.3660298, ""13"": 5.3660298, ""14"": 0, ""15"": 70.3546126, ""16"": null, ""17"": null, ""18"": null, ""19"": null, ""21"": null, ""22"": null, ""23"": null, ""24"": null, ""25"": null, ""26"": null, ""27"": null}",53,tab1a23-24-final,coal-statistics-download-excel-7,coal_statistics,Download Excel,https://coal.gov.in/sites/default/files/2024-03/cdchap6.xlsx
source_reference,"{""0"": ""RCCPL"", ""1"": ""Sial Ghogri"", ""2"": ""Non-CIL"", ""3"": ""MP"", ""4"": ""C"", ""5"": 12.4025, ""6"": 1.24025, ""7"": 0.24805, ""8"": 0, ""9"": null, ""10"": 0.2624466, ""11"": 0, ""12"": 1.250172, ""13"": 1.250172, ""14"": 0, ""15"": 16.653590599999998, ""16"": null, ""17"": null, ""18"": null, ""19"": null, ""21"": null, ""22"": null, ""23"": null, ""24"": null, ""25"": null, ""26"": null, ""27"": null}",54,tab1a23-24-final,coal-statistics-download-excel-7,coal_statistics,Download Excel,https://coal.gov.in/sites/default/files/2024-03/cdchap6.xlsx
source_reference,"{""0"": ""TUML"", ""1"": ""Marki Mangli I"", ""2"": ""Non-CIL"", ""3"": ""MAH"", ""4"": ""C"", ""5"": 0.49812, ""6"": 0.049812, ""7"": 0.01, ""8"": 0, ""9"": null, ""10"": 0.0099624, ""11"": 0.4537764, ""12"": 0, ""13"": 0.048244066, ""14"": 0, ""15"": 1.0699148660000002, ""16"": null, ""17"": null, ""18"": null, ""19"": null, ""21"": null, ""22"": null, ""23"": null, ""24"": null, ""25"": null, ""26"": null, ""27"": null}",55,tab1a23-24-final,coal-statistics-download-excel-7,coal_statistics,Download Excel,https://coal.gov.in/sites/default/files/2024-03/cdchap6.xlsx
source_reference,"{""0"": ""AMBUJA"", ""1"": ""Gare Palma IV/8"", ""2"": ""Non-CIL"", ""3"": ""CHG"", ""4"": ""C"", ""5"": 17.51865831, ""6"": 1.954183206, ""7"": 0.3908366812, ""8"": 0, ""9"": 3.39413305, ""10"": 0, ""11"": 5.240359585, ""12"": 32.80377145, ""13"": 32.80377145, ""14"": 0, ""15"": 94.1057137322, ""16"": null, ""17"": null, ""18"": null, ""19"": null, ""21"": null, ""22"": null, ""23"": null, ""24"": null, ""25"": null, ""26"": null, ""27"": null}",56,tab1a23-24-final,coal-statistics-download-excel-7,coal_statistics,Download Excel,https://coal.gov.in/sites/default/files/2024-03/cdchap6.xlsx
source_reference,"{""0"": ""GIPCL_VL"", ""1"": ""Valia"", ""2"": ""Lignite"", ""3"": ""GUJ"", ""4"": ""L"", ""5"": 12.8, ""6"": 3.84, ""7"": 0.32, ""8"": null, ""9"": null, ""10"": null, ""11"": null, ""12"": 1.152, ""13"": 1.152, ""14"": 0, ""15"": 19.264000000000003, ""16"": null, ""17"": null, ""18"": null, ""19"": null, ""21"": null, ""22"": null, ""23"": null, ""24"": null, ""25"": null, ""26"": null, ""27"": null}",57,tab1a23-24-final,coal-statistics-download-excel-7,coal_statistics,Download Excel,https://coal.gov.in/sites/default/files/2024-03/cdchap6.xlsx
source_reference,"{""0"": ""GIPCL_VS"", ""1"": ""Vastan"", ""2"": ""Lignite"", ""3"": ""GUJ"", ""4"": ""L"", ""5"": 2.504440786, ""6"": 0.751332236, ""7"": 0.050088816, ""8"": 0, ""9"": null, ""10"": 0.050088816, ""11"": 0, ""12"": 0.225399671, ""13"": 0.225399671, ""14"": 0, ""15"": 3.806749996, ""16"": null, ""17"": null, ""18"": null, ""19"": null, ""21"": null, ""22"": null, ""23"": null, ""24"": null, ""25"": null, ""26"": null, ""27"": null}",58,tab1a23-24-final,coal-statistics-download-excel-7,coal_statistics,Download Excel,https://coal.gov.in/sites/default/files/2024-03/cdchap6.xlsx
source_reference,"{""0"": ""GIPCL_MN"", ""1"": ""Mangrol"", ""2"": ""Lignite"", ""3"": ""GUJ"", ""4"": ""L"", ""5"": 0, ""6"": 0, ""7"": 0, ""8"": null, ""9"": null, ""10"": 0, ""11"": 0, ""12"": 0, ""13"": 0, ""14"": 0, ""15"": 0, ""16"": null, ""17"": null, ""18"": null, ""19"": null, ""21"": null, ""22"": null, ""23"": null, ""24"": null, ""25"": null, ""26"": null, ""27"": null}",59,tab1a23-24-final,coal-statistics-download-excel-7,coal_statistics,Download Excel,https://coal.gov.in/sites/default/files/2024-03/cdchap6.xlsx
source_reference,"{""0"": ""GMDCL_MM"", ""1"": ""Mata Na Madh"", ""2"": ""Lignite"", ""3"": ""GUJ"", ""4"": ""L"", ""5"": 46.6423385, ""6"": 13.99262563, ""7"": 0.93285589, ""8"": 364.11, ""9"": null, ""10"": 220.11, ""11"": 108.1445392, ""12"": 20.8957799, ""13"": 20.8957799, ""14"": null, ""15"": 795.72391902, ""16"": null, ""17"": null, ""18"": null, ""19"": null, ""21"": null, ""22"": null, ""23"": null, ""24"": null, ""25"": null, ""26"": null, ""27"": null}",60,tab1a23-24-final,coal-statistics-download-excel-7,coal_statistics,Download Excel,https://coal.gov.in/sites/default/files/2024-03/cdchap6.xlsx
source_reference,"{""0"": ""GMDCL_RP"", ""1"": ""Rajpardi"", ""2"": ""Lignite"", ""3"": ""GUJ"", ""4"": ""L"", ""5"": 11.8474018, ""6"": 3.55398626, ""7"": 0.2369741, ""8"": null, ""9"": null, ""10"": null, ""11"": 15.692824, ""12"": 5.4549893, ""13"": 5.4549893, ""14"": 0, ""15"": 42.241164760000004, ""16"": null, ""17"": null, ""18"": null, ""19"": null, ""21"": null, ""22"": null, ""23"": null, ""24"": null, ""25"": null, ""26"": null, ""27"": null}",61,tab1a23-24-final,coal-statistics-download-excel-7,coal_statistics,Download Excel,https://coal.gov.in/sites/default/files/2024-03/cdchap6.xlsx
source_reference,"{""0"": ""GMDCL_SN"", ""1"": ""Surka North"", ""2"": ""Lignite"", ""3"": ""GUJ"", ""4"": ""L"", ""5"": 20.9362498, ""6"": 6.1961663, ""7"": 0.4130967, ""8"": null, ""9"": null, ""10"": null, ""11"": 52.2447072, ""12"": 9.9338685, ""13"": 9.9338685, ""14"": 0, ""15"": 99.65795700000001, ""16"": null, ""17"": null, ""18"": null, ""19"": null, ""21"": null, ""22"": null, ""23"": null, ""24"": null, ""25"": null, ""26"": null, ""27"": null}",62,tab1a23-24-final,coal-statistics-download-excel-7,coal_statistics,Download Excel,https://coal.gov.in/sites/default/files/2024-03/cdchap6.xlsx
source_reference,"{""0"": ""GMDCL_US"", ""1"": ""Umarsar"", ""2"": ""Lignite"", ""3"": ""GUJ"", ""4"": ""L"", ""5"": 22.8222134, ""6"": 6.7941101, ""7"": 0.4529407, ""8"": null, ""9"": null, ""10"": null, ""11"": 56.5160682, ""12"": 10.6067868, ""13"": 10.6067868, ""14"": 0, ""15"": 107.79890599999999, ""16"": null, ""17"": null, ""18"": null, ""19"": null, ""21"": null, ""22"": null, ""23"": null, ""24"": null, ""25"": null, ""26"": null, ""27"": null}",63,tab1a23-24-final,coal-statistics-download-excel-7,coal_statistics,Download Excel,https://coal.gov.in/sites/default/files/2024-03/cdchap6.xlsx
source_reference,"{""0"": ""GMDCL_TS"", ""1"": ""Tadkesar"", ""2"": ""Lignite"", ""3"": ""GUJ"", ""4"": ""L"", ""5"": 0.6845756, ""6"": 0.2053697, ""7"": 0.0136976, ""8"": null, ""9"": null, ""10"": null, ""11"": 1.247495, ""12"": 0.3164864, ""13"": 0.3164864, ""14"": 0, ""15"": 2.7841107000000003, ""16"": null, ""17"": null, ""18"": null, ""19"": null, ""21"": null, ""22"": null, ""23"": null, ""24"": null, ""25"": null, ""26"": null, ""27"": null}",64,tab1a23-24-final,coal-statistics-download-excel-7,coal_statistics,Download Excel,https://coal.gov.in/sites/default/files/2024-03/cdchap6.xlsx
source_reference,"{""0"": ""GHCL"", ""1"": ""Khadsaliya"", ""2"": ""Lignite"", ""3"": ""GUJ"", ""4"": ""L"", ""5"": 0.4796798, ""6"": 0.143903952, ""7"": 0.0095936, ""8"": null, ""9"": null, ""10"": null, ""11"": 0.0128733, ""12"": 0.0581446, ""13"": 0.0581446, ""14"": 0, ""15"": 0.762339852, ""16"": null, ""17"": null, ""18"": null, ""19"": null, ""21"": null, ""22"": null, ""23"": null, ""24"": null, ""25"": null, ""26"": null, ""27"": null}",65,tab1a23-24-final,coal-statistics-download-excel-7,coal_statistics,Download Excel,https://coal.gov.in/sites/default/files/2024-03/cdchap6.xlsx
source_reference,"{""0"": ""NLCL_I"", ""1"": ""Mine-I"", ""2"": ""Lignite"", ""3"": ""TN"", ""4"": ""L"", ""5"": 130.027306547, ""6"": 39.008191914, ""7"": 2.600546131, ""8"": 384.3774284, ""9"": null, ""10"": 538, ""11"": 0, ""12"": 15.447244, ""13"": 15.447244, ""14"": 0, ""15"": 1124.907960992, ""16"": null, ""17"": null, ""18"": null, ""19"": null, ""21"": null, ""22"": null, ""23"": null, ""24"": null, ""25"": null, ""26"": null, ""27"": null}",66,tab1a23-24-final,coal-statistics-download-excel-7,coal_statistics,Download Excel,https://coal.gov.in/sites/default/files/2024-03/cdchap6.xlsx
source_reference,"{""0"": ""NLCL_1A"", ""1"": ""Mine-1A"", ""2"": ""Lignite"", ""3"": ""TN"", ""4"": ""L"", ""5"": 82.9337807, ""6"": 24.88013421, ""7"": 1.658675614, ""8"": 0, ""9"": null, ""10"": 0, ""11"": 62.9651924, ""12"": 9.8525331, ""13"": 9.8525331, ""14"": 0, ""15"": 192.14284912399998, ""16"": null, ""17"": null, ""18"": null, ""19"": null, ""21"": null, ""22"": null, ""23"": null, ""24"": null, ""25"": null, ""26"": null, ""27"": null}",67,tab1a23-24-final,coal-statistics-download-excel-7,coal_statistics,Download Excel,https://coal.gov.in/sites/default/files/2024-03/cdchap6.xlsx
source_reference,"{""0"": ""NLCL_II"", ""1"": ""Mine_II"", ""2"": ""Lignite"", ""3"": ""TN"", ""4"": ""L"", ""5"": 130.902207971, ""6"": 39.264923151, ""7"": 2.617661543, ""8"": 0, ""9"": 0, ""10"": 0, ""11"": 0, ""12"": 15.55063134, ""13"": 15.55063134, ""14"": 0, ""15"": 203.886055345, ""16"": null, ""17"": null, ""18"": null, ""19"": null, ""21"": null, ""22"": null, ""23"": null, ""24"": null, ""25"": null, ""26"": null, ""27"": null}",68,tab1a23-24-final,coal-statistics-download-excel-7,coal_statistics,Download Excel,https://coal.gov.in/sites/default/files/2024-03/cdchap6.xlsx
source_reference,"{""0"": ""NLCL_B"", ""1"": ""Barsingsar"", ""2"": ""Lignite"", ""3"": ""RAJ"", ""4"": ""L"", ""5"": 36.0230492, ""6"": 5.61666, ""7"": 0.3531934, ""8"": 0, ""9"": 0.0372253, ""10"": 0, ""11"": 27.9701348, ""12"": 7.4099763, ""13"": 7.8768149, ""14"": 0, ""15"": 85.2870539, ""16"": null, ""17"": null, ""18"": null, ""19"": null, ""21"": null, ""22"": null, ""23"": null, ""24"": null, ""25"": null, ""26"": null, ""27"": null}",69,tab1a23-24-final,coal-statistics-download-excel-7,coal_statistics,Download Excel,https://coal.gov.in/sites/default/files/2024-03/cdchap6.xlsx
source_reference,"{""0"": ""RSMML"", ""1"": ""Giral, Matasukh, Sonari"", ""2"": ""Lignite"", ""3"": ""RAJ"", ""4"": ""L"", ""5"": 18.7529333, ""6"": 5.6258674, ""7"": 0.3750413, ""8"": 19.39, ""9"": 0, ""10"": 179.5, ""11"": 43.9287812, ""12"": 16.8651191, ""13"": 16.8651191, ""14"": 0, ""15"": 301.30286140000004, ""16"": null, ""17"": null, ""18"": null, ""19"": null, ""21"": null, ""22"": null, ""23"": null, ""24"": null, ""25"": null, ""26"": null, ""27"": null}",70,tab1a23-24-final,coal-statistics-download-excel-7,coal_statistics,Download Excel,https://coal.gov.in/sites/default/files/2024-03/cdchap6.xlsx
source_reference,"{""0"": ""VSLPPL"", ""1"": ""Gurha East Mine"", ""2"": ""Lignite"", ""3"": ""RAJ"", ""4"": ""L"", ""5"": 5.0110528, ""6"": 1.5033158, ""7"": 0.1002211, ""8"": 0, ""9"": null, ""10"": 0.1002211, ""11"": 0.152251, ""12"": 0.0172261, ""13"": 0.0172261, ""14"": 0, ""15"": 6.901514, ""16"": null, ""17"": null, ""18"": null, ""19"": null, ""21"": null, ""22"": null, ""23"": null, ""24"": null, ""25"": null, ""26"": null, ""27"": null}",71,tab1a23-24-final,coal-statistics-download-excel-7,coal_statistics,Download Excel,https://coal.gov.in/sites/default/files/2024-03/cdchap6.xlsx
source_reference,"{""0"": ""BLMCL_K"", ""1"": ""Kapurdi"", ""2"": ""Lignite"", ""3"": ""RAJ"", ""4"": ""L"", ""5"": 69.742126976, ""6"": 20.922638114, ""7"": 1.394842555, ""8"": 0, ""9"": 0.258258353, ""10"": 10.679628397, ""11"": 194.32628, ""12"": 42.521316577, ""13"": 42.521316577, ""14"": 0, ""15"": 382.366407549, ""16"": null, ""17"": null, ""18"": null, ""19"": null, ""21"": null, ""22"": null, ""23"": null, ""24"": null, ""25"": null, ""26"": null, ""27"": null}",72,tab1a23-24-final,coal-statistics-download-excel-7,coal_statistics,Download Excel,https://coal.gov.in/sites/default/files/2024-03/cdchap6.xlsx
source_reference,"{""0"": ""BLMCL_J"", ""1"": ""Jalipa"", ""2"": ""Lignite"", ""3"": ""RAJ"", ""4"": ""L"", ""5"": 18.76484436, ""6"": 5.629453313, ""7"": 0.375296887, ""8"": 0, ""9"": 0.071953247, ""10"": 2.975446603, ""11"": 54.14116, ""12"": 11.468258482, ""13"": 11.468258482, ""14"": 0, ""15"": 104.89467137399998, ""16"": null, ""17"": null, ""18"": null, ""19"": null, ""21"": null, ""22"": null, ""23"": null, ""24"": null, ""25"": null, ""26"": null, ""27"": null}",73,tab1a23-24-final,coal-statistics-download-excel-7,coal_statistics,Download Excel,https://coal.gov.in/sites/default/files/2024-03/cdchap6.xlsx
source_reference,"{""0"": ""GPCL"", ""1"": ""Ghoggha-Surkha"", ""2"": ""Lignite"", ""3"": ""GUJ"", ""4"": ""L"", ""5"": 15.340984716, ""6"": 4.596152125, ""7"": 0.306410053, ""8"": 70.314332783, ""9"": null, ""10"": 31.6364, ""11"": 68.5560496, ""12"": 10.7091422, ""13"": 10.7091422, ""14"": 0, ""15"": 212.168613677, ""16"": null, ""17"": null, ""18"": null, ""19"": null, ""21"": null, ""22"": null, ""23"": null, ""24"": null, ""25"": null, ""26"": null, ""27"": null}",74,tab1a23-24-final,coal-statistics-download-excel-7,coal_statistics,Download Excel,https://coal.gov.in/sites/default/files/2024-03/cdchap6.xlsx
source_reference,"{""0"": ""UTCL"", ""1"": ""Bicharpur"", ""2"": ""Non-CIL"", ""3"": ""MP"", ""4"": ""C"", ""5"": 9.33608, ""6"": 0.933608, ""7"": 0.1867216, ""8"": 0, ""9"": 0, ""10"": 0, ""11"": 1.9857808, ""12"": 0, ""13"": 1.7162989, ""14"": 0, ""15"": 14.158489300000001, ""16"": null, ""17"": null, ""18"": null, ""19"": null, ""21"": null, ""22"": null, ""23"": null, ""24"": null, ""25"": null, ""26"": null, ""27"": null}",75,tab1a23-24-final,coal-statistics-download-excel-7,coal_statistics,Download Excel,https://coal.gov.in/sites/default/files/2024-03/cdchap6.xlsx
source_reference,"{""0"": ""JPL_IV/1"", ""1"": ""Gare Palma IV/1"", ""2"": ""Non-CIL"", ""3"": ""CHG"", ""4"": ""C"", ""5"": 330.9640419, ""6"": 12.0643014, ""7"": 2.4128603, ""8"": 0, ""9"": 0, ""10"": 0, ""11"": 6.4463656, ""12"": 29.786763800000003, ""13"": 29.786763800000003, ""14"": 0, ""15"": 411.46109679999995, ""16"": null, ""17"": null, ""18"": null, ""19"": null, ""21"": null, ""22"": null, ""23"": null, ""24"": null, ""25"": null, ""26"": null, ""27"": null}",76,tab1a23-24-final,coal-statistics-download-excel-7,coal_statistics,Download Excel,https://coal.gov.in/sites/default/files/2024-03/cdchap6.xlsx
source_reference,"{""0"": ""JPL_IV/2 & 3"", ""1"": ""Gare Palma 2&3"", ""2"": ""Non-CIL"", ""3"": ""CHG"", ""4"": ""C"", ""5"": 0, ""6"": 0, ""7"": 0, ""8"": 0, ""9"": 0, ""10"": 0, ""11"": 0, ""12"": 0, ""13"": 0, ""14"": 0, ""15"": 0, ""16"": null, ""17"": null, ""18"": null, ""19"": null, ""21"": null, ""22"": null, ""23"": null, ""24"": null, ""25"": null, ""26"": null, ""27"": null}",77,tab1a23-24-final,coal-statistics-download-excel-7,coal_statistics,Download Excel,https://coal.gov.in/sites/default/files/2024-03/cdchap6.xlsx
source_reference,"{""0"": ""THDC"", ""1"": ""Amelia"", ""2"": ""Non-CIL"", ""3"": ""MP"", ""4"": ""C"", ""5"": 28.4044587, ""6"": 2.8404459, ""7"": 0.56808917, ""8"": 0, ""9"": 5.254631169, ""10"": 0, ""11"": 50.4675572, ""12"": 4.953488158, ""13"": 4.953488158, ""14"": 0, ""15"": 97.442158455, ""16"": null, ""17"": null, ""18"": null, ""19"": null, ""21"": null, ""22"": null, ""23"": null, ""24"": null, ""25"": null, ""26"": null, ""27"": null}",78,tab1a23-24-final,coal-statistics-download-excel-7,coal_statistics,Download Excel,https://coal.gov.in/sites/default/files/2024-03/cdchap6.xlsx
source_reference,"{""0"": ""Vedanta"", ""1"": ""Jamkhani"", ""2"": ""Non-CIL"", ""3"": ""ODI"", ""4"": ""C"", ""5"": 33.3947285, ""6"": 3.3395001, ""7"": 0.6679228, ""8"": 0, ""9"": null, ""10"": 0, ""11"": 0, ""12"": 3.366193626, ""13"": 3.366193626, ""14"": 0, ""15"": 44.134538651999996, ""16"": null, ""17"": null, ""18"": null, ""19"": null, ""21"": null, ""22"": null, ""23"": null, ""24"": null, ""25"": null, ""26"": null, ""27"": null}",79,tab1a23-24-final,coal-statistics-download-excel-7,coal_statistics,Download Excel,https://coal.gov.in/sites/default/files/2024-03/cdchap6.xlsx
source_reference,"{""0"": ""PSPCL"", ""1"": ""Pachhwara Central"", ""2"": ""Non-CIL"", ""3"": ""JKD"", ""4"": ""C"", ""5"": 94.64555406, ""6"": 28.393666218, ""7"": 1.892911081, ""8"": 0, ""9"": 45.292413533, ""10"": 0, ""11"": 169.5173924, ""12"": 22.6462068, ""13"": 22.6462068, ""14"": 0, ""15"": 385.034350892, ""16"": null, ""17"": null, ""18"": null, ""19"": null, ""21"": null, ""22"": null, ""23"": null, ""24"": null, ""25"": null, ""26"": null, ""27"": null}",80,tab1a23-24-final,coal-statistics-download-excel-7,coal_statistics,Download Excel,https://coal.gov.in/sites/default/files/2024-03/cdchap6.xlsx
source_reference,"{""0"": ""APMDCL"", ""1"": ""Suliyari"", ""2"": ""Non-CIL"", ""3"": ""MP"", ""4"": ""C"", ""5"": 202.1162415, ""6"": 20.21163156, ""7"": 4.042491541, ""8"": 0, ""9"": 24.4444822, ""10"": 0, ""11"": 181.4319793, ""12"": 35.4887668, ""13"": 35.4887668, ""14"": 0, ""15"": 503.224359701, ""16"": null, ""17"": null, ""18"": null, ""19"": null, ""21"": null, ""22"": null, ""23"": null, ""24"": null, ""25"": null, ""26"": null, ""27"": null}",81,tab1a23-24-final,coal-statistics-download-excel-7,coal_statistics,Download Excel,https://coal.gov.in/sites/default/files/2024-03/cdchap6.xlsx
source_reference,"{""0"": ""SEML"", ""1"": ""Gare Palma IV/7"", ""2"": ""Non-CIL"", ""3"": ""CHG"", ""4"": ""C"", ""5"": 31.488548, ""6"": 3.1488548, ""7"": 0.629771, ""8"": 52.8571905, ""9"": 0.687096, ""10"": 128, ""11"": 8.4652844, ""12"": 0.4368709, ""13"": 0.4368709, ""14"": 0, ""15"": 226.1504865, ""16"": null, ""17"": null, ""18"": null, ""19"": null, ""21"": null, ""22"": null, ""23"": null, ""24"": null, ""25"": null, ""26"": null, ""27"": null}",82,tab1a23-24-final,coal-statistics-download-excel-7,coal_statistics,Download Excel,https://coal.gov.in/sites/default/files/2024-03/cdchap6.xlsx
source_reference,"{""0"": ""BSIL"", ""1"": ""Marki Mangli III"", ""2"": ""Non-CIL"", ""3"": ""MAH"", ""4"": ""C"", ""5"": 2.190485, ""6"": 0.2000786, ""7"": 0.04, ""8"": 0, ""9"": 0, ""10"": 0.0575513, ""11"": 1.7077692, ""12"": 0.463198, ""13"": 0.463198, ""14"": 0, ""15"": 5.1222801, ""16"": null, ""17"": null, ""18"": null, ""19"": null, ""21"": null, ""22"": null, ""23"": null, ""24"": null, ""25"": null, ""26"": null, ""27"": null}",83,tab1a23-24-final,coal-statistics-download-excel-7,coal_statistics,Download Excel,https://coal.gov.in/sites/default/files/2024-03/cdchap6.xlsx
source_reference,"{""0"": ""BSMPL"", ""1"": ""Goitoria East & West"", ""2"": ""Non-CIL"", ""3"": ""MP"", ""4"": ""C"", ""5"": 10.656855, ""6"": 1.0656859, ""7"": 0.2131372, ""8"": 0, ""9"": 1.3607855, ""10"": 0, ""11"": 11.5571232, ""12"": 1.6573314, ""13"": 1.6573314, ""14"": 0, ""15"": 28.168249600000003, ""16"": null, ""17"": null, ""18"": null, ""19"": null, ""21"": null, ""22"": null, ""23"": null, ""24"": null, ""25"": null, ""26"": null, ""27"": null}",84,tab1a23-24-final,coal-statistics-download-excel-7,coal_statistics,Download Excel,https://coal.gov.in/sites/default/files/2024-03/cdchap6.xlsx
source_reference,"{""0"": ""JSPL_GP IV/6"", ""1"": ""Gare Palma IV/6"", ""2"": ""Non-CIL"", ""3"": ""CHG"", ""4"": ""C"", ""5"": 55.62359290074, ""6"": 5.562359280074, ""7"": 1.1124718560148, ""8"": 0, ""9"": 0.09954293900000014, ""10"": 0, ""11"": 18.7171148, ""12"": 22.698191088999998, ""13"": 22.698191088999998, ""14"": 0, ""15"": 126.51146395382881, ""16"": null, ""17"": null, ""18"": null, ""19"": null, ""21"": null, ""22"": null, ""23"": null, ""24"": null, ""25"": null, ""26"": null, ""27"": null}",85,tab1a23-24-final,coal-statistics-download-excel-7,coal_statistics,Download Excel,https://coal.gov.in/sites/default/files/2024-03/cdchap6.xlsx
source_reference,"{""0"": ""JSPL_UC"", ""1"": ""Utkal C"", ""2"": ""Non-CIL"", ""3"": ""ODI"", ""4"": ""C"", ""5"": 23.3587046, ""6"": 2.3358705, ""7"": 0.467174, ""8"": 0, ""9"": 0, ""10"": 0.5139889, ""11"": 0, ""12"": 2.3545574, ""13"": 2.3545574, ""14"": null, ""15"": 31.3848528, ""16"": null, ""17"": null, ""18"": null, ""19"": null, ""21"": null, ""22"": null, ""23"": null, ""24"": null, ""25"": null, ""26"": null, ""27"": null}",86,tab1a23-24-final,coal-statistics-download-excel-7,coal_statistics,Download Excel,https://coal.gov.in/sites/default/files/2024-03/cdchap6.xlsx
source_reference,"{""0"": ""AIPL"", ""1"": ""Takli Jena Bellora"", ""2"": ""Non-CIL"", ""3"": ""MAH"", ""4"": ""C"", ""5"": 4, ""6"": 0.4, ""7"": 0.08, ""8"": null, ""9"": null, ""10"": null, ""11"": 2.5506836, ""12"": 0.5322673, ""13"": 0.5322673, ""14"": null, ""15"": 8.095218200000001, ""16"": null, ""17"": null, ""18"": null, ""19"": null, ""21"": null, ""22"": null, ""23"": null, ""24"": null, ""25"": null, ""26"": null, ""27"": null}",87,tab1a23-24-final,coal-statistics-download-excel-7,coal_statistics,Download Excel,https://coal.gov.in/sites/default/files/2024-03/cdchap6.xlsx
source_reference,"{""0"": ""NALCO"", ""1"": ""Utkal D"", ""2"": ""Non-CIL"", ""3"": ""ODI"", ""4"": ""C"", ""5"": 21.2252201, ""6"": 2.1225222, ""7"": 0.4245051, ""8"": 0, ""9"": 0, ""10"": 0, ""11"": 0, ""12"": 2.101296807, ""13"": 2.101296807, ""14"": 0, ""15"": 27.974841014000003, ""16"": null, ""17"": null, ""18"": null, ""19"": null, ""21"": null, ""22"": null, ""23"": null, ""24"": null, ""25"": null, ""26"": null, ""27"": null}",88,tab1a23-24-final,coal-statistics-download-excel-7,coal_statistics,Download Excel,https://coal.gov.in/sites/default/files/2024-03/cdchap6.xlsx
source_reference,"{""0"": ""KPCL"", ""1"": ""Baranj"", ""2"": ""Non-CIL"", ""3"": ""MAH"", ""4"": ""C"", ""5"": 48, ""6"": 4.8, ""7"": 0.96, ""8"": 0, ""9"": 0, ""10"": 0, ""11"": 0, ""12"": 0, ""13"": 0, ""14"": 0, ""15"": 53.76, ""16"": null, ""17"": ""Reserve "", ""18"": null, ""19"": 29.2378534, ""21"": null, ""22"": null, ""23"": null, ""24"": null, ""25"": null, ""26"": null, ""27"": null}",89,tab1a23-24-final,coal-statistics-download-excel-7,coal_statistics,Download Excel,https://coal.gov.in/sites/default/files/2024-03/cdchap6.xlsx
source_reference,"{""0"": null, ""1"": null, ""2"": null, ""3"": ""eds"", ""4"": null, ""5"": null, ""6"": null, ""7"": null, ""8"": null, ""9"": null, ""10"": null, ""11"": null, ""12"": null, ""13"": null, ""14"": null, ""15"": null, ""16"": null, ""17"": null, ""18"": null, ""19"": null, ""21"": null, ""22"": null, ""23"": null, ""24"": null, ""25"": null, ""26"": null, ""27"": null}",90,tab1a23-24-final,coal-statistics-download-excel-7,coal_statistics,Download Excel,https://coal.gov.in/sites/default/files/2024-03/cdchap6.xlsx
source_reference,"{""0"": null, ""1"": null, ""2"": null, ""3"": null, ""4"": null, ""5"": 22559.688560761748, ""6"": 6207.557428998073, ""7"": 409.8540948772147, ""8"": 15283.458951683, ""9"": 379.39037466799994, ""10"": 12364.053163816003, ""11"": 35566.625506809, ""12"": 3434.111808064, ""13"": 3442.15631853, ""14"": 2.2494069, ""15"": 99649.14561510696, ""16"": null, ""17"": null, ""18"": null, ""19"": null, ""21"": null, ""22"": null, ""23"": null, ""24"": null, ""25"": null, ""26"": null, ""27"": null}",91,tab1a23-24-final,coal-statistics-download-excel-7,coal_statistics,Download Excel,https://coal.gov.in/sites/default/files/2024-03/cdchap6.xlsx
source_reference,"{""0"": null, ""1"": null, ""2"": null, ""3"": null, ""4"": null, ""5"": 6.252546100000001, ""6"": 1.8757639, ""7"": 0.1250511, ""8"": 0, ""9"": 1.6854496, ""10"": 0, ""11"": 2.7801418, ""12"": 0.7408345000000001, ""13"": 0.9002265, ""14"": 0, ""15"": 14.360013499999999, ""16"": null, ""17"": null, ""18"": null, ""19"": null, ""21"": null, ""22"": null, ""23"": null, ""24"": null, ""25"": null, ""26"": null, ""27"": null}",92,tab1a23-24-final,coal-statistics-download-excel-7,coal_statistics,Download Excel,https://coal.gov.in/sites/default/files/2024-03/cdchap6.xlsx
source_reference,"{""0"": ""COMPANY WISE STATEWISE RAW COAL"", ""1"": null, ""2"": null, ""3"": null, ""4"": null, ""5"": null, ""6"": null, ""7"": null, ""8"": null, ""9"": null, ""10"": null, ""11"": null, ""12"": null, ""13"": null, ""14"": null, ""15"": null, ""16"": null, ""17"": null, ""18"": null, ""19"": null, ""21"": null, ""22"": null, ""23"": null, ""24"": null, ""25"": null, ""26"": null, ""27"": null}",93,tab1a23-24-final,coal-statistics-download-excel-7,coal_statistics,Download Excel,https://coal.gov.in/sites/default/files/2024-03/cdchap6.xlsx
source_reference,"{""0"": ""Company"", ""1"": ""Block"", ""2"": null, ""3"": ""State"", ""4"": ""Type"", ""5"": ""Amount of Royalty Paid"", ""6"": ""Amount of DMF Paid"", ""7"": ""Amount of NMET Paid"", ""8"": ""Dividend"", ""9"": ""IGST"", ""10"": ""Corporate Income Tax"", ""11"": ""Cess On Coal Paid*"", ""12"": ""Central GST Paid"", ""13"": ""State GST Paid"", ""14"": ""Entry Tax Paid on Coal"", ""15"": ""Total Amount Paid"", ""16"": ""pub/pvt"", ""17"": ""capt/ncapt"", ""18"": null, ""19"": null, ""21"": null, ""22"": null, ""23"": null, ""24"": null, ""25"": null, ""26"": null, ""27"": null}",94,tab1a23-24-final,coal-statistics-download-excel-7,coal_statistics,Download Excel,https://coal.gov.in/sites/default/files/2024-03/cdchap6.xlsx
source_reference,"{""0"": ""ECL"", ""1"": ""CIL"", ""2"": null, ""3"": ""JKD"", ""4"": ""C"", ""5"": 388.75, ""6"": 131.42, ""7"": 7.96, ""8"": 0, ""9"": 0.29, ""10"": 75.78, ""11"": 584.93, ""12"": 49.75, ""13"": 49.75, ""14"": 0, ""15"": 1288.6299999999999, ""16"": ""pub"", ""17"": ""ncpt"", ""18"": ""ncpt"", ""19"": 0, ""21"": 1.0, ""22"": ""ECL"", ""23"": ""CIL"", ""24"": ""JKD"", ""25"": ""pub"", ""26"": ""ncpt"", ""27"": null}",95,tab1a23-24-final,coal-statistics-download-excel-7,coal_statistics,Download Excel,https://coal.gov.in/sites/default/files/2024-03/cdchap6.xlsx
source_reference,"{""0"": ""ECL"", ""1"": ""CIL"", ""2"": null, ""3"": ""WB"", ""4"": ""C"", ""5"": 16.45, ""6"": 4.92, ""7"": 0.33, ""8"": 0, ""9"": 82.9, ""10"": 0, ""11"": 2860.28, ""12"": 7.86, ""13"": 7.86, ""14"": 0, ""15"": 2980.6000000000004, ""16"": ""pub"", ""17"": ""ncpt"", ""18"": ""ncpt"", ""19"": 0, ""21"": 1.0, ""22"": ""ECL"", ""23"": ""CIL"", ""24"": ""WB"", ""25"": ""pub"", ""26"": ""ncpt"", ""27"": null}",96,tab1a23-24-final,coal-statistics-download-excel-7,coal_statistics,Download Excel,https://coal.gov.in/sites/default/files/2024-03/cdchap6.xlsx
source_reference,"{""0"": ""BCCL"", ""1"": ""CIL"", ""2"": null, ""3"": ""JKD"", ""4"": ""C"", ""5"": 1807.66, ""6"": 539.52, ""7"": 36.39, ""8"": 0, ""9"": 3.63, ""10"": 0, ""11"": 1571.64, ""12"": 227.15, ""13"": 230.15, ""14"": 0, ""15"": 4416.139999999999, ""16"": ""pub"", ""17"": ""ncpt"", ""18"": ""ncpt"", ""19"": 0, ""21"": 1.0, ""22"": ""BCCL"", ""23"": ""CIL"", ""24"": ""JKD"", ""25"": ""pub"", ""26"": ""ncpt"", ""27"": null}",97,tab1a23-24-final,coal-statistics-download-excel-7,coal_statistics,Download Excel,https://coal.gov.in/sites/default/files/2024-03/cdchap6.xlsx
source_reference,"{""0"": ""BCCL"", ""1"": ""CIL"", ""2"": null, ""3"": ""WB"", ""4"": ""C"", ""5"": 0, ""6"": 0, ""7"": 0, ""8"": 0, ""9"": 0.03, ""10"": 0, ""11"": 1.95, ""12"": 0.04, ""13"": 0.04, ""14"": 0, ""15"": 2.06, ""16"": ""pub"", ""17"": ""ncpt"", ""18"": ""ncpt"", ""19"": 0, ""21"": 1.0, ""22"": ""BCCL"", ""23"": ""CIL"", ""24"": ""WB"", ""25"": ""pub"", ""26"": ""ncpt"", ""27"": null}",98,tab1a23-24-final,coal-statistics-download-excel-7,coal_statistics,Download Excel,https://coal.gov.in/sites/default/files/2024-03/cdchap6.xlsx
source_reference,"{""0"": ""CCL"", ""1"": ""CIL"", ""2"": null, ""3"": ""JKD"", ""4"": ""C"", ""5"": 2120.2213269, ""6"": 637.1798427, ""7"": 45.2408111, ""8"": 1023.66, ""9"": 0.0329975, ""10"": 1358.81, ""11"": 3319.0165415, ""12"": 315.3746432, ""13"": 315.3746433, ""14"": 0, ""15"": 9134.9108062, ""16"": ""pub"", ""17"": ""ncpt"", ""18"": ""ncpt"", ""19"": 0, ""21"": 1.0, ""22"": ""CCL"", ""23"": ""CIL"", ""24"": ""JKD"", ""25"": ""pub"", ""26"": ""ncpt"", ""27"": null}",99,tab1a23-24-final,coal-statistics-download-excel-7,coal_statistics,Download Excel,https://coal.gov.in/sites/default/files/2024-03/cdchap6.xlsx
source_reference,"{""0"": ""NCL"", ""1"": ""CIL"", ""2"": null, ""3"": ""MP"", ""4"": ""C"", ""5"": 2354.04, ""6"": 706.29, ""7"": 47.09, ""8"": 4195.75, ""9"": 0.47, ""10"": 2786.3, ""11"": 4668.37, ""12"": 277.03, ""13"": 277.03, ""14"": 0, ""15"": 15312.370000000003, ""16"": ""pub"", ""17"": ""ncpt"", ""18"": ""ncpt"", ""19"": 0, ""21"": 1.0, ""22"": ""NCL"", ""23"": ""CIL"", ""24"": ""MP"", ""25"": ""pub"", ""26"": ""ncpt"", ""27"": null}",100,tab1a23-24-final,coal-statistics-download-excel-7,coal_statistics,Download Excel,https://coal.gov.in/sites/default/files/2024-03/cdchap6.xlsx
source_reference,"{""0"": ""NCL"", ""1"": ""CIL"", ""2"": null, ""3"": ""UP"", ""4"": ""C"", ""5"": 606.12, ""6"": 180.34, ""7"": 12.49, ""8"": 0, ""9"": 4.54, ""10"": 0, ""11"": 850.17, ""12"": 76.73, ""13"": 76.73, ""14"": 0, ""15"": 1807.12, ""16"": ""pub"", ""17"": ""ncpt"", ""18"": ""ncpt"", ""19"": 0, ""21"": 1.0, ""22"": ""NCL"", ""23"": ""CIL"", ""24"": ""UP"", ""25"": ""pub"", ""26"": ""ncpt"", ""27"": null}",101,tab1a23-24-final,coal-statistics-download-excel-7,coal_statistics,Download Excel,https://coal.gov.in/sites/default/files/2024-03/cdchap6.xlsx
source_reference,"{""0"": ""WCL"", ""1"": ""CIL"", ""2"": null, ""3"": ""MP"", ""4"": ""C"", ""5"": 93.7705445, ""6"": 28.1312712, ""7"": 1.8754171, ""8"": 0, ""9"": 0.2196022, ""10"": 0, ""11"": 98.0609976, ""12"": 14.3117583, ""13"": 14.3117583, ""14"": 0, ""15"": 250.6813492, ""16"": ""pub"", ""17"": ""ncpt"", ""18"": ""ncpt"", ""19"": 0, ""21"": 1.0, ""22"": ""WCL"", ""23"": ""CIL"", ""24"": ""MP"", ""25"": ""pub"", ""26"": ""ncpt"", ""27"": null}",102,tab1a23-24-final,coal-statistics-download-excel-7,coal_statistics,Download Excel,https://coal.gov.in/sites/default/files/2024-03/cdchap6.xlsx
source_reference,"{""0"": ""WCL"", ""1"": ""CIL"", ""2"": null, ""3"": ""MAH"", ""4"": ""C"", ""5"": 2261.683537, ""6"": 661.7987275, ""7"": 44.120307, ""8"": 0, ""9"": 1.888899, ""10"": 0, ""11"": 2715.0291608, ""12"": 246.5621298, ""13"": 246.5621298, ""14"": 0, ""15"": 6177.644890899999, ""16"": ""pub"", ""17"": ""ncpt"", ""18"": ""ncpt"", ""19"": 0, ""21"": 1.0, ""22"": ""WCL"", ""23"": ""CIL"", ""24"": ""MAH"", ""25"": ""pub"", ""26"": ""ncpt"", ""27"": null}",103,tab1a23-24-final,coal-statistics-download-excel-7,coal_statistics,Download Excel,https://coal.gov.in/sites/default/files/2024-03/cdchap6.xlsx
source_reference,"{""0"": ""SECL"", ""1"": ""CIL"", ""2"": null, ""3"": ""MP"", ""4"": ""C"", ""5"": 404.79188775700004, ""6"": 119.20202569000001, ""7"": 8.620181062999999, ""8"": 0, ""9"": 0, ""10"": 0, ""11"": 463.33372, ""12"": 53.849820678, ""13"": 53.849820678, ""14"": 0, ""15"": 1103.6474558660002, ""16"": ""pub"", ""17"": ""ncpt"", ""18"": ""ncpt"", ""19"": 0, ""21"": 1.0, ""22"": ""SECL"", ""23"": ""CIL"", ""24"": ""MP"", ""25"": ""pub"", ""26"": ""ncpt"", ""27"": null}",104,tab1a23-24-final,coal-statistics-download-excel-7,coal_statistics,Download Excel,https://coal.gov.in/sites/default/files/2024-03/cdchap6.xlsx
source_reference,"{""0"": ""SECL"", ""1"": ""CIL"", ""2"": null, ""3"": ""CHG"", ""4"": ""C"", ""5"": 2843.837521012, ""6"": 874.245122615, ""7"": 60.45939074300001, ""8"": 0, ""9"": 0, ""10"": 2428.2459, ""11"": 6708.6699376, ""12"": 386.915358039, ""13"": 386.915358039, ""14"": 0, ""15"": 13689.288588047999, ""16"": ""pub"", ""17"": ""ncpt"", ""18"": ""ncpt"", ""19"": 0, ""21"": 1.0, ""22"": ""SECL"", ""23"": ""CIL"", ""24"": ""CHG"", ""25"": ""pub"", ""26"": ""ncpt"", ""27"": null}",105,tab1a23-24-final,coal-statistics-download-excel-7,coal_statistics,Download Excel,https://coal.gov.in/sites/default/files/2024-03/cdchap6.xlsx
source_reference,"{""0"": ""SECL"", ""1"": ""CIL"", ""2"": null, ""3"": ""WB"", ""4"": ""C"", ""5"": 0, ""6"": 0, ""7"": 0, ""8"": 0, ""9"": 0, ""10"": 0, ""11"": 0, ""12"": 0, ""13"": 0, ""14"": 0, ""15"": 0, ""16"": null, ""17"": null, ""18"": null, ""19"": 0, ""21"": 0.0, ""22"": null, ""23"": null, ""24"": null, ""25"": null, ""26"": null, ""27"": null}",106,tab1a23-24-final,coal-statistics-download-excel-7,coal_statistics,Download Excel,https://coal.gov.in/sites/default/files/2024-03/cdchap6.xlsx
source_reference,"{""0"": ""SECL(GP 2&3)"", ""1"": ""Gare Palma 2&3"", ""2"": null, ""3"": ""CHG"", ""4"": ""C"", ""5"": 0, ""6"": 0, ""7"": 0, ""8"": 0, ""9"": 0, ""10"": 0, ""11"": 0, ""12"": 0, ""13"": 0, ""14"": 0, ""15"": 0, ""16"": ""pub"", ""17"": ""cmrc"", ""18"": ""capt"", ""19"": 0, ""21"": 1.0, ""22"": ""SECL(GP 2&3)"", ""23"": ""Gare Palma 2&3"", ""24"": ""CHG"", ""25"": ""pub"", ""26"": ""cmrc"", ""27"": null}",107,tab1a23-24-final,coal-statistics-download-excel-7,coal_statistics,Download Excel,https://coal.gov.in/sites/default/files/2024-03/cdchap6.xlsx
source_reference,"{""0"": ""MCL"", ""1"": ""CIL"", ""2"": null, ""3"": ""ODI"", ""4"": ""C"", ""5"": 3183.5334795, ""6"": 929.7435882, ""7"": 61.929151922, ""8"": 9000, ""9"": 0, ""10"": 4350, ""11"": 7879.4976316, ""12"": 378.0011409, ""13"": 378.0011409, ""14"": 0, ""15"": 26160.706133022, ""16"": ""pub"", ""17"": ""ncpt"", ""18"": ""ncpt"", ""19"": 0, ""21"": 1.0, ""22"": ""MCL"", ""23"": ""CIL"", ""24"": ""ODI"", ""25"": ""pub"", ""26"": ""ncpt"", ""27"": null}",108,tab1a23-24-final,coal-statistics-download-excel-7,coal_statistics,Download Excel,https://coal.gov.in/sites/default/files/2024-03/cdchap6.xlsx
source_reference,"{""0"": ""NEC"", ""1"": ""CIL"", ""2"": null, ""3"": ""ASM"", ""4"": ""C"", ""5"": 16.838378, ""6"": 5.051513528, ""7"": 0.3367676, ""8"": 0, ""9"": 5.9486597, ""10"": 0, ""11"": 6.7050844, ""12"": 4.0148478, ""13"": 4.0148478, ""14"": 0, ""15"": 42.910098827999995, ""16"": ""pub"", ""17"": ""ncpt"", ""18"": ""ncpt"", ""19"": 0, ""21"": 1.0, ""22"": ""NEC"", ""23"": ""CIL"", ""24"": ""ASM"", ""25"": ""pub"", ""26"": ""ncpt"", ""27"": null}",109,tab1a23-24-final,coal-statistics-download-excel-7,coal_statistics,Download Excel,https://coal.gov.in/sites/default/files/2024-03/cdchap6.xlsx
source_reference,"{""0"": ""CIL"", ""1"": null, ""2"": null, ""3"": null, ""4"": ""C"", ""5"": 16097.696674669, ""6"": 4817.842091433, ""7"": 326.842026528, ""8"": 14219.41, ""9"": 99.95015839999999, ""10"": 10999.135900000001, ""11"": 31727.653073499998, ""12"": 2037.589698717, ""13"": 2040.5896988170002, ""14"": 0, ""15"": 82366.70932206401, ""16"": null, ""17"": null, ""18"": null, ""19"": 0, ""21"": 1.0, ""22"": ""CIL"", ""23"": ""CIL"", ""24"": null, ""25"": null, ""26"": null, ""27"": null}",110,tab1a23-24-final,coal-statistics-download-excel-7,coal_statistics,Download Excel,https://coal.gov.in/sites/default/files/2024-03/cdchap6.xlsx
source_reference,"{""0"": ""SCCL"", ""1"": ""SCCL"", ""2"": null, ""3"": ""TLNG"", ""4"": ""C"", ""5"": 2900, ""6"": 702, ""7"": 20, ""8"": 173, ""9"": 0, ""10"": 0, ""11"": 0, ""12"": 279, ""13"": 279, ""14"": 0, ""15"": 4353, ""16"": ""pub"", ""17"": ""ncpt"", ""18"": ""ncpt"", ""19"": 0, ""21"": 1.0, ""22"": ""SCCL"", ""23"": ""SCCL"", ""24"": ""TLNG"", ""25"": ""pub"", ""26"": ""ncpt"", ""27"": null}",111,tab1a23-24-final,coal-statistics-download-excel-7,coal_statistics,Download Excel,https://coal.gov.in/sites/default/files/2024-03/cdchap6.xlsx
source_reference,"{""0"": ""SCCL"", ""1"": ""SCCL"", ""2"": null, ""3"": ""ODI"", ""4"": ""C"", ""5"": 0, ""6"": 0, ""7"": 0, ""8"": 0, ""9"": 0, ""10"": 0, ""11"": 0, ""12"": 0, ""13"": 0, ""14"": 0, ""15"": 0, ""16"": ""pub"", ""17"": ""ncpt"", ""18"": ""ncpt"", ""19"": 0, ""21"": 1.0, ""22"": ""SCCL"", ""23"": ""SCCL"", ""24"": ""ODI"", ""25"": ""pub"", ""26"": ""ncpt"", ""27"": null}",112,tab1a23-24-final,coal-statistics-download-excel-7,coal_statistics,Download Excel,https://coal.gov.in/sites/default/files/2024-03/cdchap6.xlsx
source_reference,"{""0"": ""JKML"", ""1"": ""Moghla & Metka"", ""2"": null, ""3"": ""J&K"", ""4"": ""C"", ""5"": 0, ""6"": 0, ""7"": 0, ""8"": 0, ""9"": 0, ""10"": 0, ""11"": 0, ""12"": 0, ""13"": 0, ""14"": 0, ""15"": 0, ""16"": ""pub"", ""17"": ""ncpt"", ""18"": ""ncpt"", ""19"": 0, ""21"": 1.0, ""22"": ""JKML"", ""23"": ""Moghla & Metka"", ""24"": ""J&K"", ""25"": ""pub"", ""26"": ""ncpt"", ""27"": null}",113,tab1a23-24-final,coal-statistics-download-excel-7,coal_statistics,Download Excel,https://coal.gov.in/sites/default/files/2024-03/cdchap6.xlsx
source_reference,"{""0"": ""DVC_B"", ""1"": ""Bermo"", ""2"": null, ""3"": ""JKD"", ""4"": ""C"", ""5"": 0, ""6"": 0, ""7"": 0, ""8"": 0, ""9"": 0, ""10"": 0, ""11"": 0, ""12"": 0, ""13"": 0, ""14"": 0, ""15"": 0, ""16"": ""pub"", ""17"": ""ncpt"", ""18"": ""ncpt"", ""19"": 0, ""21"": 1.0, ""22"": ""DVC_B"", ""23"": ""Bermo"", ""24"": ""JKD"", ""25"": ""pub"", ""26"": ""ncpt"", ""27"": null}",114,tab1a23-24-final,coal-statistics-download-excel-7,coal_statistics,Download Excel,https://coal.gov.in/sites/default/files/2024-03/cdchap6.xlsx
source_reference,"{""0"": ""DVC_T"", ""1"": ""Tubed"", ""2"": null, ""3"": ""JKD"", ""4"": ""C"", ""5"": 17.4630974, ""6"": 4.98884442, ""7"": 0.349261948, ""8"": 0, ""9"": 0, ""10"": 0, ""11"": 34.462884, ""12"": 2.088190671, ""13"": 2.088190671, ""14"": 0, ""15"": 61.440469109999995, ""16"": ""pub"", ""17"": ""capt"", ""18"": ""capt"", ""19"": 0, ""21"": 1.0, ""22"": ""DVC_T"", ""23"": ""Tubed"", ""24"": ""JKD"", ""25"": ""pub"", ""26"": ""capt"", ""27"": null}",115,tab1a23-24-final,coal-statistics-download-excel-7,coal_statistics,Download Excel,https://coal.gov.in/sites/default/files/2024-03/cdchap6.xlsx
source_reference,"{""0"": ""IISCOC"", ""1"": ""Chasnala"", ""2"": null, ""3"": ""JKD"", ""4"": ""C"", ""5"": 4.892801, ""6"": 1.4678403, ""7"": 0.097856, ""8"": 0, ""9"": 0, ""10"": 0, ""11"": 0, ""12"": 0.5812648, ""13"": 0.5812648, ""14"": 0, ""15"": 7.6210269, ""16"": ""pub"", ""17"": ""ncpt"", ""18"": ""ncpt"", ""19"": 0, ""21"": 1.0, ""22"": ""IISCOC"", ""23"": ""Chasnala"", ""24"": ""JKD"", ""25"": ""pub"", ""26"": ""ncpt"", ""27"": null}",116,tab1a23-24-final,coal-statistics-download-excel-7,coal_statistics,Download Excel,https://coal.gov.in/sites/default/files/2024-03/cdchap6.xlsx
source_reference,"{""0"": ""IISCOJ"", ""1"": ""Jitpur"", ""2"": null, ""3"": ""JKD"", ""4"": ""C"", ""5"": 1.3416835, ""6"": 0.402505, ""7"": 0.0268337, ""8"": 0, ""9"": 0, ""10"": 0, ""11"": 0, ""12"": 0, ""13"": 0.159392, ""14"": 0, ""15"": 1.9304142, ""16"": ""pub"", ""17"": ""ncpt"", ""18"": ""ncpt"", ""19"": 0, ""21"": 1.0, ""22"": ""IISCOJ"", ""23"": ""Jitpur"", ""24"": ""JKD"", ""25"": ""pub"", ""26"": ""ncpt"", ""27"": null}",117,tab1a23-24-final,coal-statistics-download-excel-7,coal_statistics,Download Excel,https://coal.gov.in/sites/default/files/2024-03/cdchap6.xlsx
source_reference,"{""0"": ""IISCOR"", ""1"": ""Ramnagar"", ""2"": null, ""3"": ""WB"", ""4"": ""C"", ""5"": 0.0180616, ""6"": 0.0054186, ""7"": 0.0003614, ""8"": 0, ""9"": 1.6854496, ""10"": 0, ""11"": 2.7801418, ""12"": 0.1595697, ""13"": 0.1595697, ""14"": 0, ""15"": 4.808572399999999, ""16"": ""pub"", ""17"": ""ncpt"", ""18"": ""ncpt"", ""19"": 0, ""21"": 1.0, ""22"": ""IISCOR"", ""23"": ""Ramnagar"", ""24"": ""WB"", ""25"": ""pub"", ""26"": ""ncpt"", ""27"": null}",118,tab1a23-24-final,coal-statistics-download-excel-7,coal_statistics,Download Excel,https://coal.gov.in/sites/default/files/2024-03/cdchap6.xlsx
source_reference,"{""0"": ""SAIL"", ""1"": ""Tasra"", ""2"": null, ""3"": ""JKD"", ""4"": ""C"", ""5"": 12.4967048, ""6"": 3.7490114409999995, ""7"": 0.249934096, ""8"": 0, ""9"": 0, ""10"": 0, ""11"": 0, ""12"": 1.124703432, ""13"": 1.124703432, ""14"": 2.2494069, ""15"": 20.994464101000002, ""16"": ""pub"", ""17"": ""nrs"", ""18"": ""capt"", ""19"": 0, ""21"": 1.0, ""22"": ""SAIL"", ""23"": ""Tasra"", ""24"": ""JKD"", ""25"": ""pub"", ""26"": ""nrs"", ""27"": null}",119,tab1a23-24-final,coal-statistics-download-excel-7,coal_statistics,Download Excel,https://coal.gov.in/sites/default/files/2024-03/cdchap6.xlsx
source_reference,"{""0"": ""JSMDCL"", ""1"": ""Shikni OC"", ""2"": null, ""3"": ""JKD"", ""4"": ""C"", ""5"": 8.571880653000001, ""6"": 2.5715648420000004, ""7"": 0.171437721, ""8"": 0, ""9"": 0.738425874, ""10"": 0, ""11"": 13.504484, ""12"": 1.62835068, ""13"": 1.62835068, ""14"": 0, ""15"": 28.814494450000005, ""16"": ""pub"", ""17"": ""ncpt"", ""18"": ""ncpt"", ""19"": 0, ""21"": 1.0, ""22"": ""JSMDCL"", ""23"": ""Shikni OC"", ""24"": ""JKD"", ""25"": ""pub"", ""26"": ""ncpt"", ""27"": null}",120,tab1a23-24-final,coal-statistics-download-excel-7,coal_statistics,Download Excel,https://coal.gov.in/sites/default/files/2024-03/cdchap6.xlsx
source_reference,"{""0"": ""RRVUNL"", ""1"": ""Parsa E & Kanta Basan"", ""2"": null, ""3"": ""CHG"", ""4"": ""C"", ""5"": 83.49345178, ""6"": 8.349345178, ""7"": 1.669869036, ""8"": 0, ""9"": 0, ""10"": 0, ""11"": 268.034884, ""12"": 0, ""13"": 0, ""14"": 0, ""15"": 361.54754999399995, ""16"": ""pub"", ""17"": ""capt"", ""18"": ""capt"", ""19"": 0, ""21"": 1.0, ""22"": ""RRVUNL"", ""23"": ""Parsa E & Kanta Basan"", ""24"": ""CHG"", ""25"": ""pub"", ""26"": ""capt"", ""27"": null}",121,tab1a23-24-final,coal-statistics-download-excel-7,coal_statistics,Download Excel,https://coal.gov.in/sites/default/files/2024-03/cdchap6.xlsx
source_reference,"{""0"": ""NTPC_PB"", ""1"": ""Pakri Barwadih"", ""2"": null, ""3"": ""JKD"", ""4"": ""C"", ""5"": 317.437512, ""6"": 95.2312536, ""7"": 6.3487502, ""8"": 0, ""9"": 9.1620071, ""10"": 36.8509639, ""11"": 681.8409172, ""12"": 49.1420366, ""13"": 49.1420366, ""14"": 0, ""15"": 1245.1554772, ""16"": ""pub"", ""17"": ""capt"", ""18"": ""capt"", ""19"": 0, ""21"": 1.0, ""22"": ""NTPC_PB"", ""23"": ""Pakri Barwadih"", ""24"": ""JKD"", ""25"": ""pub"", ""26"": ""capt"", ""27"": null}",122,tab1a23-24-final,coal-statistics-download-excel-7,coal_statistics,Download Excel,https://coal.gov.in/sites/default/files/2024-03/cdchap6.xlsx
source_reference,"{""0"": ""NTPC_DG"", ""1"": ""Dulanga"", ""2"": null, ""3"": ""ODI"", ""4"": ""C"", ""5"": 74.284, ""6"": 7.4284, ""7"": 1.48568, ""8"": 0, ""9"": 0, ""10"": 4.8737242, ""11"": 0, ""12"": 15.6470778, ""13"": 15.6470778, ""14"": 0, ""15"": 119.36595980000001, ""16"": ""pub"", ""17"": ""capt"", ""18"": ""capt"", ""19"": 0, ""21"": 1.0, ""22"": ""NTPC_DG"", ""23"": ""Dulanga"", ""24"": ""ODI"", ""25"": ""pub"", ""26"": ""capt"", ""27"": null}",123,tab1a23-24-final,coal-statistics-download-excel-7,coal_statistics,Download Excel,https://coal.gov.in/sites/default/files/2024-03/cdchap6.xlsx
source_reference,"{""0"": ""NTPC_TP"", ""1"": ""Tallipalli"", ""2"": null, ""3"": ""CHG"", ""4"": ""C"", ""5"": 81.24788472899999, ""6"": 8.124788473, ""7"": 1.624957695, ""8"": 0, ""9"": 0, ""10"": 0, ""11"": 32.0048396, ""12"": 2.60178253, ""13"": 2.60178253, ""14"": 0, ""15"": 128.20603555699998, ""16"": ""pub"", ""17"": ""capt"", ""18"": ""capt"", ""19"": 0, ""21"": 1.0, ""22"": ""NTPC_TP"", ""23"": ""Tallipalli"", ""24"": ""CHG"", ""25"": ""pub"", ""26"": ""capt"", ""27"": null}",124,tab1a23-24-final,coal-statistics-download-excel-7,coal_statistics,Download Excel,https://coal.gov.in/sites/default/files/2024-03/cdchap6.xlsx
source_reference,"{""0"": ""NTPC_CB"", ""1"": ""Chatti Bariatu"", ""2"": null, ""3"": ""JKD"", ""4"": ""C"", ""5"": 47.7666, ""6"": 15.34323, ""7"": 0.955332, ""8"": 0, ""9"": 0.250238, ""10"": 5.4792252, ""11"": 113.387672, ""12"": 12.3214833, ""13"": 12.3214833, ""14"": 0, ""15"": 207.82526380000002, ""16"": ""pub"", ""17"": ""capt"", ""18"": ""capt"", ""19"": 0, ""21"": 1.0, ""22"": ""NTPC_CB"", ""23"": ""Chatti Bariatu"", ""24"": ""JKD"", ""25"": ""pub"", ""26"": ""capt"", ""27"": null}",125,tab1a23-24-final,coal-statistics-download-excel-7,coal_statistics,Download Excel,https://coal.gov.in/sites/default/files/2024-03/cdchap6.xlsx
source_reference,"{""0"": ""NTPC_KD"", ""1"": ""Kerandari"", ""2"": null, ""3"": ""JKD"", ""4"": ""C"", ""5"": 0.541593472, ""6"": 0.162478042, ""7"": 0.010831869000000001, ""8"": 0, ""9"": 0, ""10"": 0, ""11"": 1.72702, ""12"": 0.172994282, ""13"": 0.172994282, ""14"": 0, ""15"": 2.7879119469999996, ""16"": ""pub"", ""17"": ""capt"", ""18"": ""capt"", ""19"": null, ""21"": 1.0, ""22"": ""NTPC_KD"", ""23"": ""Kerandari"", ""24"": ""JKD"", ""25"": ""pub"", ""26"": ""capt"", ""27"": null}",126,tab1a23-24-final,coal-statistics-download-excel-7,coal_statistics,Download Excel,https://coal.gov.in/sites/default/files/2024-03/cdchap6.xlsx
source_reference,"{""0"": ""WBPDCL_B"", ""1"": ""Barjora"", ""2"": null, ""3"": ""WB"", ""4"": ""C"", ""5"": 0.1613913, ""6"": 0.0605792, ""7"": 0.0055011, ""8"": 0, ""9"": 2.7083991, ""10"": 0, ""11"": 0.1101438, ""12"": 25.4349727, ""13"": 25.4349727, ""14"": 0, ""15"": 53.9159599, ""16"": ""pub"", ""17"": ""capt"", ""18"": ""capt"", ""19"": 0, ""21"": 1.0, ""22"": ""WBPDCL_B"", ""23"": ""Barjora"", ""24"": ""WB"", ""25"": ""pub"", ""26"": ""capt"", ""27"": null}",127,tab1a23-24-final,coal-statistics-download-excel-7,coal_statistics,Download Excel,https://coal.gov.in/sites/default/files/2024-03/cdchap6.xlsx
source_reference,"{""0"": ""WBPDCL_BN"", ""1"": ""Barjora North"", ""2"": null, ""3"": ""WB"", ""4"": ""C"", ""5"": 0.3142225, ""6"": 0.0314224, ""7"": 0.0062845, ""8"": 0, ""9"": 0, ""10"": 0, ""11"": 0.1256896, ""12"": 0, ""13"": 2.2726826, ""14"": 0, ""15"": 2.7503016000000002, ""16"": ""pub"", ""17"": ""capt"", ""18"": ""capt"", ""19"": 0, ""21"": 1.0, ""22"": ""WBPDCL_BN"", ""23"": ""Barjora North"", ""24"": ""WB"", ""25"": ""pub"", ""26"": ""capt"", ""27"": null}",128,tab1a23-24-final,coal-statistics-download-excel-7,coal_statistics,Download Excel,https://coal.gov.in/sites/default/files/2024-03/cdchap6.xlsx
source_reference,"{""0"": ""WBPDCL_PN"", ""1"": ""Pachhwara North"", ""2"": null, ""3"": ""JKD"", ""4"": ""C"", ""5"": 298.6695793, ""6"": 89.6008738, ""7"": 5.9733915, ""8"": 0, ""9"": 128.694938874, ""10"": 84.398142, ""11"": 503.77726, ""12"": 50.218460252, ""13"": 50.218460252, ""14"": 0, ""15"": 1211.5511059780001, ""16"": ""pub"", ""17"": ""capt"", ""18"": ""capt"", ""19"": 0, ""21"": 1.0, ""22"": ""WBPDCL_PN"", ""23"": ""Pachhwara North"", ""24"": ""JKD"", ""25"": ""pub"", ""26"": ""capt"", ""27"": null}",129,tab1a23-24-final,coal-statistics-download-excel-7,coal_statistics,Download Excel,https://coal.gov.in/sites/default/files/2024-03/cdchap6.xlsx
source_reference,"{""0"": ""WBPDCL_GB"", ""1"": ""Gangaramchak Bhadulia"", ""2"": null, ""3"": ""WB"", ""4"": ""C"", ""5"": 0.709766, ""6"": 0.140693, ""7"": 0, ""8"": 0, ""9"": 0, ""10"": 0, ""11"": 54.0657468, ""12"": 0, ""13"": 0, ""14"": 0, ""15"": 54.9162058, ""16"": ""pub"", ""17"": ""capt"", ""18"": ""capt"", ""19"": 0, ""21"": 1.0, ""22"": ""WBPDCL_GB"", ""23"": ""Gangaramchak Bhadulia"", ""24"": ""WB"", ""25"": ""pub"", ""26"": ""capt"", ""27"": null}",130,tab1a23-24-final,coal-statistics-download-excel-7,coal_statistics,Download Excel,https://coal.gov.in/sites/default/files/2024-03/cdchap6.xlsx
source_reference,"{""0"": ""WBPDCL_T"", ""1"": ""Tara (East & West)"", ""2"": null, ""3"": ""WB"", ""4"": ""C"", ""5"": 0.0261853, ""6"": 0.0026185, ""7"": 0.0004584, ""8"": 0, ""9"": 0, ""10"": 0, ""11"": 0.104742, ""12"": 0, ""13"": 0, ""14"": 0, ""15"": 0.13400420000000002, ""16"": ""pub"", ""17"": ""capt"", ""18"": ""capt"", ""19"": null, ""21"": 1.0, ""22"": ""WBPDCL_T"", ""23"": ""Tara (East & West)"", ""24"": ""WB"", ""25"": ""pub"", ""26"": ""capt"", ""27"": null}",131,tab1a23-24-final,coal-statistics-download-excel-7,coal_statistics,Download Excel,https://coal.gov.in/sites/default/files/2024-03/cdchap6.xlsx
source_reference,"{""0"": ""CSPGCL"", ""1"": ""GP/S-III"", ""2"": null, ""3"": ""CHG"", ""4"": ""C"", ""5"": 26.3928, ""6"": 2.63928, ""7"": 0.527856, ""8"": 0, ""9"": 0, ""10"": 0, ""11"": 6.8625, ""12"": 2.66039424, ""13"": 2.66039424, ""14"": 0, ""15"": 41.74322448, ""16"": ""pub"", ""17"": ""capt"", ""18"": ""capt"", ""19"": 0, ""21"": 1.0, ""22"": ""CSPGCL"", ""23"": ""GP/S-III"", ""24"": ""CHG"", ""25"": ""pub"", ""26"": ""capt"", ""27"": null}",132,tab1a23-24-final,coal-statistics-download-excel-7,coal_statistics,Download Excel,https://coal.gov.in/sites/default/files/2024-03/cdchap6.xlsx
source_reference,"{""0"": ""TGGENCO"", ""1"": ""Tadicherla"", ""2"": null, ""3"": ""TLNG"", ""4"": ""C"", ""5"": 4.2339354, ""6"": 0, ""7"": 0, ""8"": 0, ""9"": 0, ""10"": 0, ""11"": 0, ""12"": 0, ""13"": 0.3810542, ""14"": 0, ""15"": 4.6149896, ""16"": ""pub"", ""17"": ""capt"", ""18"": ""capt"", ""19"": 0, ""21"": 1.0, ""22"": ""TGGENCO"", ""23"": ""Tadicherla"", ""24"": ""TLNG"", ""25"": ""pub"", ""26"": ""capt"", ""27"": null}",133,tab1a23-24-final,coal-statistics-download-excel-7,coal_statistics,Download Excel,https://coal.gov.in/sites/default/files/2024-03/cdchap6.xlsx
source_reference,"{""0"": ""OCPL"", ""1"": ""Manoharpur"", ""2"": null, ""3"": ""ODI"", ""4"": ""C"", ""5"": 169.1051953, ""6"": 13.24926659, ""7"": 2.649854397, ""8"": 0, ""9"": 1.344155164, ""10"": 68.3, ""11"": 331.3941922, ""12"": 75.70783323, ""13"": 75.70783323, ""14"": 0, ""15"": 737.458330111, ""16"": ""pub"", ""17"": ""capt"", ""18"": ""capt"", ""19"": 0, ""21"": 1.0, ""22"": ""OCPL"", ""23"": ""Manoharpur"", ""24"": ""ODI"", ""25"": ""pub"", ""26"": ""capt"", ""27"": null}",134,tab1a23-24-final,coal-statistics-download-excel-7,coal_statistics,Download Excel,https://coal.gov.in/sites/default/files/2024-03/cdchap6.xlsx
source_reference,"{""0"": ""DPL"", ""1"": ""Trans Damodar"", ""2"": null, ""3"": ""WB"", ""4"": ""C"", ""5"": 0.2688722, ""6"": 0.0268873, ""7"": 0.00446, ""8"": 0, ""9"": 0, ""10"": 0, ""11"": 0.0694248, ""12"": 10.682461, ""13"": 10.682461, ""14"": 0, ""15"": 21.7345663, ""16"": ""pub"", ""17"": ""capt"", ""18"": ""capt"", ""19"": 0, ""21"": 1.0, ""22"": ""DPL"", ""23"": ""Trans Damodar"", ""24"": ""WB"", ""25"": ""pub"", ""26"": ""capt"", ""27"": null}",135,tab1a23-24-final,coal-statistics-download-excel-7,coal_statistics,Download Excel,https://coal.gov.in/sites/default/files/2024-03/cdchap6.xlsx
source_reference,"{""0"": ""NLCL_II&III"", ""1"": ""Talabira II & III"", ""2"": null, ""3"": ""ODI"", ""4"": ""C"", ""5"": 376.890007432, ""6"": 52.57454371, ""7"": 3.5049695689999996, ""8"": 0, ""9"": 53.950227, ""10"": 0, ""11"": 456.743355304, ""12"": 75.417267591, ""13"": 75.417267591, ""14"": 0, ""15"": 1094.497638197, ""16"": ""pub"", ""17"": ""capt"", ""18"": ""capt"", ""19"": 0, ""21"": 1.0, ""22"": ""NLCL_II&III"", ""23"": ""Talabira II & III"", ""24"": ""ODI"", ""25"": ""pub"", ""26"": ""capt"", ""27"": null}",136,tab1a23-24-final,coal-statistics-download-excel-7,coal_statistics,Download Excel,https://coal.gov.in/sites/default/files/2024-03/cdchap6.xlsx
source_reference,"{""0"": ""APMDCL"", ""1"": ""Suliyari"", ""2"": null, ""3"": ""MP"", ""4"": ""C"", ""5"": 202.1162415, ""6"": 20.21163156, ""7"": 4.042491541, ""8"": 0, ""9"": 24.4444822, ""10"": 0, ""11"": 181.4319793, ""12"": 35.4887668, ""13"": 35.4887668, ""14"": 0, ""15"": 503.224359701, ""16"": ""pub"", ""17"": ""cmrc"", ""18"": ""capt"", ""19"": 0, ""21"": 1.0, ""22"": ""APMDCL"", ""23"": ""Suliyari"", ""24"": ""MP"", ""25"": ""pub"", ""26"": ""cmrc"", ""27"": null}",137,tab1a23-24-final,coal-statistics-download-excel-7,coal_statistics,Download Excel,https://coal.gov.in/sites/default/files/2024-03/cdchap6.xlsx
source_reference,"{""0"": ""PSPCL"", ""1"": ""Pachhwara Central"", ""2"": null, ""3"": ""JKD"", ""4"": ""C"", ""5"": 94.64555406, ""6"": 28.393666218, ""7"": 1.892911081, ""8"": 0, ""9"": 45.292413533, ""10"": 0, ""11"": 169.5173924, ""12"": 22.6462068, ""13"": 22.6462068, ""14"": 0, ""15"": 385.034350892, ""16"": ""pub"", ""17"": ""capt"", ""18"": ""capt"", ""19"": 0, ""21"": 1.0, ""22"": ""PSPCL"", ""23"": ""Pachhwara Central"", ""24"": ""JKD"", ""25"": ""pub"", ""26"": ""capt"", ""27"": null}",138,tab1a23-24-final,coal-statistics-download-excel-7,coal_statistics,Download Excel,https://coal.gov.in/sites/default/files/2024-03/cdchap6.xlsx
source_reference,"{""0"": ""THDC"", ""1"": ""Amelia"", ""2"": null, ""3"": ""MP"", ""4"": ""C"", ""5"": 28.4044587, ""6"": 2.8404459, ""7"": 0.56808917, ""8"": 0, ""9"": 5.254631169, ""10"": 0, ""11"": 50.4675572, ""12"": 4.953488158, ""13"": 4.953488158, ""14"": 0, ""15"": 97.442158455, ""16"": ""pub"", ""17"": ""capt"", ""18"": ""capt"", ""19"": 0, ""21"": 1.0, ""22"": ""THDC"", ""23"": ""Amelia"", ""24"": ""MP"", ""25"": ""pub"", ""26"": ""capt"", ""27"": null}",139,tab1a23-24-final,coal-statistics-download-excel-7,coal_statistics,Download Excel,https://coal.gov.in/sites/default/files/2024-03/cdchap6.xlsx
source_reference,"{""0"": ""KPCL"", ""1"": ""Baranj"", ""2"": null, ""3"": ""MAH"", ""4"": ""C"", ""5"": 48, ""6"": 4.8, ""7"": 0.96, ""8"": 0, ""9"": 0, ""10"": 0, ""11"": 0, ""12"": 0, ""13"": 0, ""14"": 0, ""15"": 53.76, ""16"": ""pub"", ""17"": ""capt"", ""18"": ""capt"", ""19"": 0, ""21"": 1.0, ""22"": ""KPCL"", ""23"": ""Baranj"", ""24"": ""MAH"", ""25"": ""pub"", ""26"": ""capt"", ""27"": null}",140,tab1a23-24-final,coal-statistics-download-excel-7,coal_statistics,Download Excel,https://coal.gov.in/sites/default/files/2024-03/cdchap6.xlsx
source_reference,"{""0"": ""NALCO"", ""1"": ""Utkal D"", ""2"": null, ""3"": ""ODI"", ""4"": ""C"", ""5"": 21.2252201, ""6"": 2.1225222, ""7"": 0.4245051, ""8"": 0, ""9"": 0, ""10"": 0, ""11"": 0, ""12"": 2.101296807, ""13"": 2.101296807, ""14"": 0, ""15"": 27.974841014000003, ""16"": ""pub"", ""17"": ""nrs"", ""18"": ""capt"", ""19"": 0, ""21"": 1.0, ""22"": ""NALCO"", ""23"": ""Utkal D"", ""24"": ""ODI"", ""25"": ""pub"", ""26"": ""nrs"", ""27"": null}",141,tab1a23-24-final,coal-statistics-download-excel-7,coal_statistics,Download Excel,https://coal.gov.in/sites/default/files/2024-03/cdchap6.xlsx
source_reference,"{""0"": ""PUBLIC"", ""1"": null, ""2"": null, ""3"": null, ""4"": ""C"", ""5"": 20918.415374695, ""6"": 5884.361201707001, ""7"": 380.393904551, ""8"": 14392.41, ""9"": 373.47552601399997, ""10"": 11199.037955300002, ""11"": 34630.065899504, ""12"": 2707.3683000900005, ""13"": 2713.1814289900008, ""14"": 2.2494069, ""15"": 93200.95899775096, ""16"": null, ""17"": null, ""18"": null, ""19"": 0, ""21"": 0.0, ""22"": ""PUBLIC"", ""23"": null, ""24"": ""TOT"", ""25"": null, ""26"": null, ""27"": null}",142,tab1a23-24-final,coal-statistics-download-excel-7,coal_statistics,Download Excel,https://coal.gov.in/sites/default/files/2024-03/cdchap6.xlsx
source_reference,"{""0"": ""TSLJH"", ""1"": ""Jharia"", ""2"": null, ""3"": ""JKD"", ""4"": ""C"", ""5"": 29.9523903, ""6"": 8.8474799, ""7"": 0.5898322, ""8"": 0, ""9"": 0, ""10"": 0, ""11"": 0, ""12"": 3.5450734, ""13"": 3.5450734, ""14"": 0, ""15"": 46.479849200000004, ""16"": ""pvt"", ""17"": ""ncpt"", ""18"": ""ncpt"", ""19"": 0, ""21"": 1.0, ""22"": ""TSLJH"", ""23"": ""Jharia"", ""24"": ""JKD"", ""25"": ""pvt"", ""26"": ""ncpt"", ""27"": null}",143,tab1a23-24-final,coal-statistics-download-excel-7,coal_statistics,Download Excel,https://coal.gov.in/sites/default/files/2024-03/cdchap6.xlsx
source_reference,"{""0"": ""TSLWB"", ""1"": ""West Bokaro"", ""2"": null, ""3"": ""JKD"", ""4"": ""C"", ""5"": 232.7432245, ""6"": 69.4267874, ""7"": 4.6284525, ""8"": 0, ""9"": 0, ""10"": 4.6548644, ""11"": 151.32345032, ""12"": 357.0259902, ""13"": 357.0259902, ""14"": 0, ""15"": 1176.82875952, ""16"": ""pvt"", ""17"": ""ncpt"", ""18"": ""ncpt"", ""19"": 0, ""21"": 1.0, ""22"": ""TSLWB"", ""23"": ""West Bokaro"", ""24"": ""JKD"", ""25"": ""pvt"", ""26"": ""ncpt"", ""27"": null}",144,tab1a23-24-final,coal-statistics-download-excel-7,coal_statistics,Download Excel,https://coal.gov.in/sites/default/files/2024-03/cdchap6.xlsx
source_reference,"{""0"": ""CESC"", ""1"": ""Sarshatali"", ""2"": null, ""3"": ""WB"", ""4"": ""C"", ""5"": 0.4122722, ""6"": 0.0393896, ""7"": 0.0082455, ""8"": 0, ""9"": 0, ""10"": 0, ""11"": 34.6728115, ""12"": 17.0125532, ""13"": 17.0125532, ""14"": 0, ""15"": 69.15782519999999, ""16"": ""pvt"", ""17"": ""capt"", ""18"": ""capt"", ""19"": 0, ""21"": 1.0, ""22"": ""CESC"", ""23"": ""Sarshatali"", ""24"": ""WB"", ""25"": ""pvt"", ""26"": ""capt"", ""27"": null}",145,tab1a23-24-final,coal-statistics-download-excel-7,coal_statistics,Download Excel,https://coal.gov.in/sites/default/files/2024-03/cdchap6.xlsx
source_reference,"{""0"": ""HIL_GP_IV/4"", ""1"": ""Gare Palma IV/4"", ""2"": null, ""3"": ""CHG"", ""4"": ""C"", ""5"": 12.084345, ""6"": 1.2084345, ""7"": 0.2416869, ""8"": 0, ""9"": 0.005854264999999999, ""10"": 0, ""11"": 0, ""12"": 17.425769488, ""13"": 17.425769488, ""14"": 0, ""15"": 48.391859641, ""16"": ""pvt"", ""17"": ""nrs"", ""18"": ""capt"", ""19"": 0, ""21"": 1.0, ""22"": ""HIL_GP_IV/4"", ""23"": ""Gare Palma IV/4"", ""24"": ""CHG"", ""25"": ""pvt"", ""26"": ""nrs"", ""27"": null}",146,tab1a23-24-final,coal-statistics-download-excel-7,coal_statistics,Download Excel,https://coal.gov.in/sites/default/files/2024-03/cdchap6.xlsx
source_reference,"{""0"": ""HIL_GP_IV/5"", ""1"": ""Gare Palma IV/5"", ""2"": null, ""3"": ""CHG"", ""4"": ""C"", ""5"": 0, ""6"": 0, ""7"": 0, ""8"": 0, ""9"": 0, ""10"": 0, ""11"": 0, ""12"": 0, ""13"": 0, ""14"": 0, ""15"": 0, ""16"": ""pvt"", ""17"": ""nrs"", ""18"": ""capt"", ""19"": 0, ""21"": 1.0, ""22"": ""HIL_GP_IV/5"", ""23"": ""Gare Palma IV/5"", ""24"": ""CHG"", ""25"": ""pvt"", ""26"": ""nrs"", ""27"": null}",147,tab1a23-24-final,coal-statistics-download-excel-7,coal_statistics,Download Excel,https://coal.gov.in/sites/default/files/2024-03/cdchap6.xlsx
source_reference,"{""0"": ""HIL_KOC"", ""1"": ""Kathautia"", ""2"": null, ""3"": ""JKD"", ""4"": ""C"", ""5"": 7.0190606, ""6"": 0.7019061, ""7"": 0.1403813, ""8"": 0, ""9"": 0, ""10"": 0, ""11"": 7.540732, ""12"": 0.7075213, ""13"": 0.7075213, ""14"": 0, ""15"": 16.8171226, ""16"": ""pvt"", ""17"": ""nrs"", ""18"": ""capt"", ""19"": 0, ""21"": 1.0, ""22"": ""HIL_KOC"", ""23"": ""Kathautia"", ""24"": ""JKD"", ""25"": ""pvt"", ""26"": ""nrs"", ""27"": null}",148,tab1a23-24-final,coal-statistics-download-excel-7,coal_statistics,Download Excel,https://coal.gov.in/sites/default/files/2024-03/cdchap6.xlsx
source_reference,"{""0"": ""SPL"", ""1"": ""Moher & Moher Amlohri Extn"", ""2"": null, ""3"": ""MP"", ""4"": ""C"", ""5"": 130.7776918, ""6"": 21.0892258, ""7"": 3.7687764, ""8"": 0, ""9"": 0, ""10"": 0, ""11"": 0, ""12"": 25.4139601, ""13"": 25.4139601, ""14"": 0, ""15"": 206.46361420000002, ""16"": ""pvt"", ""17"": ""capt"", ""18"": ""capt"", ""19"": 0, ""21"": 1.0, ""22"": ""SPL"", ""23"": ""Moher & Moher Amlohri Extn"", ""24"": ""MP"", ""25"": ""pvt"", ""26"": ""capt"", ""27"": null}",149,tab1a23-24-final,coal-statistics-download-excel-7,coal_statistics,Download Excel,https://coal.gov.in/sites/default/files/2024-03/cdchap6.xlsx
source_reference,"{""0"": ""BALCO"", ""1"": ""Chotia II"", ""2"": null, ""3"": ""CHG"", ""4"": ""C"", ""5"": 12.7241801, ""6"": 1.272418, ""7"": 0.2544836, ""8"": 0, ""9"": 0, ""10"": 0, ""11"": 0, ""12"": 25.940838751, ""13"": 25.940838751, ""14"": 0, ""15"": 66.132759202, ""16"": ""pvt"", ""17"": ""nrs"", ""18"": ""capt"", ""19"": 0, ""21"": 1.0, ""22"": ""BALCO"", ""23"": ""Chotia II"", ""24"": ""CHG"", ""25"": ""pvt"", ""26"": ""nrs"", ""27"": null}",150,tab1a23-24-final,coal-statistics-download-excel-7,coal_statistics,Download Excel,https://coal.gov.in/sites/default/files/2024-03/cdchap6.xlsx
source_reference,"{""0"": ""SIL"", ""1"": ""Belgaon"", ""2"": null, ""3"": ""MAH"", ""4"": ""C"", ""5"": 4.6780987, ""6"": 0.4678099, ""7"": 0.093562, ""8"": 0, ""9"": 0, ""10"": 48.46461, ""11"": 0, ""12"": 0.4715524, ""13"": 0.4715524, ""14"": 0, ""15"": 54.6471854, ""16"": ""pvt"", ""17"": ""nrs"", ""18"": ""capt"", ""19"": 0, ""21"": 1.0, ""22"": ""SIL"", ""23"": ""Belgaon"", ""24"": ""MAH"", ""25"": ""pvt"", ""26"": ""nrs"", ""27"": null}",151,tab1a23-24-final,coal-statistics-download-excel-7,coal_statistics,Download Excel,https://coal.gov.in/sites/default/files/2024-03/cdchap6.xlsx
source_reference,"{""0"": ""JPVL"", ""1"": ""Amelia North"", ""2"": null, ""3"": ""MP"", ""4"": ""C"", ""5"": 53.2344224, ""6"": 5.3234421, ""7"": 1.0646885, ""8"": 0, ""9"": 0, ""10"": 0, ""11"": 0, ""12"": 5.3660298, ""13"": 5.3660298, ""14"": 0, ""15"": 70.3546126, ""16"": ""pvt"", ""17"": ""capt"", ""18"": ""capt"", ""19"": 0, ""21"": 1.0, ""22"": ""JPVL"", ""23"": ""Amelia North"", ""24"": ""MP"", ""25"": ""pvt"", ""26"": ""capt"", ""27"": null}",152,tab1a23-24-final,coal-statistics-download-excel-7,coal_statistics,Download Excel,https://coal.gov.in/sites/default/files/2024-03/cdchap6.xlsx
source_reference,"{""0"": ""JPL_IV/1"", ""1"": ""Gare Palma IV/1"", ""2"": null, ""3"": ""CHG"", ""4"": ""C"", ""5"": 330.9640419, ""6"": 12.0643014, ""7"": 2.4128603, ""8"": 0, ""9"": 0, ""10"": 0, ""11"": 6.4463656, ""12"": 29.786763800000003, ""13"": 29.786763800000003, ""14"": 0, ""15"": 411.46109679999995, ""16"": ""pvt"", ""17"": ""cmrc"", ""18"": ""capt"", ""19"": 0, ""21"": 1.0, ""22"": ""JPL_IV/1"", ""23"": ""Gare Palma IV/1"", ""24"": ""CHG"", ""25"": ""pvt"", ""26"": ""cmrc"", ""27"": null}",153,tab1a23-24-final,coal-statistics-download-excel-7,coal_statistics,Download Excel,https://coal.gov.in/sites/default/files/2024-03/cdchap6.xlsx
source_reference,"{""0"": ""JPL_IV/2 & 3"", ""1"": ""Gare Palma 2&3"", ""2"": null, ""3"": ""CHG"", ""4"": ""C"", ""5"": 0, ""6"": 0, ""7"": 0, ""8"": 0, ""9"": 0, ""10"": 0, ""11"": 0, ""12"": 0, ""13"": 0, ""14"": 0, ""15"": 0, ""16"": ""pvt"", ""17"": ""cmrc"", ""18"": ""capt"", ""19"": null, ""21"": 1.0, ""22"": ""JPL_IV/2 & 3"", ""23"": ""Gare Palma 2&3"", ""24"": ""CHG"", ""25"": ""pvt"", ""26"": ""cmrc"", ""27"": null}",154,tab1a23-24-final,coal-statistics-download-excel-7,coal_statistics,Download Excel,https://coal.gov.in/sites/default/files/2024-03/cdchap6.xlsx
source_reference,"{""0"": ""RCCPL"", ""1"": ""Sial Ghogri"", ""2"": null, ""3"": ""MP"", ""4"": ""C"", ""5"": 12.4025, ""6"": 1.24025, ""7"": 0.24805, ""8"": 0, ""9"": 0, ""10"": 0.2624466, ""11"": 0, ""12"": 1.250172, ""13"": 1.250172, ""14"": 0, ""15"": 16.653590599999998, ""16"": ""pvt"", ""17"": ""nrs"", ""18"": ""capt"", ""19"": 0, ""21"": 1.0, ""22"": ""RCCPL"", ""23"": ""Sial Ghogri"", ""24"": ""MP"", ""25"": ""pvt"", ""26"": ""nrs"", ""27"": null}",155,tab1a23-24-final,coal-statistics-download-excel-7,coal_statistics,Download Excel,https://coal.gov.in/sites/default/files/2024-03/cdchap6.xlsx
source_reference,"{""0"": ""TUML"", ""1"": ""Marki Mangli I"", ""2"": null, ""3"": ""MAH"", ""4"": ""C"", ""5"": 0.49812, ""6"": 0.049812, ""7"": 0.01, ""8"": 0, ""9"": 0, ""10"": 0.0099624, ""11"": 0.4537764, ""12"": 0, ""13"": 0.048244066, ""14"": 0, ""15"": 1.0699148660000002, ""16"": ""pvt"", ""17"": ""nrs"", ""18"": ""capt"", ""19"": 0, ""21"": 1.0, ""22"": ""TUML"", ""23"": ""Marki Mangli I"", ""24"": ""MAH"", ""25"": ""pvt"", ""26"": ""nrs"", ""27"": null}",156,tab1a23-24-final,coal-statistics-download-excel-7,coal_statistics,Download Excel,https://coal.gov.in/sites/default/files/2024-03/cdchap6.xlsx
source_reference,"{""0"": ""AMBUJA"", ""1"": ""Gare Palma IV/8"", ""2"": null, ""3"": ""CHG"", ""4"": ""C"", ""5"": 17.51865831, ""6"": 1.954183206, ""7"": 0.3908366812, ""8"": 0, ""9"": 3.39413305, ""10"": 0, ""11"": 5.240359585, ""12"": 32.80377145, ""13"": 32.80377145, ""14"": 0, ""15"": 94.1057137322, ""16"": ""pvt"", ""17"": ""nrs"", ""18"": ""capt"", ""19"": 0, ""21"": 1.0, ""22"": ""AMBUJA"", ""23"": ""Gare Palma IV/8"", ""24"": ""CHG"", ""25"": ""pvt"", ""26"": ""nrs"", ""27"": null}",157,tab1a23-24-final,coal-statistics-download-excel-7,coal_statistics,Download Excel,https://coal.gov.in/sites/default/files/2024-03/cdchap6.xlsx
source_reference,"{""0"": ""BSIL"", ""1"": ""Marki Mangli III"", ""2"": null, ""3"": ""MAH"", ""4"": ""C"", ""5"": 2.190485, ""6"": 0.2000786, ""7"": 0.04, ""8"": 0, ""9"": 0, ""10"": 0.0575513, ""11"": 1.7077692, ""12"": 0.463198, ""13"": 0.463198, ""14"": 0, ""15"": 5.1222801, ""16"": ""pvt"", ""17"": ""nrs"", ""18"": ""capt"", ""19"": 0, ""21"": 1.0, ""22"": ""BSIL"", ""23"": ""Marki Mangli III"", ""24"": ""MAH"", ""25"": ""pvt"", ""26"": ""nrs"", ""27"": null}",158,tab1a23-24-final,coal-statistics-download-excel-7,coal_statistics,Download Excel,https://coal.gov.in/sites/default/files/2024-03/cdchap6.xlsx
source_reference,"{""0"": ""UTCL"", ""1"": ""Bicharpur"", ""2"": null, ""3"": ""MP"", ""4"": ""C"", ""5"": 9.33608, ""6"": 0.933608, ""7"": 0.1867216, ""8"": 0, ""9"": 0, ""10"": 0, ""11"": 1.9857808, ""12"": 0, ""13"": 1.7162989, ""14"": 0, ""15"": 14.158489300000001, ""16"": ""pvt"", ""17"": ""nrs"", ""18"": ""capt"", ""19"": 0, ""21"": 1.0, ""22"": ""UTCL"", ""23"": ""Bicharpur"", ""24"": ""MP"", ""25"": ""pvt"", ""26"": ""nrs"", ""27"": null}",159,tab1a23-24-final,coal-statistics-download-excel-7,coal_statistics,Download Excel,https://coal.gov.in/sites/default/files/2024-03/cdchap6.xlsx
source_reference,"{""0"": ""SEML"", ""1"": ""Gare Palma IV/7"", ""2"": null, ""3"": ""CHG"", ""4"": ""C"", ""5"": 31.488548, ""6"": 3.1488548, ""7"": 0.629771, ""8"": 52.8571905, ""9"": 0.687096, ""10"": 128, ""11"": 8.4652844, ""12"": 0.4368709, ""13"": 0.4368709, ""14"": 0, ""15"": 226.1504865, ""16"": ""pvt"", ""17"": ""cmrc"", ""18"": ""capt"", ""19"": 0, ""21"": 1.0, ""22"": ""SEML"", ""23"": ""Gare Palma IV/7"", ""24"": ""CHG"", ""25"": ""pvt"", ""26"": ""cmrc"", ""27"": null}",160,tab1a23-24-final,coal-statistics-download-excel-7,coal_statistics,Download Excel,https://coal.gov.in/sites/default/files/2024-03/cdchap6.xlsx
source_reference,"{""0"": ""Vedanta"", ""1"": ""Jamkhani"", ""2"": null, ""3"": ""ODI"", ""4"": ""C"", ""5"": 33.3947285, ""6"": 3.3395001, ""7"": 0.6679228, ""8"": 0, ""9"": 0, ""10"": 0, ""11"": 0, ""12"": 3.366193626, ""13"": 3.366193626, ""14"": 0, ""15"": 44.134538651999996, ""16"": ""pvt"", ""17"": ""nrs"", ""18"": ""capt"", ""19"": 0, ""21"": 1.0, ""22"": ""Vedanta"", ""23"": ""Jamkhani"", ""24"": ""ODI"", ""25"": ""pvt"", ""26"": ""nrs"", ""27"": null}",161,tab1a23-24-final,coal-statistics-download-excel-7,coal_statistics,Download Excel,https://coal.gov.in/sites/default/files/2024-03/cdchap6.xlsx
source_reference,"{""0"": ""BSMPL"", ""1"": ""Goitoria East & West"", ""2"": null, ""3"": ""MP"", ""4"": ""C"", ""5"": 10.656855, ""6"": 1.0656859, ""7"": 0.2131372, ""8"": 0, ""9"": 1.3607855, ""10"": 0, ""11"": 11.5571232, ""12"": 1.6573314, ""13"": 1.6573314, ""14"": 0, ""15"": 28.168249600000003, ""16"": ""pvt"", ""17"": ""cmrc"", ""18"": ""capt"", ""19"": 0, ""21"": 1.0, ""22"": ""BSMPL"", ""23"": ""Goitoria East & West"", ""24"": ""MP"", ""25"": ""pvt"", ""26"": ""cmrc"", ""27"": null}",162,tab1a23-24-final,coal-statistics-download-excel-7,coal_statistics,Download Excel,https://coal.gov.in/sites/default/files/2024-03/cdchap6.xlsx
source_reference,"{""0"": ""JSPL_UC"", ""1"": ""Utkal C"", ""2"": null, ""3"": ""ODI"", ""4"": ""C"", ""5"": 23.3587046, ""6"": 2.3358705, ""7"": 0.467174, ""8"": 0, ""9"": 0, ""10"": 0.5139889, ""11"": 0, ""12"": 2.3545574, ""13"": 2.3545574, ""14"": 0, ""15"": 31.3848528, ""16"": ""pvt"", ""17"": ""cmrc"", ""18"": ""capt"", ""19"": 0, ""21"": 1.0, ""22"": ""JSPL_UC"", ""23"": ""Utkal C"", ""24"": ""ODI"", ""25"": ""pvt"", ""26"": ""cmrc"", ""27"": null}",163,tab1a23-24-final,coal-statistics-download-excel-7,coal_statistics,Download Excel,https://coal.gov.in/sites/default/files/2024-03/cdchap6.xlsx
source_reference,"{""0"": ""JSPL_GP IV/6"", ""1"": ""Gare Palma IV/6"", ""2"": null, ""3"": ""CHG"", ""4"": ""C"", ""5"": 55.62359290074, ""6"": 5.562359280074, ""7"": 1.1124718560148, ""8"": 0, ""9"": 0.09954293900000014, ""10"": 0, ""11"": 18.7171148, ""12"": 22.698191088999998, ""13"": 22.698191088999998, ""14"": 0, ""15"": 126.51146395382881, ""16"": ""pvt"", ""17"": ""cmrc"", ""18"": ""capt"", ""19"": 0, ""21"": 1.0, ""22"": ""JSPL_GP IV/6"", ""23"": ""Gare Palma IV/6"", ""24"": ""CHG"", ""25"": ""pvt"", ""26"": ""cmrc"", ""27"": null}",164,tab1a23-24-final,coal-statistics-download-excel-7,coal_statistics,Download Excel,https://coal.gov.in/sites/default/files/2024-03/cdchap6.xlsx
source_reference,"{""0"": ""AIPL"", ""1"": ""Takli Jena Bellora"", ""2"": null, ""3"": ""MAH"", ""4"": ""C"", ""5"": 4, ""6"": 0.4, ""7"": 0.08, ""8"": 0, ""9"": 0, ""10"": 0, ""11"": 2.5506836, ""12"": 0.5322673, ""13"": 0.5322673, ""14"": 0, ""15"": 8.095218200000001, ""16"": ""pvt"", ""17"": ""cmrc"", ""18"": ""capt"", ""19"": 0, ""21"": 1.0, ""22"": ""AIPL"", ""23"": ""Takli Jena Bellora"", ""24"": ""MAH"", ""25"": ""pvt"", ""26"": ""cmrc"", ""27"": null}",165,tab1a23-24-final,coal-statistics-download-excel-7,coal_statistics,Download Excel,https://coal.gov.in/sites/default/files/2024-03/cdchap6.xlsx
source_reference,"{""0"": ""PRIVATE"", ""1"": null, ""2"": null, ""3"": null, ""4"": ""C"", ""5"": 1015.0579998107401, ""6"": 140.67139708607402, ""7"": 17.249054337214794, ""8"": 52.8571905, ""9"": 5.547411754, ""10"": 181.96342359999997, ""11"": 250.661251405, ""12"": 548.2586056040001, ""13"": 550.0231485700001, ""14"": 0, ""15"": 2762.289482667028, ""16"": null, ""17"": null, ""18"": null, ""19"": 0, ""21"": null, ""22"": null, ""23"": null, ""24"": null, ""25"": null, ""26"": null, ""27"": null}",166,tab1a23-24-final,coal-statistics-download-excel-7,coal_statistics,Download Excel,https://coal.gov.in/sites/default/files/2024-03/cdchap6.xlsx
source_reference,"{""0"": ""GRAND TOTAL"", ""1"": null, ""2"": null, ""3"": null, ""4"": ""C"", ""5"": 21933.47337450574, ""6"": 6025.032598793075, ""7"": 397.64295888821476, ""8"": 14445.2671905, ""9"": 379.02293776799996, ""10"": 11381.001378900002, ""11"": 34880.727150909, ""12"": 3255.6269056940005, ""13"": 3263.204577560001, ""14"": 2.2494069, ""15"": 95963.24848041798, ""16"": null, ""17"": null, ""18"": null, ""19"": 0, ""21"": null, ""22"": null, ""23"": null, ""24"": null, ""25"": null, ""26"": null, ""27"": null}",167,tab1a23-24-final,coal-statistics-download-excel-7,coal_statistics,Download Excel,https://coal.gov.in/sites/default/files/2024-03/cdchap6.xlsx
source_reference,"{""0"": null, ""1"": null, ""2"": null, ""3"": null, ""4"": null, ""5"": null, ""6"": null, ""7"": null, ""8"": null, ""9"": null, ""10"": null, ""11"": null, ""12"": null, ""13"": null, ""14"": 52782.809419963, ""15"": null, ""16"": null, ""17"": null, ""18"": null, ""19"": null, ""21"": null, ""22"": null, ""23"": null, ""24"": null, ""25"": null, ""26"": null, ""27"": null}",168,tab1a23-24-final,coal-statistics-download-excel-7,coal_statistics,Download Excel,https://coal.gov.in/sites/default/files/2024-03/cdchap6.xlsx
source_reference,"{""0"": ""STATEWISE RAW COAL"", ""1"": null, ""2"": null, ""3"": null, ""4"": null, ""5"": null, ""6"": null, ""7"": null, ""8"": null, ""9"": null, ""10"": null, ""11"": null, ""12"": null, ""13"": null, ""14"": null, ""15"": null, ""16"": null, ""17"": null, ""18"": null, ""19"": null, ""21"": null, ""22"": null, ""23"": null, ""24"": null, ""25"": null, ""26"": null, ""27"": null}",169,tab1a23-24-final,coal-statistics-download-excel-7,coal_statistics,Download Excel,https://coal.gov.in/sites/default/files/2024-03/cdchap6.xlsx
source_reference,"{""0"": null, ""1"": null, ""2"": null, ""3"": ""ASM"", ""4"": ""C"", ""5"": 16.838378, ""6"": 5.051513528, ""7"": 0.3367676, ""8"": 0, ""9"": 5.9486597, ""10"": 0, ""11"": 6.7050844, ""12"": 4.0148478, ""13"": 4.0148478, ""14"": 0, ""15"": 42.910098827999995, ""16"": null, ""17"": null, ""18"": null, ""19"": 0, ""21"": null, ""22"": null, ""23"": null, ""24"": null, ""25"": null, ""26"": null, ""27"": null}",170,tab1a23-24-final,coal-statistics-download-excel-7,coal_statistics,Download Excel,https://coal.gov.in/sites/default/files/2024-03/cdchap6.xlsx
source_reference,"{""0"": null, ""1"": null, ""2"": null, ""3"": ""CHG"", ""4"": ""C"", ""5"": 3495.3750237317395, ""6"": 918.569087452074, ""7"": 69.32418381121484, ""8"": 52.8571905, ""9"": 4.186626254, ""10"": 2556.2459, ""11"": 7054.441285585, ""12"": 521.269740287, ""13"": 521.269740287, ""14"": 0, ""15"": 15193.53877790803, ""16"": null, ""17"": null, ""18"": null, ""19"": 0, ""21"": null, ""22"": null, ""23"": null, ""24"": null, ""25"": null, ""26"": null, ""27"": null}",171,tab1a23-24-final,coal-statistics-download-excel-7,coal_statistics,Download Excel,https://coal.gov.in/sites/default/files/2024-03/cdchap6.xlsx
source_reference,"{""0"": null, ""1"": null, ""2"": null, ""3"": ""J&K"", ""4"": ""C"", ""5"": 0, ""6"": 0, ""7"": 0, ""8"": 0, ""9"": 0, ""10"": 0, ""11"": 0, ""12"": 0, ""13"": 0, ""14"": 0, ""15"": 0, ""16"": null, ""17"": null, ""18"": null, ""19"": 0, ""21"": null, ""22"": null, ""23"": null, ""24"": null, ""25"": null, ""26"": null, ""27"": null}",172,tab1a23-24-final,coal-statistics-download-excel-7,coal_statistics,Download Excel,https://coal.gov.in/sites/default/files/2024-03/cdchap6.xlsx
source_reference,"{""0"": null, ""1"": null, ""2"": null, ""3"": ""JKD"", ""4"": ""C"", ""5"": 5390.1730084850005, ""6"": 1629.007283763, ""7"": 111.026017215, ""8"": 1023.66, ""9"": 188.091020881, ""10"": 1565.9731954999997, ""11"": 7152.668353420001, ""12"": 1093.476918917, ""13"": 1096.6363110170003, ""14"": 2.2494069, ""15"": 19252.961516098003, ""16"": null, ""17"": null, ""18"": null, ""19"": 0, ""21"": null, ""22"": null, ""23"": null, ""24"": null, ""25"": null, ""26"": null, ""27"": null}",173,tab1a23-24-final,coal-statistics-download-excel-7,coal_statistics,Download Excel,https://coal.gov.in/sites/default/files/2024-03/cdchap6.xlsx
source_reference,"{""0"": null, ""1"": null, ""2"": null, ""3"": ""MP"", ""4"": ""C"", ""5"": 3299.530681657, ""6"": 906.3275861499999, ""7"": 67.677552574, ""8"": 4195.75, ""9"": 31.749501068999997, ""10"": 2786.5624466000004, ""11"": 5475.207158099999, ""12"": 419.321327236, ""13"": 421.03762613600003, ""14"": 0, ""15"": 17603.163879522002, ""16"": null, ""17"": null, ""18"": null, ""19"": 0, ""21"": null, ""22"": null, ""23"": null, ""24"": null, ""25"": null, ""26"": null, ""27"": null}",174,tab1a23-24-final,coal-statistics-download-excel-7,coal_statistics,Download Excel,https://coal.gov.in/sites/default/files/2024-03/cdchap6.xlsx
source_reference,"{""0"": null, ""1"": null, ""2"": null, ""3"": ""MAH"", ""4"": ""C"", ""5"": 2321.0502407000004, ""6"": 667.716428, ""7"": 45.30386899999999, ""8"": 0, ""9"": 1.888899, ""10"": 48.5321237, ""11"": 2719.74139, ""12"": 248.02914750000002, ""13"": 248.07739156600002, ""14"": 0, ""15"": 6300.339489466, ""16"": null, ""17"": null, ""18"": null, ""19"": 0, ""21"": null, ""22"": null, ""23"": null, ""24"": null, ""25"": null, ""26"": null, ""27"": null}",175,tab1a23-24-final,coal-statistics-download-excel-7,coal_statistics,Download Excel,https://coal.gov.in/sites/default/files/2024-03/cdchap6.xlsx
source_reference,"{""0"": null, ""1"": null, ""2"": null, ""3"": ""ODI"", ""4"": ""C"", ""5"": 3881.791335432, ""6"": 1010.7936913000002, ""7"": 71.129257788, ""8"": 9000, ""9"": 55.294382164, ""10"": 4423.6877131, ""11"": 8667.635179104, ""12"": 552.595367354, ""13"": 552.595367354, ""14"": 0, ""15"": 28215.522293596, ""16"": null, ""17"": null, ""18"": null, ""19"": 0, ""21"": null, ""22"": null, ""23"": null, ""24"": null, ""25"": null, ""26"": null, ""27"": null}",176,tab1a23-24-final,coal-statistics-download-excel-7,coal_statistics,Download Excel,https://coal.gov.in/sites/default/files/2024-03/cdchap6.xlsx
source_reference,"{""0"": null, ""1"": null, ""2"": null, ""3"": ""TLNG"", ""4"": ""C"", ""5"": 2904.2339354, ""6"": 702, ""7"": 20, ""8"": 173, ""9"": 0, ""10"": 0, ""11"": 0, ""12"": 279, ""13"": 279.3810542, ""14"": 0, ""15"": 4357.6149896, ""16"": null, ""17"": null, ""18"": null, ""19"": 0, ""21"": null, ""22"": null, ""23"": null, ""24"": null, ""25"": null, ""26"": null, ""27"": null}",177,tab1a23-24-final,coal-statistics-download-excel-7,coal_statistics,Download Excel,https://coal.gov.in/sites/default/files/2024-03/cdchap6.xlsx
source_reference,"{""0"": null, ""1"": null, ""2"": null, ""3"": ""UP"", ""4"": ""C"", ""5"": 606.12, ""6"": 180.34, ""7"": 12.49, ""8"": 0, ""9"": 4.54, ""10"": 0, ""11"": 850.17, ""12"": 76.73, ""13"": 76.73, ""14"": 0, ""15"": 1807.12, ""16"": null, ""17"": null, ""18"": null, ""19"": 0, ""21"": null, ""22"": null, ""23"": null, ""24"": null, ""25"": null, ""26"": null, ""27"": null}",178,tab1a23-24-final,coal-statistics-download-excel-7,coal_statistics,Download Excel,https://coal.gov.in/sites/default/files/2024-03/cdchap6.xlsx
source_reference,"{""0"": null, ""1"": null, ""2"": null, ""3"": ""WB"", ""4"": ""C"", ""5"": 18.360771099999997, ""6"": 5.2270086, ""7"": 0.3553109000000001, ""8"": 0, ""9"": 87.3238487, ""10"": 0, ""11"": 2954.1587003, ""12"": 61.1895566, ""13"": 63.4622392, ""14"": 0, ""15"": 3190.0774354000005, ""16"": null, ""17"": null, ""18"": null, ""19"": 0, ""21"": null, ""22"": null, ""23"": null, ""24"": null, ""25"": null, ""26"": null, ""27"": null}",179,tab1a23-24-final,coal-statistics-download-excel-7,coal_statistics,Download Excel,https://coal.gov.in/sites/default/files/2024-03/cdchap6.xlsx
source_reference,"{""0"": ""GRAND TOTAL"", ""1"": null, ""2"": null, ""3"": null, ""4"": ""C"", ""5"": 21933.47337450574, ""6"": 6025.032598793074, ""7"": 397.6429588882149, ""8"": 14445.267190499999, ""9"": 379.022937768, ""10"": 11381.0013789, ""11"": 34880.727150909, ""12"": 3255.626905694, ""13"": 3263.2045775600004, ""14"": 2.2494069, ""15"": 95963.24848041804, ""16"": null, ""17"": null, ""18"": null, ""19"": 0, ""21"": null, ""22"": null, ""23"": null, ""24"": null, ""25"": null, ""26"": null, ""27"": null}",180,tab1a23-24-final,coal-statistics-download-excel-7,coal_statistics,Download Excel,https://coal.gov.in/sites/default/files/2024-03/cdchap6.xlsx
source_reference,"{""0"": ""differ company into state"", ""1"": null, ""2"": null, ""3"": ""duff"", ""4"": null, ""5"": 0, ""6"": 0, ""7"": 0, ""8"": 0, ""9"": 0, ""10"": 0, ""11"": 0, ""12"": 0, ""13"": 0, ""14"": 0, ""15"": 0, ""16"": null, ""17"": null, ""18"": null, ""19"": null, ""21"": null, ""22"": null, ""23"": null, ""24"": null, ""25"": null, ""26"": null, ""27"": null}",181,tab1a23-24-final,coal-statistics-download-excel-7,coal_statistics,Download Excel,https://coal.gov.in/sites/default/files/2024-03/cdchap6.xlsx
source_reference,"{""0"": null, ""1"": null, ""2"": null, ""3"": null, ""4"": null, ""5"": null, ""6"": null, ""7"": null, ""8"": null, ""9"": null, ""10"": null, ""11"": null, ""12"": null, ""13"": null, ""14"": null, ""15"": 95963.24848041797, ""16"": null, ""17"": null, ""18"": null, ""19"": null, ""21"": null, ""22"": null, ""23"": null, ""24"": null, ""25"": null, ""26"": null, ""27"": null}",182,tab1a23-24-final,coal-statistics-download-excel-7,coal_statistics,Download Excel,https://coal.gov.in/sites/default/files/2024-03/cdchap6.xlsx
source_reference,"{""0"": ""COMPANY WISE LIGNITE"", ""1"": null, ""2"": null, ""3"": null, ""4"": null, ""5"": null, ""6"": null, ""7"": null, ""8"": null, ""9"": null, ""10"": null, ""11"": null, ""12"": null, ""13"": null, ""14"": null, ""15"": null, ""16"": null, ""17"": null, ""18"": null, ""19"": null, ""21"": null, ""22"": null, ""23"": null, ""24"": null, ""25"": null, ""26"": null, ""27"": null}",183,tab1a23-24-final,coal-statistics-download-excel-7,coal_statistics,Download Excel,https://coal.gov.in/sites/default/files/2024-03/cdchap6.xlsx
source_reference,"{""0"": ""BLMCL_J"", ""1"": ""Jalipa"", ""2"": null, ""3"": ""RAJ"", ""4"": ""L"", ""5"": 18.76484436, ""6"": 5.629453313, ""7"": 0.375296887, ""8"": 0, ""9"": 0.071953247, ""10"": 2.975446603, ""11"": 54.14116, ""12"": 11.468258482, ""13"": 11.468258482, ""14"": 0, ""15"": 104.89467137399998, ""16"": ""pub"", ""17"": ""capt"", ""18"": null, ""19"": null, ""21"": null, ""22"": ""BLMCL_J"", ""23"": ""Jalipa"", ""24"": ""RAJ"", ""25"": null, ""26"": ""pub"", ""27"": ""capt""}",184,tab1a23-24-final,coal-statistics-download-excel-7,coal_statistics,Download Excel,https://coal.gov.in/sites/default/files/2024-03/cdchap6.xlsx
source_reference,"{""0"": ""BLMCL_K"", ""1"": ""Kapurdi"", ""2"": null, ""3"": ""RAJ"", ""4"": ""L"", ""5"": 69.742126976, ""6"": 20.922638114, ""7"": 1.394842555, ""8"": 0, ""9"": 0.258258353, ""10"": 10.679628397, ""11"": 194.32628, ""12"": 42.521316577, ""13"": 42.521316577, ""14"": 0, ""15"": 382.366407549, ""16"": ""pub"", ""17"": ""capt"", ""18"": null, ""19"": null, ""21"": null, ""22"": ""BLMCL_K"", ""23"": ""Kapurdi"", ""24"": ""RAJ"", ""25"": null, ""26"": ""pub"", ""27"": ""capt""}",185,tab1a23-24-final,coal-statistics-download-excel-7,coal_statistics,Download Excel,https://coal.gov.in/sites/default/files/2024-03/cdchap6.xlsx
source_reference,"{""0"": ""GHCL"", ""1"": ""Khadsaliya"", ""2"": null, ""3"": ""GUJ"", ""4"": ""L"", ""5"": 0.4796798, ""6"": 0.143903952, ""7"": 0.0095936, ""8"": 0, ""9"": 0, ""10"": 0, ""11"": 0.0128733, ""12"": 0.0581446, ""13"": 0.0581446, ""14"": 0, ""15"": 0.762339852, ""16"": ""pvt"", ""17"": ""capt"", ""18"": null, ""19"": null, ""21"": null, ""22"": ""GHCL"", ""23"": ""Khadsaliya"", ""24"": ""GUJ"", ""25"": null, ""26"": ""pvt"", ""27"": ""capt""}",186,tab1a23-24-final,coal-statistics-download-excel-7,coal_statistics,Download Excel,https://coal.gov.in/sites/default/files/2024-03/cdchap6.xlsx
source_reference,"{""0"": ""GIPCL_MN"", ""1"": ""Mangrol"", ""2"": null, ""3"": ""GUJ"", ""4"": ""L"", ""5"": 0, ""6"": 0, ""7"": 0, ""8"": 0, ""9"": 0, ""10"": 0, ""11"": 0, ""12"": 0, ""13"": 0, ""14"": 0, ""15"": 0, ""16"": ""pub"", ""17"": ""capt"", ""18"": null, ""19"": null, ""21"": null, ""22"": ""GIPCL_MN"", ""23"": ""Mangrol"", ""24"": ""GUJ"", ""25"": null, ""26"": ""pub"", ""27"": ""capt""}",187,tab1a23-24-final,coal-statistics-download-excel-7,coal_statistics,Download Excel,https://coal.gov.in/sites/default/files/2024-03/cdchap6.xlsx
source_reference,"{""0"": ""GIPCL_VL"", ""1"": ""Valia"", ""2"": null, ""3"": ""GUJ"", ""4"": ""L"", ""5"": 12.8, ""6"": 3.84, ""7"": 0.32, ""8"": 0, ""9"": 0, ""10"": 0, ""11"": 0, ""12"": 1.152, ""13"": 1.152, ""14"": 0, ""15"": 19.264000000000003, ""16"": ""pub"", ""17"": ""capt"", ""18"": null, ""19"": null, ""21"": null, ""22"": ""GIPCL_VL"", ""23"": ""Valia"", ""24"": ""GUJ"", ""25"": null, ""26"": ""pub"", ""27"": ""capt""}",188,tab1a23-24-final,coal-statistics-download-excel-7,coal_statistics,Download Excel,https://coal.gov.in/sites/default/files/2024-03/cdchap6.xlsx
source_reference,"{""0"": ""GIPCL_VS"", ""1"": ""Vastan"", ""2"": null, ""3"": ""GUJ"", ""4"": ""L"", ""5"": 2.504440786, ""6"": 0.751332236, ""7"": 0.050088816, ""8"": 0, ""9"": 0, ""10"": 0.050088816, ""11"": 0, ""12"": 0.225399671, ""13"": 0.225399671, ""14"": 0, ""15"": 3.806749996, ""16"": ""pub"", ""17"": ""capt"", ""18"": null, ""19"": null, ""21"": null, ""22"": ""GIPCL_VS"", ""23"": ""Vastan"", ""24"": ""GUJ"", ""25"": null, ""26"": ""pub"", ""27"": ""capt""}",189,tab1a23-24-final,coal-statistics-download-excel-7,coal_statistics,Download Excel,https://coal.gov.in/sites/default/files/2024-03/cdchap6.xlsx
source_reference,"{""0"": ""GMDCL_MM"", ""1"": ""Mata Na Madh"", ""2"": null, ""3"": ""GUJ"", ""4"": ""L"", ""5"": 46.6423385, ""6"": 13.99262563, ""7"": 0.93285589, ""8"": 364.11, ""9"": 0, ""10"": 220.11, ""11"": 108.1445392, ""12"": 20.8957799, ""13"": 20.8957799, ""14"": 0, ""15"": 795.72391902, ""16"": ""pub"", ""17"": ""ncpt"", ""18"": null, ""19"": null, ""21"": null, ""22"": ""GMDCL_MM"", ""23"": ""Mata Na Madh"", ""24"": ""GUJ"", ""25"": null, ""26"": ""pub"", ""27"": ""ncpt""}",190,tab1a23-24-final,coal-statistics-download-excel-7,coal_statistics,Download Excel,https://coal.gov.in/sites/default/files/2024-03/cdchap6.xlsx
source_reference,"{""0"": ""GMDCL_RP"", ""1"": ""Rajpardi"", ""2"": null, ""3"": ""GUJ"", ""4"": ""L"", ""5"": 11.8474018, ""6"": 3.55398626, ""7"": 0.2369741, ""8"": 0, ""9"": 0, ""10"": 0, ""11"": 15.692824, ""12"": 5.4549893, ""13"": 5.4549893, ""14"": 0, ""15"": 42.241164760000004, ""16"": ""pub"", ""17"": ""ncpt"", ""18"": null, ""19"": null, ""21"": null, ""22"": ""GMDCL_RP"", ""23"": ""Rajpardi"", ""24"": ""GUJ"", ""25"": null, ""26"": ""pub"", ""27"": ""ncpt""}",191,tab1a23-24-final,coal-statistics-download-excel-7,coal_statistics,Download Excel,https://coal.gov.in/sites/default/files/2024-03/cdchap6.xlsx
source_reference,"{""0"": ""GMDCL_SN"", ""1"": ""Surka North"", ""2"": null, ""3"": ""GUJ"", ""4"": ""L"", ""5"": 20.9362498, ""6"": 6.1961663, ""7"": 0.4130967, ""8"": 0, ""9"": 0, ""10"": 0, ""11"": 52.2447072, ""12"": 9.9338685, ""13"": 9.9338685, ""14"": 0, ""15"": 99.65795700000001, ""16"": ""pub"", ""17"": ""ncpt"", ""18"": null, ""19"": null, ""21"": null, ""22"": ""GMDCL_SN"", ""23"": ""Surka North"", ""24"": ""GUJ"", ""25"": null, ""26"": ""pub"", ""27"": ""ncpt""}",192,tab1a23-24-final,coal-statistics-download-excel-7,coal_statistics,Download Excel,https://coal.gov.in/sites/default/files/2024-03/cdchap6.xlsx
source_reference,"{""0"": ""GMDCL_US"", ""1"": ""Umarsar"", ""2"": null, ""3"": ""GUJ"", ""4"": ""L"", ""5"": 22.8222134, ""6"": 6.7941101, ""7"": 0.4529407, ""8"": 0, ""9"": 0, ""10"": 0, ""11"": 56.5160682, ""12"": 10.6067868, ""13"": 10.6067868, ""14"": 0, ""15"": 107.79890599999999, ""16"": ""pub"", ""17"": ""ncpt"", ""18"": null, ""19"": null, ""21"": null, ""22"": ""GMDCL_US"", ""23"": ""Umarsar"", ""24"": ""GUJ"", ""25"": null, ""26"": ""pub"", ""27"": ""ncpt""}",193,tab1a23-24-final,coal-statistics-download-excel-7,coal_statistics,Download Excel,https://coal.gov.in/sites/default/files/2024-03/cdchap6.xlsx
source_reference,"{""0"": ""GMDCL_TS"", ""1"": ""Tadkesar"", ""2"": null, ""3"": ""GUJ"", ""4"": ""L"", ""5"": 0.6845756, ""6"": 0.2053697, ""7"": 0.0136976, ""8"": 0, ""9"": 0, ""10"": 0, ""11"": 1.247495, ""12"": 0.3164864, ""13"": 0.3164864, ""14"": 0, ""15"": 2.7841107000000003, ""16"": ""pub"", ""17"": ""ncpt"", ""18"": null, ""19"": null, ""21"": null, ""22"": ""GMDCL_TS"", ""23"": ""Tadkesar"", ""24"": ""GUJ"", ""25"": null, ""26"": ""pub"", ""27"": ""ncpt""}",194,tab1a23-24-final,coal-statistics-download-excel-7,coal_statistics,Download Excel,https://coal.gov.in/sites/default/files/2024-03/cdchap6.xlsx
source_reference,"{""0"": ""GPCL"", ""1"": ""Ghoggha-Surkha"", ""2"": null, ""3"": ""GUJ"", ""4"": ""L"", ""5"": 15.340984716, ""6"": 4.596152125, ""7"": 0.306410053, ""8"": 70.314332783, ""9"": 0, ""10"": 31.6364, ""11"": 68.5560496, ""12"": 10.7091422, ""13"": 10.7091422, ""14"": 0, ""15"": 212.168613677, ""16"": ""pub"", ""17"": ""capt"", ""18"": null, ""19"": null, ""21"": null, ""22"": ""GPCL"", ""23"": ""Ghoggha-Surkha"", ""24"": ""GUJ"", ""25"": null, ""26"": ""pub"", ""27"": ""capt""}",195,tab1a23-24-final,coal-statistics-download-excel-7,coal_statistics,Download Excel,https://coal.gov.in/sites/default/files/2024-03/cdchap6.xlsx
source_reference,"{""0"": ""NLCL_1A"", ""1"": ""Mine-1A"", ""2"": null, ""3"": ""TN"", ""4"": ""L"", ""5"": 82.9337807, ""6"": 24.88013421, ""7"": 1.658675614, ""8"": 0, ""9"": 0, ""10"": 0, ""11"": 62.9651924, ""12"": 9.8525331, ""13"": 9.8525331, ""14"": 0, ""15"": 192.14284912399998, ""16"": ""pub"", ""17"": ""ncpt"", ""18"": null, ""19"": null, ""21"": null, ""22"": ""NLCL_1A"", ""23"": ""Mine-1A"", ""24"": ""TN"", ""25"": null, ""26"": ""pub"", ""27"": ""ncpt""}",196,tab1a23-24-final,coal-statistics-download-excel-7,coal_statistics,Download Excel,https://coal.gov.in/sites/default/files/2024-03/cdchap6.xlsx
source_reference,"{""0"": ""NLCL_B"", ""1"": ""Barsingsar"", ""2"": null, ""3"": ""RAJ"", ""4"": ""L"", ""5"": 36.0230492, ""6"": 5.61666, ""7"": 0.3531934, ""8"": 0, ""9"": 0.0372253, ""10"": 0, ""11"": 27.9701348, ""12"": 7.4099763, ""13"": 7.8768149, ""14"": 0, ""15"": 85.2870539, ""16"": ""pub"", ""17"": ""ncpt"", ""18"": null, ""19"": null, ""21"": null, ""22"": ""NLCL_B"", ""23"": ""Barsingsar"", ""24"": ""RAJ"", ""25"": null, ""26"": ""pub"", ""27"": ""ncpt""}",197,tab1a23-24-final,coal-statistics-download-excel-7,coal_statistics,Download Excel,https://coal.gov.in/sites/default/files/2024-03/cdchap6.xlsx
source_reference,"{""0"": ""NLCL_I"", ""1"": ""Mine-I"", ""2"": null, ""3"": ""TN"", ""4"": ""L"", ""5"": 130.027306547, ""6"": 39.008191914, ""7"": 2.600546131, ""8"": 384.3774284, ""9"": 0, ""10"": 538, ""11"": 0, ""12"": 15.447244, ""13"": 15.447244, ""14"": 0, ""15"": 1124.907960992, ""16"": ""pub"", ""17"": ""ncpt"", ""18"": null, ""19"": null, ""21"": null, ""22"": ""NLCL_I"", ""23"": ""Mine-I"", ""24"": ""TN"", ""25"": null, ""26"": ""pub"", ""27"": ""ncpt""}",198,tab1a23-24-final,coal-statistics-download-excel-7,coal_statistics,Download Excel,https://coal.gov.in/sites/default/files/2024-03/cdchap6.xlsx
source_reference,"{""0"": ""NLCL_II"", ""1"": ""Mine_II"", ""2"": null, ""3"": ""TN"", ""4"": ""L"", ""5"": 130.902207971, ""6"": 39.264923151, ""7"": 2.617661543, ""8"": 0, ""9"": 0, ""10"": 0, ""11"": 0, ""12"": 15.55063134, ""13"": 15.55063134, ""14"": 0, ""15"": 203.886055345, ""16"": ""pub"", ""17"": ""ncpt"", ""18"": null, ""19"": null, ""21"": null, ""22"": ""NLCL_II"", ""23"": ""Mine_II"", ""24"": ""TN"", ""25"": null, ""26"": ""pub"", ""27"": ""ncpt""}",199,tab1a23-24-final,coal-statistics-download-excel-7,coal_statistics,Download Excel,https://coal.gov.in/sites/default/files/2024-03/cdchap6.xlsx
source_reference,"{""0"": ""RSMML"", ""1"": ""Giral, Matasukh, Sonari"", ""2"": null, ""3"": ""RAJ"", ""4"": ""L"", ""5"": 18.7529333, ""6"": 5.6258674, ""7"": 0.3750413, ""8"": 19.39, ""9"": 0, ""10"": 179.5, ""11"": 43.9287812, ""12"": 16.8651191, ""13"": 16.8651191, ""14"": 0, ""15"": 301.30286140000004, ""16"": ""pub"", ""17"": ""capt"", ""18"": null, ""19"": null, ""21"": null, ""22"": ""RSMML"", ""23"": ""Giral, Matasukh, Sonari"", ""24"": ""RAJ"", ""25"": null, ""26"": ""pub"", ""27"": ""capt""}",200,tab1a23-24-final,coal-statistics-download-excel-7,coal_statistics,Download Excel,https://coal.gov.in/sites/default/files/2024-03/cdchap6.xlsx
source_reference,"{""0"": ""VSLPPL"", ""1"": ""Gurha East Mine"", ""2"": null, ""3"": ""RAJ"", ""4"": ""L"", ""5"": 5.0110528, ""6"": 1.5033158, ""7"": 0.1002211, ""8"": 0, ""9"": 0, ""10"": 0.1002211, ""11"": 0.152251, ""12"": 0.0172261, ""13"": 0.0172261, ""14"": 0, ""15"": 6.901514, ""16"": ""pvt"", ""17"": ""capt"", ""18"": null, ""19"": null, ""21"": null, ""22"": ""VSLPPL"", ""23"": ""Gurha East Mine"", ""24"": ""RAJ"", ""25"": null, ""26"": ""pvt"", ""27"": ""capt""}",201,tab1a23-24-final,coal-statistics-download-excel-7,coal_statistics,Download Excel,https://coal.gov.in/sites/default/files/2024-03/cdchap6.xlsx
source_reference,"{""0"": ""TOTAL"", ""1"": null, ""2"": null, ""3"": null, ""4"": ""L"", ""5"": 626.2151862559999, ""6"": 182.524830205, ""7"": 12.211135989, ""8"": 838.191761183, ""9"": 0.3674369, ""10"": 983.0517849160001, ""11"": 685.8983559, ""12"": 178.48490237000001, ""13"": 178.95174097000003, ""14"": 0, ""15"": 3685.897134689, ""16"": null, ""17"": null, ""18"": null, ""19"": null, ""21"": null, ""22"": null, ""23"": null, ""24"": null, ""25"": null, ""26"": null, ""27"": null}",202,tab1a23-24-final,coal-statistics-download-excel-7,coal_statistics,Download Excel,https://coal.gov.in/sites/default/files/2024-03/cdchap6.xlsx
source_reference,"{""0"": null, ""1"": null, ""2"": null, ""3"": null, ""4"": null, ""5"": -21933.47337450575, ""6"": -6025.032598793073, ""7"": -397.6429588882147, ""8"": -14445.2671905, ""9"": -379.02293776799996, ""10"": -11381.001378900002, ""11"": -34880.727150909006, ""12"": -3255.626905694, ""13"": -3263.20457756, ""14"": -2.2494069, ""15"": -95963.24848041795, ""16"": null, ""17"": null, ""18"": null, ""19"": null, ""21"": null, ""22"": null, ""23"": null, ""24"": null, ""25"": null, ""26"": null, ""27"": null}",203,tab1a23-24-final,coal-statistics-download-excel-7,coal_statistics,Download Excel,https://coal.gov.in/sites/default/files/2024-03/cdchap6.xlsx
source_reference,"{""0"": ""STATEWISE LIGNITE "", ""1"": null, ""2"": null, ""3"": null, ""4"": null, ""5"": null, ""6"": null, ""7"": null, ""8"": null, ""9"": null, ""10"": null, ""11"": null, ""12"": null, ""13"": null, ""14"": null, ""15"": null, ""16"": null, ""17"": null, ""18"": null, ""19"": null, ""21"": null, ""22"": null, ""23"": null, ""24"": null, ""25"": null, ""26"": null, ""27"": null}",204,tab1a23-24-final,coal-statistics-download-excel-7,coal_statistics,Download Excel,https://coal.gov.in/sites/default/files/2024-03/cdchap6.xlsx
source_reference,"{""0"": null, ""1"": null, ""2"": null, ""3"": ""GUJ"", ""4"": ""L"", ""5"": 134.057884402, ""6"": 40.07364630299999, ""7"": 2.735657459, ""8"": 434.424332783, ""9"": 0, ""10"": 251.79648881600002, ""11"": 302.4145565, ""12"": 59.35259737100001, ""13"": 59.35259737100001, ""14"": 0, ""15"": 1284.207761005, ""16"": null, ""17"": null, ""18"": null, ""19"": 0, ""21"": null, ""22"": null, ""23"": null, ""24"": null, ""25"": null, ""26"": null, ""27"": null}",205,tab1a23-24-final,coal-statistics-download-excel-7,coal_statistics,Download Excel,https://coal.gov.in/sites/default/files/2024-03/cdchap6.xlsx
source_reference,"{""0"": null, ""1"": null, ""2"": null, ""3"": ""TN"", ""4"": ""L"", ""5"": 343.86329521799996, ""6"": 103.15324927500001, ""7"": 6.876883288, ""8"": 384.3774284, ""9"": 0, ""10"": 538, ""11"": 62.9651924, ""12"": 40.85040844, ""13"": 40.85040844, ""14"": 0, ""15"": 1520.9368654609998, ""16"": null, ""17"": null, ""18"": null, ""19"": 0, ""21"": null, ""22"": null, ""23"": null, ""24"": null, ""25"": null, ""26"": null, ""27"": null}",206,tab1a23-24-final,coal-statistics-download-excel-7,coal_statistics,Download Excel,https://coal.gov.in/sites/default/files/2024-03/cdchap6.xlsx
source_reference,"{""0"": null, ""1"": null, ""2"": null, ""3"": ""RAJ"", ""4"": ""L"", ""5"": 148.294006636, ""6"": 39.297934627000004, ""7"": 2.598595242, ""8"": 19.39, ""9"": 0.3674369, ""10"": 193.25529609999998, ""11"": 320.51860700000003, ""12"": 78.281896559, ""13"": 78.74873515899999, ""14"": 0, ""15"": 880.752508223, ""16"": null, ""17"": null, ""18"": null, ""19"": 0, ""21"": null, ""22"": null, ""23"": null, ""24"": null, ""25"": null, ""26"": null, ""27"": null}",207,tab1a23-24-final,coal-statistics-download-excel-7,coal_statistics,Download Excel,https://coal.gov.in/sites/default/files/2024-03/cdchap6.xlsx
source_reference,"{""0"": null, ""1"": null, ""2"": null, ""3"": null, ""4"": null, ""5"": 626.2151862559999, ""6"": 182.524830205, ""7"": 12.211135989, ""8"": 838.191761183, ""9"": 0.3674369, ""10"": 983.051784916, ""11"": 685.8983559000001, ""12"": 178.48490237000001, ""13"": 178.95174097, ""14"": 0, ""15"": 3685.897134689, ""16"": null, ""17"": null, ""18"": null, ""19"": 0, ""21"": null, ""22"": null, ""23"": null, ""24"": null, ""25"": null, ""26"": null, ""27"": null}",208,tab1a23-24-final,coal-statistics-download-excel-7,coal_statistics,Download Excel,https://coal.gov.in/sites/default/files/2024-03/cdchap6.xlsx
source_reference,"{""0"": ""differ company into state"", ""1"": null, ""2"": null, ""3"": null, ""4"": null, ""5"": 0, ""6"": 0, ""7"": 0, ""8"": 0, ""9"": 0, ""10"": 0, ""11"": 0, ""12"": 0, ""13"": 0, ""14"": 0, ""15"": 0, ""16"": null, ""17"": null, ""18"": null, ""19"": null, ""21"": null, ""22"": null, ""23"": null, ""24"": null, ""25"": null, ""26"": null, ""27"": null}",209,tab1a23-24-final,coal-statistics-download-excel-7,coal_statistics,Download Excel,https://coal.gov.in/sites/default/files/2024-03/cdchap6.xlsx
source_reference,"{""0"": null, ""1"": null, ""2"": null, ""3"": ""FOR  COAL"", ""4"": null, ""5"": null, ""6"": null, ""7"": null, ""8"": null, ""9"": null, ""10"": null, ""11"": null, ""12"": null, ""13"": null, ""14"": null, ""15"": null, ""16"": null, ""17"": null, ""18"": null, ""19"": null, ""21"": null, ""22"": null, ""23"": null, ""24"": null, ""25"": null, ""26"": null, ""27"": null}",210,tab1a23-24-final,coal-statistics-download-excel-7,coal_statistics,Download Excel,https://coal.gov.in/sites/default/files/2024-03/cdchap6.xlsx
source_reference,"{""0"": null, ""1"": null, ""2"": null, ""3"": ""pub"", ""4"": ""ncpt"", ""5"": 19012.521101422, ""6"": 5524.289420175, ""7"": 347.138515349, ""8"": 14392.41, ""9"": 102.37403387399999, ""10"": 10999.135900000001, ""11"": 31743.9376993, ""12"": 2318.958883897, ""13"": 2322.118275997, ""14"": 0, ""15"": 86762.883830014, ""16"": null, ""17"": null, ""18"": null, ""19"": null, ""21"": null, ""22"": null, ""23"": null, ""24"": null, ""25"": null, ""26"": null, ""27"": null}",211,tab1a23-24-final,coal-statistics-download-excel-7,coal_statistics,Download Excel,https://coal.gov.in/sites/default/files/2024-03/cdchap6.xlsx
source_reference,"{""0"": null, ""1"": null, ""2"": null, ""3"": ""pub"", ""4"": ""capt"", ""5"": 1905.8942732729997, ""6"": 360.07178153200005, ""7"": 33.255389201999996, ""8"": 0, ""9"": 271.10149213999995, ""10"": 199.90205530000003, ""11"": 2886.128200204, ""12"": 388.409416193, ""13"": 391.063152993, ""14"": 2.2494069, ""15"": 5885.881502921, ""16"": null, ""17"": null, ""18"": null, ""19"": null, ""21"": null, ""22"": null, ""23"": null, ""24"": null, ""25"": null, ""26"": null, ""27"": null}",212,tab1a23-24-final,coal-statistics-download-excel-7,coal_statistics,Download Excel,https://coal.gov.in/sites/default/files/2024-03/cdchap6.xlsx
source_reference,"{""0"": null, ""1"": null, ""2"": null, ""3"": ""Total Public"", ""4"": null, ""5"": 20918.415374695, ""6"": 5884.361201707, ""7"": 380.393904551, ""8"": 14392.41, ""9"": 373.4755260139999, ""10"": 11199.037955300002, ""11"": 34630.065899504, ""12"": 2707.36830009, ""13"": 2713.1814289900003, ""14"": 2.2494069, ""15"": 92648.765332935, ""16"": null, ""17"": null, ""18"": null, ""19"": null, ""21"": null, ""22"": null, ""23"": null, ""24"": null, ""25"": null, ""26"": null, ""27"": null}",213,tab1a23-24-final,coal-statistics-download-excel-7,coal_statistics,Download Excel,https://coal.gov.in/sites/default/files/2024-03/cdchap6.xlsx
source_reference,"{""0"": null, ""1"": null, ""2"": null, ""3"": ""pvt"", ""4"": ""ncpt"", ""5"": 262.6956148, ""6"": 78.27426729999999, ""7"": 5.2182847, ""8"": 0, ""9"": 0, ""10"": 4.6548644, ""11"": 151.32345032, ""12"": 360.5710636, ""13"": 360.5710636, ""14"": 0, ""15"": 1223.30860872, ""16"": null, ""17"": null, ""18"": null, ""19"": null, ""21"": null, ""22"": null, ""23"": null, ""24"": null, ""25"": null, ""26"": null, ""27"": null}",214,tab1a23-24-final,coal-statistics-download-excel-7,coal_statistics,Download Excel,https://coal.gov.in/sites/default/files/2024-03/cdchap6.xlsx
source_reference,"{""0"": null, ""1"": null, ""2"": null, ""3"": ""pvt"", ""4"": ""capt"", ""5"": 752.3623850107401, ""6"": 62.397129786074004, ""7"": 12.0307696372148, ""8"": 52.8571905, ""9"": 5.547411754, ""10"": 177.3085592, ""11"": 99.337801085, ""12"": 187.68754200400005, ""13"": 189.45208497000004, ""14"": 0, ""15"": 345.976052, ""16"": null, ""17"": null, ""18"": null, ""19"": null, ""21"": null, ""22"": null, ""23"": null, ""24"": null, ""25"": null, ""26"": null, ""27"": null}",215,tab1a23-24-final,coal-statistics-download-excel-7,coal_statistics,Download Excel,https://coal.gov.in/sites/default/files/2024-03/cdchap6.xlsx
source_reference,"{""0"": null, ""1"": null, ""2"": null, ""3"": ""Total Private"", ""4"": null, ""5"": 1015.0579998107401, ""6"": 140.671397086074, ""7"": 17.2490543372148, ""8"": 52.8571905, ""9"": 5.547411754, ""10"": 181.9634236, ""11"": 250.661251405, ""12"": 548.2586056040001, ""13"": 550.0231485700001, ""14"": 0, ""15"": 1569.28466072, ""16"": null, ""17"": null, ""18"": null, ""19"": null, ""21"": null, ""22"": null, ""23"": null, ""24"": null, ""25"": null, ""26"": null, ""27"": null}",216,tab1a23-24-final,coal-statistics-download-excel-7,coal_statistics,Download Excel,https://coal.gov.in/sites/default/files/2024-03/cdchap6.xlsx
source_reference,"{""0"": null, ""1"": null, ""2"": null, ""3"": ""Total Non Captive"", ""4"": null, ""5"": 19275.216716222, ""6"": 5602.563687475, ""7"": 352.356800049, ""8"": 14392.41, ""9"": 102.37403387399999, ""10"": 11003.7907644, ""11"": 31895.26114962, ""12"": 2679.5299474969997, ""13"": 2682.689339597, ""14"": 0, ""15"": 87986.19243873401, ""16"": null, ""17"": null, ""18"": null, ""19"": null, ""21"": null, ""22"": null, ""23"": null, ""24"": null, ""25"": null, ""26"": null, ""27"": null}",217,tab1a23-24-final,coal-statistics-download-excel-7,coal_statistics,Download Excel,https://coal.gov.in/sites/default/files/2024-03/cdchap6.xlsx
source_reference,"{""0"": null, ""1"": null, ""2"": null, ""3"": ""Total Captive"", ""4"": null, ""5"": 2658.25665828374, ""6"": 422.46891131807405, ""7"": 45.28615883921479, ""8"": 52.8571905, ""9"": 276.64890389399994, ""10"": 377.2106145, ""11"": 2985.4660012890004, ""12"": 576.096958197, ""13"": 580.5152379630001, ""14"": 2.2494069, ""15"": 6231.857554921, ""16"": null, ""17"": null, ""18"": null, ""19"": null, ""21"": null, ""22"": null, ""23"": null, ""24"": null, ""25"": null, ""26"": null, ""27"": null}",218,tab1a23-24-final,coal-statistics-download-excel-7,coal_statistics,Download Excel,https://coal.gov.in/sites/default/files/2024-03/cdchap6.xlsx
source_reference,"{""0"": null, ""1"": null, ""2"": null, ""3"": ""Grand Total"", ""4"": null, ""5"": 21933.47337450574, ""6"": 6025.032598793074, ""7"": 397.6429588882148, ""8"": 14445.2671905, ""9"": 379.0229377679999, ""10"": 11381.0013789, ""11"": 34880.727150909, ""12"": 3255.626905694, ""13"": 3263.20457756, ""14"": 2.2494069, ""15"": 94218.049993655, ""16"": null, ""17"": null, ""18"": null, ""19"": null, ""21"": null, ""22"": null, ""23"": null, ""24"": null, ""25"": null, ""26"": null, ""27"": null}",219,tab1a23-24-final,coal-statistics-download-excel-7,coal_statistics,Download Excel,https://coal.gov.in/sites/default/files/2024-03/cdchap6.xlsx
source_reference,"{""0"": null, ""1"": null, ""2"": null, ""3"": ""FOR  LIGNITE"", ""4"": null, ""5"": null, ""6"": null, ""7"": null, ""8"": null, ""9"": null, ""10"": null, ""11"": null, ""12"": null, ""13"": null, ""14"": null, ""15"": null, ""16"": null, ""17"": null, ""18"": null, ""19"": null, ""21"": null, ""22"": null, ""23"": null, ""24"": null, ""25"": null, ""26"": null, ""27"": null}",220,tab1a23-24-final,coal-statistics-download-excel-7,coal_statistics,Download Excel,https://coal.gov.in/sites/default/files/2024-03/cdchap6.xlsx
source_reference,"{""0"": null, ""1"": null, ""2"": null, ""3"": ""pub"", ""4"": ""ncpt"", ""5"": 482.819123518, ""6"": 139.512167265, ""7"": 9.279641678, ""8"": 748.4874284, ""9"": 0.0372253, ""10"": 758.11, ""11"": 324.78096079999995, ""12"": 95.46829564000001, ""13"": 95.93513424000001, ""14"": 0, ""15"": 2654.4299768409996, ""16"": null, ""17"": null, ""18"": null, ""19"": null, ""21"": null, ""22"": null, ""23"": null, ""24"": null, ""25"": null, ""26"": null, ""27"": null}",221,tab1a23-24-final,coal-statistics-download-excel-7,coal_statistics,Download Excel,https://coal.gov.in/sites/default/files/2024-03/cdchap6.xlsx
source_reference,"{""0"": null, ""1"": null, ""2"": null, ""3"": ""pub"", ""4"": ""capt"", ""5"": 137.90533013799998, ""6"": 41.36544318799999, ""7"": 2.821679611, ""8"": 89.704332783, ""9"": 0.3302116, ""10"": 224.841563816, ""11"": 360.9522708, ""12"": 82.94123603, ""13"": 82.94123603, ""14"": 0, ""15"": 1023.8033039960001, ""16"": null, ""17"": null, ""18"": null, ""19"": null, ""21"": null, ""22"": null, ""23"": null, ""24"": null, ""25"": null, ""26"": null, ""27"": null}",222,tab1a23-24-final,coal-statistics-download-excel-7,coal_statistics,Download Excel,https://coal.gov.in/sites/default/files/2024-03/cdchap6.xlsx
source_reference,"{""0"": null, ""1"": null, ""2"": null, ""3"": ""Total Public"", ""4"": null, ""5"": 620.724453656, ""6"": 180.877610453, ""7"": 12.101321289000001, ""8"": 838.191761183, ""9"": 0.3674369, ""10"": 982.951563816, ""11"": 685.7332316, ""12"": 178.40953167, ""13"": 178.87637027, ""14"": 0, ""15"": 3678.2332808369997, ""16"": null, ""17"": null, ""18"": null, ""19"": null, ""21"": null, ""22"": null, ""23"": null, ""24"": null, ""25"": null, ""26"": null, ""27"": null}",223,tab1a23-24-final,coal-statistics-download-excel-7,coal_statistics,Download Excel,https://coal.gov.in/sites/default/files/2024-03/cdchap6.xlsx
source_reference,"{""0"": null, ""1"": null, ""2"": null, ""3"": ""pvt"", ""4"": ""ncpt"", ""5"": 0, ""6"": 0, ""7"": 0, ""8"": 0, ""9"": 0, ""10"": 0, ""11"": 0, ""12"": 0, ""13"": 0, ""14"": 0, ""15"": 0, ""16"": null, ""17"": null, ""18"": null, ""19"": null, ""21"": null, ""22"": null, ""23"": null, ""24"": null, ""25"": null, ""26"": null, ""27"": null}",224,tab1a23-24-final,coal-statistics-download-excel-7,coal_statistics,Download Excel,https://coal.gov.in/sites/default/files/2024-03/cdchap6.xlsx
source_reference,"{""0"": null, ""1"": null, ""2"": null, ""3"": ""pvt"", ""4"": ""capt"", ""5"": 5.490732599999999, ""6"": 1.647219752, ""7"": 0.10981469999999999, ""8"": 0, ""9"": 0, ""10"": 0.1002211, ""11"": 0.1651243, ""12"": 0.0753707, ""13"": 0.0753707, ""14"": 0, ""15"": 7.663853852, ""16"": null, ""17"": null, ""18"": null, ""19"": null, ""21"": null, ""22"": null, ""23"": null, ""24"": null, ""25"": null, ""26"": null, ""27"": null}",225,tab1a23-24-final,coal-statistics-download-excel-7,coal_statistics,Download Excel,https://coal.gov.in/sites/default/files/2024-03/cdchap6.xlsx
source_reference,"{""0"": null, ""1"": null, ""2"": null, ""3"": ""Total Private"", ""4"": null, ""5"": 5.490732599999999, ""6"": 1.647219752, ""7"": 0.10981469999999999, ""8"": 0, ""9"": 0, ""10"": 0.1002211, ""11"": 0.1651243, ""12"": 0.0753707, ""13"": 0.0753707, ""14"": 0, ""15"": 7.663853852, ""16"": null, ""17"": null, ""18"": null, ""19"": null, ""21"": null, ""22"": null, ""23"": null, ""24"": null, ""25"": null, ""26"": null, ""27"": null}",226,tab1a23-24-final,coal-statistics-download-excel-7,coal_statistics,Download Excel,https://coal.gov.in/sites/default/files/2024-03/cdchap6.xlsx
source_reference,"{""0"": null, ""1"": null, ""2"": null, ""3"": ""Total Non Captive"", ""4"": null, ""5"": 482.819123518, ""6"": 139.512167265, ""7"": 9.279641678, ""8"": 748.4874284, ""9"": 0.0372253, ""10"": 758.11, ""11"": 324.78096079999995, ""12"": 95.46829564000001, ""13"": 95.93513424000001, ""14"": 0, ""15"": 2654.4299768409996, ""16"": null, ""17"": null, ""18"": null, ""19"": null, ""21"": null, ""22"": null, ""23"": null, ""24"": null, ""25"": null, ""26"": null, ""27"": null}",227,tab1a23-24-final,coal-statistics-download-excel-7,coal_statistics,Download Excel,https://coal.gov.in/sites/default/files/2024-03/cdchap6.xlsx
source_reference,"{""0"": null, ""1"": null, ""2"": null, ""3"": ""Total Captive"", ""4"": null, ""5"": 143.39606273799998, ""6"": 43.01266293999999, ""7"": 2.931494311, ""8"": 89.704332783, ""9"": 0.3302116, ""10"": 224.941784916, ""11"": 361.1173951, ""12"": 83.01660672999999, ""13"": 83.01660672999999, ""14"": 0, ""15"": 1031.4671578480002, ""16"": null, ""17"": null, ""18"": null, ""19"": null, ""21"": null, ""22"": null, ""23"": null, ""24"": null, ""25"": null, ""26"": null, ""27"": null}",228,tab1a23-24-final,coal-statistics-download-excel-7,coal_statistics,Download Excel,https://coal.gov.in/sites/default/files/2024-03/cdchap6.xlsx
source_reference,"{""0"": null, ""1"": null, ""2"": null, ""3"": ""Grand Total"", ""4"": null, ""5"": 626.215186256, ""6"": 182.52483020499997, ""7"": 12.211135989, ""8"": 838.191761183, ""9"": 0.3674369, ""10"": 983.051784916, ""11"": 685.8983559, ""12"": 178.48490237, ""13"": 178.95174097, ""14"": 0, ""15"": 3685.897134689, ""16"": null, ""17"": null, ""18"": null, ""19"": null, ""21"": null, ""22"": null, ""23"": null, ""24"": null, ""25"": null, ""26"": null, ""27"": null}",229,tab1a23-24-final,coal-statistics-download-excel-7,coal_statistics,Download Excel,https://coal.gov.in/sites/default/files/2024-03/cdchap6.xlsx
source_reference,"{""0"": null, ""1"": null, ""2"": ""CHG"", ""3"": ""Chhattisgarh"", ""4"": ""CIL"", ""5"": 2843.837521012, ""6"": 874.245122615, ""7"": 60.45939074300001, ""8"": null, ""9"": null, ""10"": 2428.2459, ""11"": 6708.6699376, ""12"": 386.915358039, ""13"": 386.915358039, ""14"": 0, ""15"": 13689.288588047999, ""16"": null, ""17"": null, ""18"": null, ""19"": null, ""21"": null, ""22"": null, ""23"": null, ""24"": null, ""25"": null, ""26"": null, ""27"": null}",230,tab1a23-24-final,coal-statistics-download-excel-7,coal_statistics,Download Excel,https://coal.gov.in/sites/default/files/2024-03/cdchap6.xlsx
source_reference,"{""0"": null, ""1"": null, ""2"": ""CHG"", ""3"": null, ""4"": ""Non-CIL"", ""5"": 651.5375027197401, ""6"": 44.323964837074, ""7"": 8.8647930682148, ""8"": null, ""9"": null, ""10"": 128, ""11"": 345.771347985, ""12"": 134.354382248, ""13"": 134.354382248, ""14"": 0, ""15"": 1504.2501898600285, ""16"": null, ""17"": null, ""18"": null, ""19"": null, ""21"": null, ""22"": null, ""23"": null, ""24"": null, ""25"": null, ""26"": null, ""27"": null}",231,tab1a23-24-final,coal-statistics-download-excel-7,coal_statistics,Download Excel,https://coal.gov.in/sites/default/files/2024-03/cdchap6.xlsx
source_reference,"{""0"": null, ""1"": null, ""2"": ""CHG"", ""3"": null, ""4"": ""Total"", ""5"": 3495.37502373174, ""6"": 918.569087452074, ""7"": 69.32418381121481, ""8"": null, ""9"": null, ""10"": 2556.2459, ""11"": 7054.441285585, ""12"": 521.269740287, ""13"": 521.269740287, ""14"": 0, ""15"": 15193.538777908027, ""16"": null, ""17"": null, ""18"": null, ""19"": null, ""21"": null, ""22"": null, ""23"": null, ""24"": null, ""25"": null, ""26"": null, ""27"": null}",232,tab1a23-24-final,coal-statistics-download-excel-7,coal_statistics,Download Excel,https://coal.gov.in/sites/default/files/2024-03/cdchap6.xlsx
source_reference,"{""0"": null, ""1"": null, ""2"": ""JKD"", ""3"": ""Jharkhand"", ""4"": ""CIL"", ""5"": 4316.6313269, ""6"": 1308.1198427, ""7"": 89.5908111, ""8"": null, ""9"": null, ""10"": 1434.59, ""11"": 5475.586541500001, ""12"": 592.2746431999999, ""13"": 595.2746433, ""14"": 0, ""15"": 14839.680806199998, ""16"": null, ""17"": null, ""18"": null, ""19"": null, ""21"": null, ""22"": null, ""23"": null, ""24"": null, ""25"": null, ""26"": null, ""27"": null}",233,tab1a23-24-final,coal-statistics-download-excel-7,coal_statistics,Download Excel,https://coal.gov.in/sites/default/files/2024-03/cdchap6.xlsx
source_reference,"{""0"": null, ""1"": null, ""2"": ""JKD"", ""3"": null, ""4"": ""Non-CIL"", ""5"": 1073.541681585, ""6"": 320.887441063, ""7"": 21.435206115, ""8"": null, ""9"": null, ""10"": 131.38319550000003, ""11"": 1677.0818119199998, ""12"": 501.202275717, ""13"": 501.36166771700005, ""14"": 2.2494069, ""15"": 4413.280709898, ""16"": null, ""17"": null, ""18"": null, ""19"": null, ""21"": null, ""22"": null, ""23"": null, ""24"": null, ""25"": null, ""26"": null, ""27"": null}",234,tab1a23-24-final,coal-statistics-download-excel-7,coal_statistics,Download Excel,https://coal.gov.in/sites/default/files/2024-03/cdchap6.xlsx
source_reference,"{""0"": null, ""1"": null, ""2"": ""JKD"", ""3"": ""Sub-Total Jharkhand"", ""4"": ""Total"", ""5"": 5390.1730084850005, ""6"": 1629.007283763, ""7"": 111.026017215, ""8"": null, ""9"": null, ""10"": 1565.9731955, ""11"": 7152.66835342, ""12"": 1093.476918917, ""13"": 1096.636311017, ""14"": 2.2494069, ""15"": 19252.961516098, ""16"": null, ""17"": null, ""18"": null, ""19"": null, ""21"": null, ""22"": null, ""23"": null, ""24"": null, ""25"": null, ""26"": null, ""27"": null}",235,tab1a23-24-final,coal-statistics-download-excel-7,coal_statistics,Download Excel,https://coal.gov.in/sites/default/files/2024-03/cdchap6.xlsx
source_reference,"{""0"": null, ""1"": null, ""2"": ""J&K"", ""3"": ""J & K"", ""4"": ""CIL"", ""5"": 0, ""6"": 0, ""7"": 0, ""8"": null, ""9"": null, ""10"": 0, ""11"": 0, ""12"": 0, ""13"": 0, ""14"": 0, ""15"": 0, ""16"": null, ""17"": null, ""18"": null, ""19"": null, ""21"": null, ""22"": null, ""23"": null, ""24"": null, ""25"": null, ""26"": null, ""27"": null}",236,tab1a23-24-final,coal-statistics-download-excel-7,coal_statistics,Download Excel,https://coal.gov.in/sites/default/files/2024-03/cdchap6.xlsx
source_reference,"{""0"": null, ""1"": null, ""2"": ""J&K"", ""3"": null, ""4"": ""Non-CIL"", ""5"": 0, ""6"": 0, ""7"": 0, ""8"": null, ""9"": null, ""10"": 0, ""11"": 0, ""12"": 0, ""13"": 0, ""14"": 0, ""15"": 0, ""16"": null, ""17"": null, ""18"": null, ""19"": null, ""21"": null, ""22"": null, ""23"": null, ""24"": null, ""25"": null, ""26"": null, ""27"": null}",237,tab1a23-24-final,coal-statistics-download-excel-7,coal_statistics,Download Excel,https://coal.gov.in/sites/default/files/2024-03/cdchap6.xlsx
source_reference,"{""0"": null, ""1"": null, ""2"": ""J&K"", ""3"": ""Sub-Total Odisha"", ""4"": ""Total"", ""5"": 0, ""6"": 0, ""7"": 0, ""8"": null, ""9"": null, ""10"": 0, ""11"": 0, ""12"": 0, ""13"": 0, ""14"": 0, ""15"": 0, ""16"": null, ""17"": null, ""18"": null, ""19"": null, ""21"": null, ""22"": null, ""23"": null, ""24"": null, ""25"": null, ""26"": null, ""27"": null}",238,tab1a23-24-final,coal-statistics-download-excel-7,coal_statistics,Download Excel,https://coal.gov.in/sites/default/files/2024-03/cdchap6.xlsx
source_reference,"{""0"": null, ""1"": null, ""2"": ""ODI"", ""3"": ""Odisha"", ""4"": ""CIL"", ""5"": 3183.5334795, ""6"": 929.7435882, ""7"": 61.929151922, ""8"": null, ""9"": null, ""10"": 4350, ""11"": 7879.4976316, ""12"": 378.0011409, ""13"": 378.0011409, ""14"": 0, ""15"": 26160.706133022, ""16"": null, ""17"": null, ""18"": null, ""19"": null, ""21"": null, ""22"": null, ""23"": null, ""24"": null, ""25"": null, ""26"": null, ""27"": null}",239,tab1a23-24-final,coal-statistics-download-excel-7,coal_statistics,Download Excel,https://coal.gov.in/sites/default/files/2024-03/cdchap6.xlsx
source_reference,"{""0"": null, ""1"": null, ""2"": ""ODI"", ""3"": null, ""4"": ""Non-CIL"", ""5"": 698.257855932, ""6"": 81.0501031, ""7"": 9.200105865999998, ""8"": null, ""9"": null, ""10"": 73.6877131, ""11"": 788.1375475039999, ""12"": 174.59422645400005, ""13"": 174.59422645400005, ""14"": 0, ""15"": 2054.816160574, ""16"": null, ""17"": null, ""18"": null, ""19"": null, ""21"": null, ""22"": null, ""23"": null, ""24"": null, ""25"": null, ""26"": null, ""27"": null}",240,tab1a23-24-final,coal-statistics-download-excel-7,coal_statistics,Download Excel,https://coal.gov.in/sites/default/files/2024-03/cdchap6.xlsx
source_reference,"{""0"": null, ""1"": null, ""2"": ""ODI"", ""3"": ""Sub-Total Odisha"", ""4"": ""Total"", ""5"": 3881.791335432, ""6"": 1010.7936913, ""7"": 71.129257788, ""8"": null, ""9"": null, ""10"": 4423.6877131, ""11"": 8667.635179104, ""12"": 552.595367354, ""13"": 552.595367354, ""14"": 0, ""15"": 28215.522293595997, ""16"": null, ""17"": null, ""18"": null, ""19"": null, ""21"": null, ""22"": null, ""23"": null, ""24"": null, ""25"": null, ""26"": null, ""27"": null}",241,tab1a23-24-final,coal-statistics-download-excel-7,coal_statistics,Download Excel,https://coal.gov.in/sites/default/files/2024-03/cdchap6.xlsx
source_reference,"{""0"": null, ""1"": null, ""2"": ""MP"", ""3"": ""Madhya Pradesh"", ""4"": ""CIL"", ""5"": 2852.602432257, ""6"": 853.62329689, ""7"": 57.585598163, ""8"": null, ""9"": null, ""10"": 2786.3, ""11"": 5229.764717599999, ""12"": 345.191578978, ""13"": 345.191578978, ""14"": 0, ""15"": 16666.698805066004, ""16"": null, ""17"": null, ""18"": null, ""19"": null, ""21"": null, ""22"": null, ""23"": null, ""24"": null, ""25"": null, ""26"": null, ""27"": null}",242,tab1a23-24-final,coal-statistics-download-excel-7,coal_statistics,Download Excel,https://coal.gov.in/sites/default/files/2024-03/cdchap6.xlsx
source_reference,"{""0"": null, ""1"": null, ""2"": ""MP"", ""3"": null, ""4"": ""Non-CIL"", ""5"": 446.9282494, ""6"": 52.70428926, ""7"": 10.091954411000001, ""8"": null, ""9"": null, ""10"": 0.2624466, ""11"": 245.4424405, ""12"": 74.129748258, ""13"": 75.846047158, ""14"": 0, ""15"": 936.465074456, ""16"": null, ""17"": null, ""18"": null, ""19"": null, ""21"": null, ""22"": null, ""23"": null, ""24"": null, ""25"": null, ""26"": null, ""27"": null}",243,tab1a23-24-final,coal-statistics-download-excel-7,coal_statistics,Download Excel,https://coal.gov.in/sites/default/files/2024-03/cdchap6.xlsx
source_reference,"{""0"": null, ""1"": ""J&K"", ""2"": ""MP"", ""3"": ""Sub-Total Madhya Pradesh"", ""4"": ""Total"", ""5"": 3299.530681657, ""6"": 906.32758615, ""7"": 67.677552574, ""8"": null, ""9"": null, ""10"": 2786.5624466000004, ""11"": 5475.207158099999, ""12"": 419.321327236, ""13"": 421.037626136, ""14"": 0, ""15"": 17603.163879522002, ""16"": null, ""17"": null, ""18"": null, ""19"": null, ""21"": null, ""22"": null, ""23"": null, ""24"": null, ""25"": null, ""26"": null, ""27"": null}",244,tab1a23-24-final,coal-statistics-download-excel-7,coal_statistics,Download Excel,https://coal.gov.in/sites/default/files/2024-03/cdchap6.xlsx
source_reference,"{""0"": null, ""1"": null, ""2"": ""MAH"", ""3"": ""Maharashtra"", ""4"": ""CIL"", ""5"": 2261.683537, ""6"": 661.7987275, ""7"": 44.120307, ""8"": null, ""9"": null, ""10"": 0, ""11"": 2715.0291608, ""12"": 246.5621298, ""13"": 246.5621298, ""14"": 0, ""15"": 6177.644890899999, ""16"": null, ""17"": null, ""18"": null, ""19"": null, ""21"": null, ""22"": null, ""23"": null, ""24"": null, ""25"": null, ""26"": null, ""27"": null}",245,tab1a23-24-final,coal-statistics-download-excel-7,coal_statistics,Download Excel,https://coal.gov.in/sites/default/files/2024-03/cdchap6.xlsx
source_reference,"{""0"": null, ""1"": null, ""2"": ""MAH"", ""3"": null, ""4"": ""Non-CIL"", ""5"": 59.3667037, ""6"": 5.9177005, ""7"": 1.183562, ""8"": null, ""9"": null, ""10"": 48.5321237, ""11"": 4.7122292, ""12"": 1.4670177, ""13"": 1.515261766, ""14"": 0, ""15"": 122.694598566, ""16"": null, ""17"": null, ""18"": null, ""19"": null, ""21"": null, ""22"": null, ""23"": null, ""24"": null, ""25"": null, ""26"": null, ""27"": null}",246,tab1a23-24-final,coal-statistics-download-excel-7,coal_statistics,Download Excel,https://coal.gov.in/sites/default/files/2024-03/cdchap6.xlsx
source_reference,"{""0"": null, ""1"": null, ""2"": ""MAH"", ""3"": ""Sub Total Maharashtra"", ""4"": ""Total"", ""5"": 2321.0502407, ""6"": 667.7164280000001, ""7"": 45.303869, ""8"": null, ""9"": null, ""10"": 48.5321237, ""11"": 2719.74139, ""12"": 248.02914750000002, ""13"": 248.07739156600002, ""14"": 0, ""15"": 6300.339489466, ""16"": null, ""17"": null, ""18"": null, ""19"": null, ""21"": null, ""22"": null, ""23"": null, ""24"": null, ""25"": null, ""26"": null, ""27"": null}",247,tab1a23-24-final,coal-statistics-download-excel-7,coal_statistics,Download Excel,https://coal.gov.in/sites/default/files/2024-03/cdchap6.xlsx
source_reference,"{""0"": null, ""1"": null, ""2"": ""AP"", ""3"": ""Andhra Pradesh"", ""4"": ""CIL"", ""5"": 0, ""6"": 0, ""7"": 0, ""8"": null, ""9"": null, ""10"": 0, ""11"": 0, ""12"": 0, ""13"": 0, ""14"": 0, ""15"": 0, ""16"": null, ""17"": null, ""18"": null, ""19"": null, ""21"": null, ""22"": null, ""23"": null, ""24"": null, ""25"": null, ""26"": null, ""27"": null}",248,tab1a23-24-final,coal-statistics-download-excel-7,coal_statistics,Download Excel,https://coal.gov.in/sites/default/files/2024-03/cdchap6.xlsx
source_reference,"{""0"": null, ""1"": null, ""2"": ""AP"", ""3"": null, ""4"": ""Non-CIL"", ""5"": 0, ""6"": 0, ""7"": 0, ""8"": null, ""9"": null, ""10"": 0, ""11"": 0, ""12"": 0, ""13"": 0, ""14"": 0, ""15"": 0, ""16"": null, ""17"": null, ""18"": null, ""19"": null, ""21"": null, ""22"": null, ""23"": null, ""24"": null, ""25"": null, ""26"": null, ""27"": null}",249,tab1a23-24-final,coal-statistics-download-excel-7,coal_statistics,Download Excel,https://coal.gov.in/sites/default/files/2024-03/cdchap6.xlsx
source_reference,"{""0"": null, ""1"": null, ""2"": ""AP"", ""3"": null, ""4"": ""Total"", ""5"": 0, ""6"": 0, ""7"": 0, ""8"": null, ""9"": null, ""10"": 0, ""11"": 0, ""12"": 0, ""13"": 0, ""14"": 0, ""15"": 0, ""16"": null, ""17"": null, ""18"": null, ""19"": null, ""21"": null, ""22"": null, ""23"": null, ""24"": null, ""25"": null, ""26"": null, ""27"": null}",250,tab1a23-24-final,coal-statistics-download-excel-7,coal_statistics,Download Excel,https://coal.gov.in/sites/default/files/2024-03/cdchap6.xlsx
source_reference,"{""0"": null, ""1"": null, ""2"": ""TLNG"", ""3"": ""Telangana"", ""4"": ""CIL"", ""5"": 0, ""6"": 0, ""7"": 0, ""8"": null, ""9"": null, ""10"": 0, ""11"": 0, ""12"": 0, ""13"": 0, ""14"": 0, ""15"": 0, ""16"": null, ""17"": null, ""18"": null, ""19"": null, ""21"": null, ""22"": null, ""23"": null, ""24"": null, ""25"": null, ""26"": null, ""27"": null}",251,tab1a23-24-final,coal-statistics-download-excel-7,coal_statistics,Download Excel,https://coal.gov.in/sites/default/files/2024-03/cdchap6.xlsx
source_reference,"{""0"": null, ""1"": null, ""2"": ""TLNG"", ""3"": null, ""4"": ""Non-CIL"", ""5"": 2904.2339354, ""6"": 702, ""7"": 20, ""8"": null, ""9"": null, ""10"": 0, ""11"": 0, ""12"": 279, ""13"": 279.3810542, ""14"": 0, ""15"": 4357.6149896, ""16"": null, ""17"": null, ""18"": null, ""19"": null, ""21"": null, ""22"": null, ""23"": null, ""24"": null, ""25"": null, ""26"": null, ""27"": null}",252,tab1a23-24-final,coal-statistics-download-excel-7,coal_statistics,Download Excel,https://coal.gov.in/sites/default/files/2024-03/cdchap6.xlsx
source_reference,"{""0"": null, ""1"": null, ""2"": ""TLNG"", ""3"": ""Sub Total Telangana"", ""4"": ""Total"", ""5"": 2904.2339354, ""6"": 702, ""7"": 20, ""8"": null, ""9"": null, ""10"": 0, ""11"": 0, ""12"": 279, ""13"": 279.3810542, ""14"": 0, ""15"": 4357.6149896, ""16"": null, ""17"": null, ""18"": null, ""19"": null, ""21"": null, ""22"": null, ""23"": null, ""24"": null, ""25"": null, ""26"": null, ""27"": null}",253,tab1a23-24-final,coal-statistics-download-excel-7,coal_statistics,Download Excel,https://coal.gov.in/sites/default/files/2024-03/cdchap6.xlsx
source_reference,"{""0"": null, ""1"": null, ""2"": ""WB"", ""3"": ""West Bengal"", ""4"": ""CIL"", ""5"": 16.45, ""6"": 4.92, ""7"": 0.33, ""8"": null, ""9"": null, ""10"": 0, ""11"": 2862.23, ""12"": 7.9, ""13"": 7.9, ""14"": 0, ""15"": 2982.6600000000003, ""16"": null, ""17"": null, ""18"": null, ""19"": null, ""21"": null, ""22"": null, ""23"": null, ""24"": null, ""25"": null, ""26"": null, ""27"": null}",254,tab1a23-24-final,coal-statistics-download-excel-7,coal_statistics,Download Excel,https://coal.gov.in/sites/default/files/2024-03/cdchap6.xlsx
source_reference,"{""0"": null, ""1"": null, ""2"": ""WB"", ""3"": null, ""4"": ""Non-CIL"", ""5"": 1.9107710999999998, ""6"": 0.30700859999999996, ""7"": 0.0253109, ""8"": null, ""9"": null, ""10"": 0, ""11"": 91.9287003, ""12"": 53.2895566, ""13"": 55.56223919999999, ""14"": 0, ""15"": 207.4174354, ""16"": null, ""17"": null, ""18"": null, ""19"": null, ""21"": null, ""22"": null, ""23"": null, ""24"": null, ""25"": null, ""26"": null, ""27"": null}",255,tab1a23-24-final,coal-statistics-download-excel-7,coal_statistics,Download Excel,https://coal.gov.in/sites/default/files/2024-03/cdchap6.xlsx
source_reference,"{""0"": null, ""1"": null, ""2"": ""WB"", ""3"": ""Sub Total West Bengal"", ""4"": ""Total"", ""5"": 18.3607711, ""6"": 5.2270086, ""7"": 0.35531090000000004, ""8"": null, ""9"": null, ""10"": 0, ""11"": 2954.1587003, ""12"": 61.189556599999996, ""13"": 63.46223919999999, ""14"": 0, ""15"": 3190.0774354000005, ""16"": null, ""17"": null, ""18"": null, ""19"": null, ""21"": null, ""22"": null, ""23"": null, ""24"": null, ""25"": null, ""26"": null, ""27"": null}",256,tab1a23-24-final,coal-statistics-download-excel-7,coal_statistics,Download Excel,https://coal.gov.in/sites/default/files/2024-03/cdchap6.xlsx
source_reference,"{""0"": null, ""1"": null, ""2"": ""ASM"", ""3"": ""Assam"", ""4"": ""CIL"", ""5"": 16.838378, ""6"": 5.051513528, ""7"": 0.3367676, ""8"": null, ""9"": null, ""10"": 0, ""11"": 6.7050844, ""12"": 4.0148478, ""13"": 4.0148478, ""14"": 0, ""15"": 42.910098827999995, ""16"": null, ""17"": null, ""18"": null, ""19"": null, ""21"": null, ""22"": null, ""23"": null, ""24"": null, ""25"": null, ""26"": null, ""27"": null}",257,tab1a23-24-final,coal-statistics-download-excel-7,coal_statistics,Download Excel,https://coal.gov.in/sites/default/files/2024-03/cdchap6.xlsx
source_reference,"{""0"": null, ""1"": null, ""2"": ""ASM"", ""3"": null, ""4"": ""Non-CIL"", ""5"": 0, ""6"": 0, ""7"": 0, ""8"": null, ""9"": null, ""10"": 0, ""11"": 0, ""12"": 0, ""13"": 0, ""14"": 0, ""15"": 0, ""16"": null, ""17"": null, ""18"": null, ""19"": null, ""21"": null, ""22"": null, ""23"": null, ""24"": null, ""25"": null, ""26"": null, ""27"": null}",258,tab1a23-24-final,coal-statistics-download-excel-7,coal_statistics,Download Excel,https://coal.gov.in/sites/default/files/2024-03/cdchap6.xlsx
source_reference,"{""0"": null, ""1"": null, ""2"": ""ASM"", ""3"": ""Sub Total Assam"", ""4"": ""Total"", ""5"": 16.838378, ""6"": 5.051513528, ""7"": 0.3367676, ""8"": null, ""9"": null, ""10"": 0, ""11"": 6.7050844, ""12"": 4.0148478, ""13"": 4.0148478, ""14"": 0, ""15"": 42.910098827999995, ""16"": null, ""17"": null, ""18"": null, ""19"": null, ""21"": null, ""22"": null, ""23"": null, ""24"": null, ""25"": null, ""26"": null, ""27"": null}",259,tab1a23-24-final,coal-statistics-download-excel-7,coal_statistics,Download Excel,https://coal.gov.in/sites/default/files/2024-03/cdchap6.xlsx
source_reference,"{""0"": null, ""1"": null, ""2"": ""UP"", ""3"": ""Uttar Pradesh"", ""4"": ""CIL"", ""5"": 606.12, ""6"": 180.34, ""7"": 12.49, ""8"": null, ""9"": null, ""10"": 0, ""11"": 850.17, ""12"": 76.73, ""13"": 76.73, ""14"": 0, ""15"": 1807.12, ""16"": null, ""17"": null, ""18"": null, ""19"": null, ""21"": null, ""22"": null, ""23"": null, ""24"": null, ""25"": null, ""26"": null, ""27"": null}",260,tab1a23-24-final,coal-statistics-download-excel-7,coal_statistics,Download Excel,https://coal.gov.in/sites/default/files/2024-03/cdchap6.xlsx
source_reference,"{""0"": null, ""1"": null, ""2"": ""UP"", ""3"": null, ""4"": ""Non-CIL"", ""5"": 0, ""6"": 0, ""7"": 0, ""8"": null, ""9"": null, ""10"": 0, ""11"": 0, ""12"": 0, ""13"": 0, ""14"": 0, ""15"": 0, ""16"": null, ""17"": null, ""18"": null, ""19"": null, ""21"": null, ""22"": null, ""23"": null, ""24"": null, ""25"": null, ""26"": null, ""27"": null}",261,tab1a23-24-final,coal-statistics-download-excel-7,coal_statistics,Download Excel,https://coal.gov.in/sites/default/files/2024-03/cdchap6.xlsx
source_reference,"{""0"": null, ""1"": null, ""2"": ""UP"", ""3"": ""Sub Total Uttar Pradesh"", ""4"": ""Total"", ""5"": 606.12, ""6"": 180.34, ""7"": 12.49, ""8"": null, ""9"": null, ""10"": 0, ""11"": 850.17, ""12"": 76.73, ""13"": 76.73, ""14"": 0, ""15"": 1807.12, ""16"": null, ""17"": null, ""18"": null, ""19"": null, ""21"": null, ""22"": null, ""23"": null, ""24"": null, ""25"": null, ""26"": null, ""27"": null}",262,tab1a23-24-final,coal-statistics-download-excel-7,coal_statistics,Download Excel,https://coal.gov.in/sites/default/files/2024-03/cdchap6.xlsx
source_reference,"{""0"": null, ""1"": null, ""2"": null, ""3"": ""All India"", ""4"": ""CIL"", ""5"": 16097.696674669003, ""6"": 4817.842091433, ""7"": 326.8420265279999, ""8"": null, ""9"": null, ""10"": 10999.135900000001, ""11"": 31727.653073499998, ""12"": 2037.5896987170004, ""13"": 2040.5896988170002, ""14"": 0, ""15"": 82366.709322064, ""16"": null, ""17"": null, ""18"": null, ""19"": null, ""21"": null, ""22"": null, ""23"": null, ""24"": null, ""25"": null, ""26"": null, ""27"": null}",263,tab1a23-24-final,coal-statistics-download-excel-7,coal_statistics,Download Excel,https://coal.gov.in/sites/default/files/2024-03/cdchap6.xlsx
source_reference,"{""0"": null, ""1"": null, ""2"": null, ""3"": null, ""4"": ""Non-CIL"", ""5"": 5835.77669983674, ""6"": 1207.190507360074, ""7"": 70.8009323602148, ""8"": null, ""9"": null, ""10"": 381.8654789, ""11"": 3153.0740774089995, ""12"": 1218.037206977, ""13"": 1222.6148787430002, ""14"": 2.2494069, ""15"": 13596.539158354031, ""16"": null, ""17"": null, ""18"": null, ""19"": null, ""21"": null, ""22"": null, ""23"": null, ""24"": null, ""25"": null, ""26"": null, ""27"": null}",264,tab1a23-24-final,coal-statistics-download-excel-7,coal_statistics,Download Excel,https://coal.gov.in/sites/default/files/2024-03/cdchap6.xlsx
source_reference,"{""0"": null, ""1"": null, ""2"": null, ""3"": null, ""4"": ""Total"", ""5"": 21933.473374505742, ""6"": 6025.032598793074, ""7"": 397.6429588882147, ""8"": null, ""9"": null, ""10"": 11381.0013789, ""11"": 34880.727150909, ""12"": 3255.6269056940005, ""13"": 3263.2045775600004, ""14"": 2.2494069, ""15"": 95963.24848041803, ""16"": null, ""17"": null, ""18"": null, ""19"": null, ""21"": null, ""22"": null, ""23"": null, ""24"": null, ""25"": null, ""26"": null, ""27"": null}",265,tab1a23-24-final,coal-statistics-download-excel-7,coal_statistics,Download Excel,https://coal.gov.in/sites/default/files/2024-03/cdchap6.xlsx
