dataset_type,row_json,row_number,sheet_name,source_id,source_page_id,source_title,source_url
source_reference,"{""0"": ""Reporting of Payment of Royalty, DMF, etc  to different States during 2022-23"", ""1"": null, ""2"": null, ""3"": null, ""4"": null, ""5"": null, ""6"": null, ""7"": null, ""8"": null, ""9"": null, ""10"": null, ""11"": null, ""12"": null, ""13"": null, ""14"": null, ""15"": null, ""16"": null, ""19"": null, ""20"": null}",1,tab1a22-23-final,coal-statistics-download-excel-7,coal_statistics,Download Excel,https://coal.gov.in/sites/default/files/2024-03/cdchap6.xlsx
source_reference,"{""0"": ""company"", ""1"": ""Block/Mine"", ""2"": ""CIL/N"", ""3"": ""state"", ""4"": ""Type"", ""5"": ""Amount of Royalty Paid"", ""6"": ""Amount of DMF Paid"", ""7"": ""Amount of NMET Paid"", ""8"": ""Corporate Income Tax"", ""9"": ""Cess On Coal Paid*"", ""10"": ""Central GST Paid"", ""11"": ""State GST Paid"", ""12"": ""Entry Tax Paid on Coal"", ""13"": ""Total Amount Paid"", ""14"": null, ""15"": ""Dividend"", ""16"": ""IGST"", ""19"": null, ""20"": null}",2,tab1a22-23-final,coal-statistics-download-excel-7,coal_statistics,Download Excel,https://coal.gov.in/sites/default/files/2024-03/cdchap6.xlsx
source_reference,"{""0"": ""ECL"", ""1"": ""CIL"", ""2"": ""CIL"", ""3"": ""JKD"", ""4"": ""C"", ""5"": 294.92, ""6"": 94.71, ""7"": 6.04, ""8"": 0, ""9"": 8.25, ""10"": 36.04, ""11"": 36.04, ""12"": 6.24, ""13"": 482.24000000000007, ""14"": 482.24000000000007, ""15"": 0, ""16"": null, ""19"": null, ""20"": null}",3,tab1a22-23-final,coal-statistics-download-excel-7,coal_statistics,Download Excel,https://coal.gov.in/sites/default/files/2024-03/cdchap6.xlsx
source_reference,"{""0"": ""ECL"", ""1"": ""CIL"", ""2"": ""CIL"", ""3"": ""WB"", ""4"": ""C"", ""5"": 16.3, ""6"": 4.89, ""7"": 0.32, ""8"": 271, ""9"": 1715.28, ""10"": 28.13, ""11"": 28.13, ""12"": 0, ""13"": 2064.05, ""14"": 2064.05, ""15"": 0, ""16"": null, ""19"": null, ""20"": null}",4,tab1a22-23-final,coal-statistics-download-excel-7,coal_statistics,Download Excel,https://coal.gov.in/sites/default/files/2024-03/cdchap6.xlsx
source_reference,"{""0"": ""BCCL"", ""1"": ""CIL"", ""2"": ""CIL"", ""3"": ""JKD"", ""4"": ""C"", ""5"": 1413.76, ""6"": 400.83, ""7"": 27.74, ""8"": 0, ""9"": 1301.39, ""10"": 238.9, ""11"": 227.2, ""12"": 0, ""13"": 3609.82, ""14"": 3609.82, ""15"": 0, ""16"": null, ""19"": null, ""20"": null}",5,tab1a22-23-final,coal-statistics-download-excel-7,coal_statistics,Download Excel,https://coal.gov.in/sites/default/files/2024-03/cdchap6.xlsx
source_reference,"{""0"": ""BCCL"", ""1"": ""CIL"", ""2"": ""CIL"", ""3"": ""WB"", ""4"": ""C"", ""5"": 0, ""6"": 0, ""7"": 0, ""8"": 0, ""9"": 5.39, ""10"": 0.06, ""11"": 0.05, ""12"": 0, ""13"": 5.499999999999999, ""14"": 5.499999999999999, ""15"": 0, ""16"": null, ""19"": null, ""20"": null}",6,tab1a22-23-final,coal-statistics-download-excel-7,coal_statistics,Download Excel,https://coal.gov.in/sites/default/files/2024-03/cdchap6.xlsx
source_reference,"{""0"": ""CCL"", ""1"": ""CIL"", ""2"": ""CIL"", ""3"": ""JKD"", ""4"": ""C"", ""5"": 2103, ""6"": 625, ""7"": 45, ""8"": 761, ""9"": 3011, ""10"": 316, ""11"": 316, ""12"": 0, ""13"": 7177, ""14"": 8201, ""15"": 1024, ""16"": null, ""19"": null, ""20"": null}",7,tab1a22-23-final,coal-statistics-download-excel-7,coal_statistics,Download Excel,https://coal.gov.in/sites/default/files/2024-03/cdchap6.xlsx
source_reference,"{""0"": ""NCL"", ""1"": ""CIL"", ""2"": ""CIL"", ""3"": ""MP"", ""4"": ""C"", ""5"": 2143.7867, ""6"": 646.1397, ""7"": 43.2909, ""8"": 2439.26, ""9"": 4434.498, ""10"": 264.7433, ""11"": 264.7433, ""12"": 0, ""13"": 10236.4619, ""14"": 13895.9119, ""15"": 3659.45, ""16"": null, ""19"": null, ""20"": null}",8,tab1a22-23-final,coal-statistics-download-excel-7,coal_statistics,Download Excel,https://coal.gov.in/sites/default/files/2024-03/cdchap6.xlsx
source_reference,"{""0"": ""NCL"", ""1"": ""CIL"", ""2"": ""CIL"", ""3"": ""UP"", ""4"": ""C"", ""5"": 583.8665, ""6"": 177.4168, ""7"": 11.6217, ""8"": 0, ""9"": 911.4869, ""10"": 73.9341, ""11"": 73.9341, ""12"": 0, ""13"": 1832.2601, ""14"": 1832.2601, ""15"": 0, ""16"": null, ""19"": null, ""20"": null}",9,tab1a22-23-final,coal-statistics-download-excel-7,coal_statistics,Download Excel,https://coal.gov.in/sites/default/files/2024-03/cdchap6.xlsx
source_reference,"{""0"": ""WCL"", ""1"": ""CIL"", ""2"": ""CIL"", ""3"": ""MP"", ""4"": ""C"", ""5"": 106.9219505, ""6"": 32.0765858, ""7"": 2.1384553, ""8"": 0, ""9"": 123.7729607, ""10"": 0.2217057, ""11"": 17.6394888, ""12"": 0, ""13"": 282.77114679999994, ""14"": 282.77114679999994, ""15"": 0, ""16"": null, ""19"": null, ""20"": null}",10,tab1a22-23-final,coal-statistics-download-excel-7,coal_statistics,Download Excel,https://coal.gov.in/sites/default/files/2024-03/cdchap6.xlsx
source_reference,"{""0"": ""WCL"", ""1"": ""CIL"", ""2"": ""CIL"", ""3"": ""MAH"", ""4"": ""C"", ""5"": 1847.392028, ""6"": 554.2177851, ""7"": 36.9495821, ""8"": 0, ""9"": 2342.4189004, ""10"": 0.5684092, ""11"": 227.2092495, ""12"": 0, ""13"": 5008.7559543, ""14"": 5008.7559543, ""15"": 0, ""16"": null, ""19"": null, ""20"": null}",11,tab1a22-23-final,coal-statistics-download-excel-7,coal_statistics,Download Excel,https://coal.gov.in/sites/default/files/2024-03/cdchap6.xlsx
source_reference,"{""0"": ""SECL"", ""1"": ""CIL"", ""2"": ""CIL"", ""3"": ""MP"", ""4"": ""C"", ""5"": 337.15, ""6"": 101.75, ""7"": 6.78, ""8"": 0, ""9"": 398.36, ""10"": 48.04, ""11"": 48.04, ""12"": 0, ""13"": 940.1199999999999, ""14"": 940.1199999999999, ""15"": 0, ""16"": null, ""19"": null, ""20"": null}",12,tab1a22-23-final,coal-statistics-download-excel-7,coal_statistics,Download Excel,https://coal.gov.in/sites/default/files/2024-03/cdchap6.xlsx
source_reference,"{""0"": ""SECL"", ""1"": ""CIL"", ""2"": ""CIL"", ""3"": ""CHG"", ""4"": ""C"", ""5"": 2829.6646271, ""6"": 777.2483879, ""7"": 51.7758925, ""8"": 1148.86, ""9"": 5888.1733912, ""10"": 313.6755303, ""11"": 313.6755303, ""12"": 0, ""13"": 11323.073359299997, ""14"": 11323.073359299997, ""15"": 0, ""16"": null, ""19"": null, ""20"": null}",13,tab1a22-23-final,coal-statistics-download-excel-7,coal_statistics,Download Excel,https://coal.gov.in/sites/default/files/2024-03/cdchap6.xlsx
source_reference,"{""0"": ""SECL"", ""1"": ""CIL"", ""2"": ""CIL"", ""3"": ""WB"", ""4"": ""C"", ""5"": null, ""6"": null, ""7"": null, ""8"": null, ""9"": 0.05, ""10"": 0.51, ""11"": 0.51, ""12"": 0, ""13"": 1.07, ""14"": 1.07, ""15"": 0, ""16"": null, ""19"": null, ""20"": null}",14,tab1a22-23-final,coal-statistics-download-excel-7,coal_statistics,Download Excel,https://coal.gov.in/sites/default/files/2024-03/cdchap6.xlsx
source_reference,"{""0"": ""SECL(GP 2&3)"", ""1"": ""Gare Palma 2&3"", ""2"": ""CIL"", ""3"": ""CHG"", ""4"": ""C"", ""5"": 91.7053729, ""6"": 27.5116121, ""7"": 1.8341075, ""8"": 0, ""9"": 93.0366088, ""10"": 16.8044697, ""11"": 16.8044697, ""12"": 0, ""13"": 247.6966407, ""14"": 247.6966407, ""15"": 0, ""16"": null, ""19"": null, ""20"": null}",15,tab1a22-23-final,coal-statistics-download-excel-7,coal_statistics,Download Excel,https://coal.gov.in/sites/default/files/2024-03/cdchap6.xlsx
source_reference,"{""0"": ""SECL(GP-IV/1)"", ""1"": ""Gare Palma 1"", ""2"": ""CIL"", ""3"": ""CHG"", ""4"": ""C"", ""5"": 0, ""6"": 0, ""7"": 0, ""8"": 0, ""9"": 0, ""10"": 0, ""11"": 0, ""12"": 0, ""13"": 0, ""14"": 0, ""15"": null, ""16"": null, ""19"": null, ""20"": null}",16,tab1a22-23-final,coal-statistics-download-excel-7,coal_statistics,Download Excel,https://coal.gov.in/sites/default/files/2024-03/cdchap6.xlsx
source_reference,"{""0"": ""MCL"", ""1"": ""CIL"", ""2"": ""CIL"", ""3"": ""ODI"", ""4"": ""C"", ""5"": 3607.86, ""6"": 1086.25, ""7"": 71.68, ""8"": 5250, ""9"": 7675.51, ""10"": 427.22, ""11"": 427.22, ""12"": 0, ""13"": 18545.740000000005, ""14"": 26971.570000000007, ""15"": 8425, ""16"": 0.83, ""19"": null, ""20"": null}",17,tab1a22-23-final,coal-statistics-download-excel-7,coal_statistics,Download Excel,https://coal.gov.in/sites/default/files/2024-03/cdchap6.xlsx
source_reference,"{""0"": ""NEC"", ""1"": ""CIL"", ""2"": ""CIL"", ""3"": ""ASM"", ""4"": ""C"", ""5"": 25.3854685, ""6"": 7.378273613, ""7"": 0.5077093, ""8"": 0, ""9"": 7.2493468, ""10"": 6.3448148, ""11"": 6.3448148, ""12"": 0, ""13"": 53.210427813, ""14"": 53.210427813, ""15"": 0, ""16"": null, ""19"": null, ""20"": null}",18,tab1a22-23-final,coal-statistics-download-excel-7,coal_statistics,Download Excel,https://coal.gov.in/sites/default/files/2024-03/cdchap6.xlsx
source_reference,"{""0"": ""SCCL"", ""1"": ""SCCL"", ""2"": ""Non-CIL"", ""3"": ""TLNG"", ""4"": ""C"", ""5"": 4727, ""6"": 218.61, ""7"": 0, ""8"": 349.09, ""9"": 2379.27, ""10"": 355.97, ""11"": 352.99, ""12"": 0, ""13"": 8382.93, ""14"": 8512.92, ""15"": 129.99, ""16"": null, ""19"": null, ""20"": null}",19,tab1a22-23-final,coal-statistics-download-excel-7,coal_statistics,Download Excel,https://coal.gov.in/sites/default/files/2024-03/cdchap6.xlsx
source_reference,"{""0"": ""SCCL"", ""1"": ""SCCL"", ""2"": ""Non-CIL"", ""3"": ""ODI"", ""4"": ""C"", ""5"": null, ""6"": null, ""7"": null, ""8"": null, ""9"": null, ""10"": null, ""11"": 2.97, ""12"": null, ""13"": 2.97, ""14"": 2.97, ""15"": 0, ""16"": null, ""19"": null, ""20"": null}",20,tab1a22-23-final,coal-statistics-download-excel-7,coal_statistics,Download Excel,https://coal.gov.in/sites/default/files/2024-03/cdchap6.xlsx
source_reference,"{""0"": ""JKML"", ""1"": ""JKML"", ""2"": ""Non-CIL"", ""3"": ""J&K"", ""4"": ""C"", ""5"": 0, ""6"": 0, ""7"": 0, ""8"": 0, ""9"": 0, ""10"": 0.245792, ""11"": 0.245792, ""12"": 0, ""13"": 0.491584, ""14"": 0.491584, ""15"": 0, ""16"": null, ""19"": null, ""20"": null}",21,tab1a22-23-final,coal-statistics-download-excel-7,coal_statistics,Download Excel,https://coal.gov.in/sites/default/files/2024-03/cdchap6.xlsx
source_reference,"{""0"": ""DVC_B"", ""1"": ""Bermo"", ""2"": ""Non-CIL"", ""3"": ""JKD"", ""4"": ""C"", ""5"": 0, ""6"": 0, ""7"": 0, ""8"": 0, ""9"": 0, ""10"": 0, ""11"": 0, ""12"": 0, ""13"": 0, ""14"": 0, ""15"": null, ""16"": null, ""19"": null, ""20"": null}",22,tab1a22-23-final,coal-statistics-download-excel-7,coal_statistics,Download Excel,https://coal.gov.in/sites/default/files/2024-03/cdchap6.xlsx
source_reference,"{""0"": ""DVC_T"", ""1"": ""Tubed"", ""2"": ""Non-CIL"", ""3"": ""JKD"", ""4"": ""C"", ""5"": 0, ""6"": 0, ""7"": 0, ""8"": 0, ""9"": 0, ""10"": 0, ""11"": 0, ""12"": 0, ""13"": 0, ""14"": 0, ""15"": 0, ""16"": null, ""19"": null, ""20"": null}",23,tab1a22-23-final,coal-statistics-download-excel-7,coal_statistics,Download Excel,https://coal.gov.in/sites/default/files/2024-03/cdchap6.xlsx
source_reference,"{""0"": ""IISCOC"", ""1"": ""Chasnala"", ""2"": ""Non-CIL"", ""3"": ""JKD"", ""4"": ""C"", ""5"": 7.6573215, ""6"": 2.2971965, ""7"": 0.1531464, ""8"": 0, ""9"": 0, ""10"": 0, ""11"": 0.9096898, ""12"": 0, ""13"": 11.017354200000002, ""14"": 11.017354200000002, ""15"": 0, ""16"": null, ""19"": null, ""20"": null}",24,tab1a22-23-final,coal-statistics-download-excel-7,coal_statistics,Download Excel,https://coal.gov.in/sites/default/files/2024-03/cdchap6.xlsx
source_reference,"{""0"": ""IISCOJ"", ""1"": ""Jitpur"", ""2"": ""Non-CIL"", ""3"": ""JKD"", ""4"": ""C"", ""5"": 0.3753084, ""6"": 0.1125925, ""7"": 0.0075062, ""8"": 0, ""9"": 0, ""10"": 0, ""11"": 0.0445866, ""12"": 0, ""13"": 0.5399937, ""14"": 0.5399937, ""15"": 0, ""16"": null, ""19"": null, ""20"": null}",25,tab1a22-23-final,coal-statistics-download-excel-7,coal_statistics,Download Excel,https://coal.gov.in/sites/default/files/2024-03/cdchap6.xlsx
source_reference,"{""0"": ""IISCOR"", ""1"": ""Ramnagar"", ""2"": ""Non-CIL"", ""3"": ""WB"", ""4"": ""C"", ""5"": 0.0034816, ""6"": 0.0010446, ""7"": 6.97e-05, ""8"": 0, ""9"": 5.4562149, ""10"": 0.2000447, ""11"": 0.2000447, ""12"": 0, ""13"": 5.860900200000001, ""14"": 5.860900200000001, ""15"": 0, ""16"": null, ""19"": null, ""20"": null}",26,tab1a22-23-final,coal-statistics-download-excel-7,coal_statistics,Download Excel,https://coal.gov.in/sites/default/files/2024-03/cdchap6.xlsx
source_reference,"{""0"": ""SAIL"", ""1"": ""Tasra"", ""2"": ""Non-CIL"", ""3"": ""JKD"", ""4"": ""C"", ""5"": 11.341788463, ""6"": 3.402535388, ""7"": 0.226835692, ""8"": 0, ""9"": 0, ""10"": 0, ""11"": 0, ""12"": 0, ""13"": 14.971159543, ""14"": 14.971159543, ""15"": 0, ""16"": null, ""19"": null, ""20"": null}",27,tab1a22-23-final,coal-statistics-download-excel-7,coal_statistics,Download Excel,https://coal.gov.in/sites/default/files/2024-03/cdchap6.xlsx
source_reference,"{""0"": ""JSMDCL"", ""1"": ""Shikni OC"", ""2"": ""Non-CIL"", ""3"": ""JKD"", ""4"": ""C"", ""5"": 17.8135024, ""6"": 5.3440514, ""7"": 0.3562701, ""8"": 0, ""9"": 12.7870427, ""10"": 3.3140215, ""11"": 3.3140215, ""12"": 0, ""13"": 42.92890960000001, ""14"": 42.92890960000001, ""15"": 0, ""16"": null, ""19"": null, ""20"": null}",28,tab1a22-23-final,coal-statistics-download-excel-7,coal_statistics,Download Excel,https://coal.gov.in/sites/default/files/2024-03/cdchap6.xlsx
source_reference,"{""0"": ""RRVUNL"", ""1"": ""Parsa E & Kanta Basan"", ""2"": ""Non-CIL"", ""3"": ""CHG"", ""4"": ""C"", ""5"": 137.605389, ""6"": 13.7605389, ""7"": 0.2752108, ""8"": 0, ""9"": 472.02229576, ""10"": 0, ""11"": 0, ""12"": 0, ""13"": 623.66343446, ""14"": 623.66343446, ""15"": 0, ""16"": null, ""19"": null, ""20"": null}",29,tab1a22-23-final,coal-statistics-download-excel-7,coal_statistics,Download Excel,https://coal.gov.in/sites/default/files/2024-03/cdchap6.xlsx
source_reference,"{""0"": ""NTPC_PB"", ""1"": ""Pakri Barwadih"", ""2"": ""Non-CIL"", ""3"": ""JKD"", ""4"": ""C"", ""5"": 225.8, ""6"": 67.74, ""7"": 4.52, ""8"": 28.69, ""9"": 0, ""10"": 484.8, ""11"": 37.38, ""12"": 0, ""13"": 848.93, ""14"": 848.93, ""15"": 0, ""16"": null, ""19"": null, ""20"": null}",30,tab1a22-23-final,coal-statistics-download-excel-7,coal_statistics,Download Excel,https://coal.gov.in/sites/default/files/2024-03/cdchap6.xlsx
source_reference,"{""0"": ""NTPC_DG"", ""1"": ""Dulanga"", ""2"": ""Non-CIL"", ""3"": ""ODI"", ""4"": ""C"", ""5"": 75.260304, ""6"": 7.5260304, ""7"": 1.5052062, ""8"": 4.404246, ""9"": 15.1685136, ""10"": 0, ""11"": 14.529091, ""12"": 0, ""13"": 118.3933912, ""14"": 118.3933912, ""15"": 0, ""16"": null, ""19"": null, ""20"": null}",31,tab1a22-23-final,coal-statistics-download-excel-7,coal_statistics,Download Excel,https://coal.gov.in/sites/default/files/2024-03/cdchap6.xlsx
source_reference,"{""0"": ""NTPC_CB"", ""1"": ""Chatti Bariatu"", ""2"": ""Non-CIL"", ""3"": ""JKD"", ""4"": ""C"", ""5"": 28.7546, ""6"": 8.531563, ""7"": 0.568771, ""8"": 3.6140307, ""9"": 52.6203624, ""10"": 7.6461243, ""11"": 7.6461243, ""12"": 0, ""13"": 109.38157569999998, ""14"": 109.38157569999998, ""15"": 0, ""16"": null, ""19"": null, ""20"": null}",32,tab1a22-23-final,coal-statistics-download-excel-7,coal_statistics,Download Excel,https://coal.gov.in/sites/default/files/2024-03/cdchap6.xlsx
source_reference,"{""0"": ""NTPC_TP"", ""1"": ""Tallipalli"", ""2"": ""Non-CIL"", ""3"": ""CHG"", ""4"": ""C"", ""5"": 24.3138, ""6"": 2.43138, ""7"": 0.486276, ""8"": 0, ""9"": 4.725, ""10"": 9.669726102, ""11"": 0, ""12"": 0, ""13"": 41.626182102, ""14"": 41.626182102, ""15"": 0, ""16"": null, ""19"": null, ""20"": null}",33,tab1a22-23-final,coal-statistics-download-excel-7,coal_statistics,Download Excel,https://coal.gov.in/sites/default/files/2024-03/cdchap6.xlsx
source_reference,"{""0"": ""WBPDCL_B"", ""1"": ""Barjora"", ""2"": ""Non-CIL"", ""3"": ""WB"", ""4"": ""C"", ""5"": 0.368563, ""6"": 0.0268828, ""7"": 0.0073713, ""8"": 0, ""9"": 0.488778, ""10"": 0, ""11"": 0.7123716, ""12"": 0, ""13"": 1.6039667, ""14"": 1.6039667, ""15"": 0, ""16"": null, ""19"": null, ""20"": null}",34,tab1a22-23-final,coal-statistics-download-excel-7,coal_statistics,Download Excel,https://coal.gov.in/sites/default/files/2024-03/cdchap6.xlsx
source_reference,"{""0"": ""WBPDCL_BN"", ""1"": ""Barjora North"", ""2"": ""Non-CIL"", ""3"": ""WB"", ""4"": ""C"", ""5"": 0.4611393, ""6"": 0.1642454, ""7"": 0.0092228, ""8"": 0, ""9"": 0.1844556, ""10"": 0, ""11"": 3.6255409, ""12"": 0, ""13"": 4.444604, ""14"": 4.444604, ""15"": 0, ""16"": null, ""19"": null, ""20"": null}",35,tab1a22-23-final,coal-statistics-download-excel-7,coal_statistics,Download Excel,https://coal.gov.in/sites/default/files/2024-03/cdchap6.xlsx
source_reference,"{""0"": ""WBPDCL_PN"", ""1"": ""Pachhwara North"", ""2"": ""Non-CIL"", ""3"": ""JKD"", ""4"": ""C"", ""5"": 263.3793, ""6"": 79.68576, ""7"": 5.267586, ""8"": 0, ""9"": 0, ""10"": 0, ""11"": 30.340647, ""12"": 0, ""13"": 378.673293, ""14"": 378.673293, ""15"": 0, ""16"": null, ""19"": 1844556.0, ""20"": 7123716.0}",36,tab1a22-23-final,coal-statistics-download-excel-7,coal_statistics,Download Excel,https://coal.gov.in/sites/default/files/2024-03/cdchap6.xlsx
source_reference,"{""0"": ""WBPDCL_GB"", ""1"": ""Gangaramchak Bhadulia"", ""2"": ""Non-CIL"", ""3"": ""WB"", ""4"": ""C"", ""5"": 0.3359172, ""6"": 0.0285842, ""7"": 0.0067183, ""8"": 0, ""9"": 0.1143368, ""10"": 0, ""11"": 2.16, ""12"": 0, ""13"": 2.6455565, ""14"": 2.6455565, ""15"": 0, ""16"": null, ""19"": 1143368.0, ""20"": null}",37,tab1a22-23-final,coal-statistics-download-excel-7,coal_statistics,Download Excel,https://coal.gov.in/sites/default/files/2024-03/cdchap6.xlsx
source_reference,"{""0"": ""CSPGCL"", ""1"": ""GP/S-III"", ""2"": ""Non-CIL"", ""3"": ""CHG"", ""4"": ""C"", ""5"": 38.51, ""6"": 3.85, ""7"": 0.77, ""8"": 0, ""9"": 9, ""10"": 3.88, ""11"": 3.88, ""12"": 0, ""13"": 59.89000000000001, ""14"": 59.89000000000001, ""15"": null, ""16"": null, ""19"": null, ""20"": null}",38,tab1a22-23-final,coal-statistics-download-excel-7,coal_statistics,Download Excel,https://coal.gov.in/sites/default/files/2024-03/cdchap6.xlsx
source_reference,"{""0"": ""TSPGCL"", ""1"": ""Tadicherla"", ""2"": ""Non-CIL"", ""3"": ""TLNG"", ""4"": ""C"", ""5"": 118.6581347, ""6"": 11.8658135, ""7"": 2.3731627, ""8"": 0, ""9"": 5, ""10"": 10.6792321, ""11"": 10.6792321, ""12"": 0, ""13"": 159.25557510000002, ""14"": 159.25557510000002, ""15"": 0, ""16"": null, ""19"": null, ""20"": null}",39,tab1a22-23-final,coal-statistics-download-excel-7,coal_statistics,Download Excel,https://coal.gov.in/sites/default/files/2024-03/cdchap6.xlsx
source_reference,"{""0"": ""OCPL"", ""1"": ""Manoharpur"", ""2"": ""Non-CIL"", ""3"": ""ODI"", ""4"": ""C"", ""5"": 254.3557636, ""6"": 20.1717396, ""7"": 4.0398123, ""8"": 241.60704, ""9"": 328.7510348, ""10"": 24.7215867, ""11"": 24.7215867, ""12"": 0, ""13"": 898.3685637000001, ""14"": 898.3685637000001, ""15"": 0, ""16"": null, ""19"": null, ""20"": null}",40,tab1a22-23-final,coal-statistics-download-excel-7,coal_statistics,Download Excel,https://coal.gov.in/sites/default/files/2024-03/cdchap6.xlsx
source_reference,"{""0"": ""DPL"", ""1"": ""Trans Damodar"", ""2"": ""Non-CIL"", ""3"": ""WB"", ""4"": ""C"", ""5"": 0.20971, ""6"": 0.020971, ""7"": 0.004192, ""8"": 0, ""9"": 7.3928, ""10"": 9.06024, ""11"": 9.06024, ""12"": 0, ""13"": 25.748153000000002, ""14"": 25.748153000000002, ""15"": 0, ""16"": null, ""19"": null, ""20"": null}",41,tab1a22-23-final,coal-statistics-download-excel-7,coal_statistics,Download Excel,https://coal.gov.in/sites/default/files/2024-03/cdchap6.xlsx
source_reference,"{""0"": ""NLCIL_T-II&III"", ""1"": ""Talabira II & III"", ""2"": ""Non-CIL"", ""3"": ""ODI"", ""4"": ""C"", ""5"": 199.69, ""6"": 49.27, ""7"": 3.31, ""8"": 0, ""9"": 435.79, ""10"": 42.5, ""11"": 42.5, ""12"": 0, ""13"": 773.0600000000001, ""14"": 773.0600000000001, ""15"": 0, ""16"": null, ""19"": null, ""20"": null}",42,tab1a22-23-final,coal-statistics-download-excel-7,coal_statistics,Download Excel,https://coal.gov.in/sites/default/files/2024-03/cdchap6.xlsx
source_reference,"{""0"": ""TSLJH"", ""1"": ""Jharia"", ""2"": ""Non-CIL"", ""3"": ""JKD"", ""4"": ""C"", ""5"": 41.84, ""6"": 12.55, ""7"": 0.83, ""8"": 0, ""9"": 0, ""10"": 4.97, ""11"": 4.97, ""12"": 0, ""13"": 65.16, ""14"": 65.16, ""15"": 0, ""16"": null, ""19"": null, ""20"": null}",43,tab1a22-23-final,coal-statistics-download-excel-7,coal_statistics,Download Excel,https://coal.gov.in/sites/default/files/2024-03/cdchap6.xlsx
source_reference,"{""0"": ""TSLWB"", ""1"": ""West Bokaro"", ""2"": ""Non-CIL"", ""3"": ""JKD"", ""4"": ""C"", ""5"": 302.4630279, ""6"": 90.7389081, ""7"": 6.05492605, ""8"": 6.05492605, ""9"": 158.7177212, ""10"": 35.9326077, ""11"": 35.9326077, ""12"": 0, ""13"": 635.8947246999999, ""14"": 635.8947246999999, ""15"": 0, ""16"": null, ""19"": null, ""20"": null}",44,tab1a22-23-final,coal-statistics-download-excel-7,coal_statistics,Download Excel,https://coal.gov.in/sites/default/files/2024-03/cdchap6.xlsx
source_reference,"{""0"": ""CESC"", ""1"": ""Sarshatali"", ""2"": ""Non-CIL"", ""3"": ""WB"", ""4"": ""C"", ""5"": 0.4834392, ""6"": 0.048344, ""7"": 0.0096689, ""8"": 0, ""9"": 36.9231797, ""10"": 13.9255341, ""11"": 14.097219, ""12"": 0, ""13"": 65.4873849, ""14"": 65.4873849, ""15"": 0, ""16"": null, ""19"": null, ""20"": null}",45,tab1a22-23-final,coal-statistics-download-excel-7,coal_statistics,Download Excel,https://coal.gov.in/sites/default/files/2024-03/cdchap6.xlsx
source_reference,"{""0"": ""HIL_GP_IV/4"", ""1"": ""Gare Palma IV/4"", ""2"": ""Non-CIL"", ""3"": ""CHG"", ""4"": ""C"", ""5"": 12.8055158, ""6"": 1.2805516, ""7"": 0.2561105, ""8"": 0, ""9"": 0, ""10"": 23.46, ""11"": 24.71, ""12"": 0, ""13"": 62.512177900000005, ""14"": 62.512177900000005, ""15"": 0, ""16"": null, ""19"": null, ""20"": null}",46,tab1a22-23-final,coal-statistics-download-excel-7,coal_statistics,Download Excel,https://coal.gov.in/sites/default/files/2024-03/cdchap6.xlsx
source_reference,"{""0"": ""HIL_GP_IV/5"", ""1"": ""Gare Palma IV/5"", ""2"": ""Non-CIL"", ""3"": ""CHG"", ""4"": ""C"", ""5"": 0, ""6"": 0, ""7"": 0, ""8"": 0, ""9"": 0, ""10"": 0, ""11"": 0.957222, ""12"": 0, ""13"": 0.957222, ""14"": 0.957222, ""15"": 0, ""16"": null, ""19"": null, ""20"": null}",47,tab1a22-23-final,coal-statistics-download-excel-7,coal_statistics,Download Excel,https://coal.gov.in/sites/default/files/2024-03/cdchap6.xlsx
source_reference,"{""0"": ""HIL_KOC"", ""1"": ""Kathautia"", ""2"": ""Non-CIL"", ""3"": ""JKD"", ""4"": ""C"", ""5"": 5.49878, ""6"": 0.585354, ""7"": 0.1099756, ""8"": 0.1099756, ""9"": 6.6009164, ""10"": 0, ""11"": 0, ""12"": 0, ""13"": 12.9050016, ""14"": 12.9050016, ""15"": 0, ""16"": null, ""19"": null, ""20"": null}",48,tab1a22-23-final,coal-statistics-download-excel-7,coal_statistics,Download Excel,https://coal.gov.in/sites/default/files/2024-03/cdchap6.xlsx
source_reference,"{""0"": ""SPL"", ""1"": ""Moher & Moher Amlohri Extn"", ""2"": ""Non-CIL"", ""3"": ""MP"", ""4"": ""C"", ""5"": 189.9281442, ""6"": 62.4620903, ""7"": 4.5125491, ""8"": 0, ""9"": 0, ""10"": 22.543883, ""11"": 22.543883, ""12"": 0, ""13"": 301.99054959999995, ""14"": 301.99054959999995, ""15"": 0, ""16"": null, ""19"": null, ""20"": null}",49,tab1a22-23-final,coal-statistics-download-excel-7,coal_statistics,Download Excel,https://coal.gov.in/sites/default/files/2024-03/cdchap6.xlsx
source_reference,"{""0"": ""GMR"", ""1"": ""Talabira I"", ""2"": ""Non-CIL"", ""3"": ""ODI"", ""4"": ""C"", ""5"": 0, ""6"": 0, ""7"": 0, ""8"": 0, ""9"": 0, ""10"": 0, ""11"": 0, ""12"": 0, ""13"": 0, ""14"": 0, ""15"": null, ""16"": null, ""19"": null, ""20"": null}",50,tab1a22-23-final,coal-statistics-download-excel-7,coal_statistics,Download Excel,https://coal.gov.in/sites/default/files/2024-03/cdchap6.xlsx
source_reference,"{""0"": ""BALCO"", ""1"": ""Chotia II"", ""2"": ""Non-CIL"", ""3"": ""CHG"", ""4"": ""C"", ""5"": 16.37, ""6"": 1.64, ""7"": 0.33, ""8"": 0, ""9"": 0, ""10"": 40.3, ""11"": 40.3, ""12"": 0, ""13"": 98.94, ""14"": 98.94, ""15"": 0, ""16"": null, ""19"": null, ""20"": null}",51,tab1a22-23-final,coal-statistics-download-excel-7,coal_statistics,Download Excel,https://coal.gov.in/sites/default/files/2024-03/cdchap6.xlsx
source_reference,"{""0"": ""SIL"", ""1"": ""Belgaon"", ""2"": ""Non-CIL"", ""3"": ""MAH"", ""4"": ""C"", ""5"": 5.4, ""6"": 0.7036684, ""7"": 0.1116151, ""8"": 0, ""9"": 0, ""10"": 0, ""11"": 0, ""12"": 0, ""13"": 6.2152835, ""14"": 6.2152835, ""15"": 0, ""16"": null, ""19"": null, ""20"": null}",52,tab1a22-23-final,coal-statistics-download-excel-7,coal_statistics,Download Excel,https://coal.gov.in/sites/default/files/2024-03/cdchap6.xlsx
source_reference,"{""0"": ""JPVL"", ""1"": ""Amelia North"", ""2"": ""Non-CIL"", ""3"": ""MP"", ""4"": ""C"", ""5"": 37.8226256, ""6"": 3.7822625, ""7"": 0.7564524, ""8"": 0, ""9"": 0, ""10"": 3.8125206, ""11"": 3.8125206, ""12"": 0, ""13"": 49.9863817, ""14"": 49.9863817, ""15"": 0, ""16"": null, ""19"": null, ""20"": null}",53,tab1a22-23-final,coal-statistics-download-excel-7,coal_statistics,Download Excel,https://coal.gov.in/sites/default/files/2024-03/cdchap6.xlsx
source_reference,"{""0"": ""RCCPL"", ""1"": ""Sial Ghogri"", ""2"": ""Non-CIL"", ""3"": ""MP"", ""4"": ""C"", ""5"": 11.9712265, ""6"": 1.1971226, ""7"": 0.2394245, ""8"": 0, ""9"": 0, ""10"": 1.2275434, ""11"": 1.2275434, ""12"": 0, ""13"": 15.8628604, ""14"": 15.8628604, ""15"": 0, ""16"": null, ""19"": null, ""20"": null}",54,tab1a22-23-final,coal-statistics-download-excel-7,coal_statistics,Download Excel,https://coal.gov.in/sites/default/files/2024-03/cdchap6.xlsx
source_reference,"{""0"": ""TUML"", ""1"": ""Marki Mangli I"", ""2"": ""Non-CIL"", ""3"": ""MAH"", ""4"": ""C"", ""5"": 5.37, ""6"": 0.35, ""7"": 0.07, ""8"": 0.07, ""9"": 0, ""10"": 0, ""11"": 0, ""12"": 0, ""13"": 5.86, ""14"": 5.86, ""15"": 0, ""16"": null, ""19"": null, ""20"": null}",55,tab1a22-23-final,coal-statistics-download-excel-7,coal_statistics,Download Excel,https://coal.gov.in/sites/default/files/2024-03/cdchap6.xlsx
source_reference,"{""0"": ""OCL"", ""1"": ""Ardhagram"", ""2"": ""Non-CIL"", ""3"": ""ODI"", ""4"": ""C"", ""5"": 0, ""6"": 0, ""7"": 0, ""8"": 0, ""9"": 0, ""10"": 0, ""11"": 0, ""12"": 0, ""13"": 0, ""14"": 0, ""15"": null, ""16"": null, ""19"": null, ""20"": null}",56,tab1a22-23-final,coal-statistics-download-excel-7,coal_statistics,Download Excel,https://coal.gov.in/sites/default/files/2024-03/cdchap6.xlsx
source_reference,"{""0"": ""AMBUJA"", ""1"": ""Gare Palma IV/8"", ""2"": ""Non-CIL"", ""3"": ""CHG"", ""4"": ""C"", ""5"": 15.8, ""6"": 1.83, ""7"": 0.37, ""8"": 0, ""9"": 2.49, ""10"": 42.64, ""11"": 33.58, ""12"": 0, ""13"": 96.71000000000001, ""14"": 96.71000000000001, ""15"": 0, ""16"": null, ""19"": null, ""20"": null}",57,tab1a22-23-final,coal-statistics-download-excel-7,coal_statistics,Download Excel,https://coal.gov.in/sites/default/files/2024-03/cdchap6.xlsx
source_reference,"{""0"": ""GIPCL_VL"", ""1"": ""Valia"", ""2"": ""Lignite"", ""3"": ""GUJ"", ""4"": ""L"", ""5"": 13.49353008, ""6"": 4.048059025, ""7"": 0.3373382521, ""8"": 0, ""9"": 0, ""10"": 0, ""11"": 0, ""12"": 0, ""13"": 17.8789273571, ""14"": 17.8789273571, ""15"": 0, ""16"": null, ""19"": null, ""20"": null}",58,tab1a22-23-final,coal-statistics-download-excel-7,coal_statistics,Download Excel,https://coal.gov.in/sites/default/files/2024-03/cdchap6.xlsx
source_reference,"{""0"": ""GIPCL_VS"", ""1"": ""Vastan"", ""2"": ""Lignite"", ""3"": ""GUJ"", ""4"": ""L"", ""5"": 2.75245423, ""6"": 0.825736269, ""7"": 0.068811355, ""8"": 0.068811355, ""9"": 0, ""10"": 0.247720881, ""11"": 0.247720881, ""12"": 0, ""13"": 4.211254971, ""14"": 4.211254971, ""15"": 0, ""16"": null, ""19"": null, ""20"": null}",59,tab1a22-23-final,coal-statistics-download-excel-7,coal_statistics,Download Excel,https://coal.gov.in/sites/default/files/2024-03/cdchap6.xlsx
source_reference,"{""0"": ""GIPCL_MN"", ""1"": ""Mangrol"", ""2"": ""Lignite"", ""3"": ""GUJ"", ""4"": ""L"", ""5"": 0, ""6"": 0, ""7"": 0, ""8"": 0, ""9"": 0, ""10"": 0, ""11"": 0, ""12"": 0, ""13"": 0, ""14"": 0, ""15"": null, ""16"": null, ""19"": null, ""20"": null}",60,tab1a22-23-final,coal-statistics-download-excel-7,coal_statistics,Download Excel,https://coal.gov.in/sites/default/files/2024-03/cdchap6.xlsx
source_reference,"{""0"": ""GMDCL_MM"", ""1"": ""Mata Na Madh"", ""2"": ""Lignite"", ""3"": ""GUJ"", ""4"": ""L"", ""5"": 57.3934113, ""6"": 17.2180576, ""7"": 1.1479889, ""8"": 0, ""9"": 109.129274, ""10"": 24.686914, ""11"": 24.686914, ""12"": 0, ""13"": 234.26255980000002, ""14"": 234.26255980000002, ""15"": 0, ""16"": null, ""19"": null, ""20"": null}",61,tab1a22-23-final,coal-statistics-download-excel-7,coal_statistics,Download Excel,https://coal.gov.in/sites/default/files/2024-03/cdchap6.xlsx
source_reference,"{""0"": ""GMDCL_RP"", ""1"": ""Rajpardi"", ""2"": ""Lignite"", ""3"": ""GUJ"", ""4"": ""L"", ""5"": 22.721506611, ""6"": 6.815506573, ""7"": 0.4547973, ""8"": 0, ""9"": 28.2778656, ""10"": 10.446112893, ""11"": 10.446112893, ""12"": 0.8993323, ""13"": 80.06123417, ""14"": 80.06123417, ""15"": 0, ""16"": null, ""19"": null, ""20"": null}",62,tab1a22-23-final,coal-statistics-download-excel-7,coal_statistics,Download Excel,https://coal.gov.in/sites/default/files/2024-03/cdchap6.xlsx
source_reference,"{""0"": ""GMDCL_SN"", ""1"": ""Surka North"", ""2"": ""Lignite"", ""3"": ""GUJ"", ""4"": ""L"", ""5"": 25.3592738, ""6"": 7.6077821, ""7"": 0.5071854, ""8"": 444.6965, ""9"": 46.3265398, ""10"": 11.976611291, ""11"": 11.976611291, ""12"": 0, ""13"": 548.4505036820001, ""14"": 912.4505036820001, ""15"": 364, ""16"": null, ""19"": null, ""20"": null}",63,tab1a22-23-final,coal-statistics-download-excel-7,coal_statistics,Download Excel,https://coal.gov.in/sites/default/files/2024-03/cdchap6.xlsx
source_reference,"{""0"": ""GMDCL_US"", ""1"": ""Umarsar"", ""2"": ""Lignite"", ""3"": ""GUJ"", ""4"": ""L"", ""5"": 32.3552976, ""6"": 9.706566474, ""7"": 0.6471462116, ""8"": 0, ""9"": 65.79492372, ""10"": 14.94604942, ""11"": 14.94604942, ""12"": 0, ""13"": 138.3960328456, ""14"": 138.3960328456, ""15"": 0, ""16"": null, ""19"": null, ""20"": null}",64,tab1a22-23-final,coal-statistics-download-excel-7,coal_statistics,Download Excel,https://coal.gov.in/sites/default/files/2024-03/cdchap6.xlsx
source_reference,"{""0"": ""GMDCL_TS"", ""1"": ""Tadkesar"", ""2"": ""Lignite"", ""3"": ""GUJ"", ""4"": ""L"", ""5"": 15.7915023, ""6"": 4.7373542, ""7"": 0.3159184, ""8"": 0, ""9"": 0, ""10"": 1.421235207, ""11"": 1.421235207, ""12"": 0, ""13"": 23.687245314, ""14"": 23.687245314, ""15"": 0, ""16"": null, ""19"": null, ""20"": null}",65,tab1a22-23-final,coal-statistics-download-excel-7,coal_statistics,Download Excel,https://coal.gov.in/sites/default/files/2024-03/cdchap6.xlsx
source_reference,"{""0"": ""GHCL"", ""1"": ""Khadsaliya"", ""2"": ""Lignite"", ""3"": ""GUJ"", ""4"": ""L"", ""5"": 0.4863891, ""6"": 0.1459167, ""7"": 0.0097278, ""8"": 359.21, ""9"": 0.0128733, ""10"": 0.0589416, ""11"": 0.0589416, ""12"": 0, ""13"": 359.98279010000005, ""14"": 502.66279010000005, ""15"": 142.68, ""16"": null, ""19"": null, ""20"": null}",66,tab1a22-23-final,coal-statistics-download-excel-7,coal_statistics,Download Excel,https://coal.gov.in/sites/default/files/2024-03/cdchap6.xlsx
source_reference,"{""0"": ""NLCL_I"", ""1"": ""Mine-I"", ""2"": ""Lignite"", ""3"": ""TN"", ""4"": ""L"", ""5"": 85.203808653, ""6"": 25.12, ""7"": 1.67, ""8"": 0, ""9"": 58.21, ""10"": 0, ""11"": 0, ""12"": 0, ""13"": 170.203808653, ""14"": 170.203808653, ""15"": 0, ""16"": null, ""19"": null, ""20"": null}",67,tab1a22-23-final,coal-statistics-download-excel-7,coal_statistics,Download Excel,https://coal.gov.in/sites/default/files/2024-03/cdchap6.xlsx
source_reference,"{""0"": ""NLCL_1A"", ""1"": ""Mine-1A"", ""2"": ""Lignite"", ""3"": ""TN"", ""4"": ""L"", ""5"": 85.2, ""6"": 25.12, ""7"": 1.67, ""8"": 0, ""9"": 58.21, ""10"": 0, ""11"": 0, ""12"": 0, ""13"": 170.20000000000002, ""14"": 170.20000000000002, ""15"": 0, ""16"": null, ""19"": null, ""20"": null}",68,tab1a22-23-final,coal-statistics-download-excel-7,coal_statistics,Download Excel,https://coal.gov.in/sites/default/files/2024-03/cdchap6.xlsx
source_reference,"{""0"": ""NLCL_II"", ""1"": ""Mine_II"", ""2"": ""Lignite"", ""3"": ""TN"", ""4"": ""L"", ""5"": 123.379236699, ""6"": 37.013770913, ""7"": 2.467584694, ""8"": 0, ""9"": 0, ""10"": 0, ""11"": 0, ""12"": 0, ""13"": 162.86059230600003, ""14"": 162.86059230600003, ""15"": 0, ""16"": null, ""19"": null, ""20"": null}",69,tab1a22-23-final,coal-statistics-download-excel-7,coal_statistics,Download Excel,https://coal.gov.in/sites/default/files/2024-03/cdchap6.xlsx
source_reference,"{""0"": ""NLCL_B"", ""1"": ""Barsingsar"", ""2"": ""Lignite"", ""3"": ""RAJ"", ""4"": ""L"", ""5"": 28.0876265, ""6"": 5.8346825, ""7"": 0.4054962, ""8"": 0, ""9"": 6.6994708, ""10"": 0, ""11"": 6.9615536, ""12"": 70.6827188, ""13"": 118.6715484, ""14"": 141.3654376, ""15"": 22.6938892, ""16"": null, ""19"": null, ""20"": null}",70,tab1a22-23-final,coal-statistics-download-excel-7,coal_statistics,Download Excel,https://coal.gov.in/sites/default/files/2024-03/cdchap6.xlsx
source_reference,"{""0"": ""RSMML"", ""1"": ""Giral, Matasukh, Sonari"", ""2"": ""Lignite"", ""3"": ""RAJ"", ""4"": ""L"", ""5"": 26.7227276, ""6"": 8.0168053, ""7"": 0.5344353, ""8"": 0, ""9"": 48.3174684, ""10"": 0, ""11"": 24.0326269, ""12"": 0, ""13"": 107.6240635, ""14"": 107.6240635, ""15"": 0, ""16"": null, ""19"": null, ""20"": null}",71,tab1a22-23-final,coal-statistics-download-excel-7,coal_statistics,Download Excel,https://coal.gov.in/sites/default/files/2024-03/cdchap6.xlsx
source_reference,"{""0"": ""VSLPPL"", ""1"": ""Gurha East Mine"", ""2"": ""Lignite"", ""3"": ""RAJ"", ""4"": ""L"", ""5"": 8.1220161, ""6"": 4.4167413, ""7"": 2.4366049, ""8"": 0.1624405, ""9"": 12.7875528, ""10"": 2.3109026, ""11"": 2.3109026, ""12"": 0, ""13"": 32.5471608, ""14"": 32.5471608, ""15"": 0, ""16"": null, ""19"": null, ""20"": null}",72,tab1a22-23-final,coal-statistics-download-excel-7,coal_statistics,Download Excel,https://coal.gov.in/sites/default/files/2024-03/cdchap6.xlsx
source_reference,"{""0"": ""BLMCL_K"", ""1"": ""Kapurdi"", ""2"": ""Lignite"", ""3"": ""RAJ"", ""4"": ""L"", ""5"": 71.6602763, ""6"": 21.4980829, ""7"": 1.4332055, ""8"": 21.6977066, ""9"": 185.7978976, ""10"": 32.2232376, ""11"": 32.2232376, ""12"": 0, ""13"": 366.5336441, ""14"": 366.5336441, ""15"": 0, ""16"": null, ""19"": null, ""20"": null}",73,tab1a22-23-final,coal-statistics-download-excel-7,coal_statistics,Download Excel,https://coal.gov.in/sites/default/files/2024-03/cdchap6.xlsx
source_reference,"{""0"": ""BLMCL_J"", ""1"": ""Jalipa"", ""2"": ""Lignite"", ""3"": ""RAJ"", ""4"": ""L"", ""5"": 22.0906912, ""6"": 6.6272074, ""7"": 0.4418138, ""8"": 6.912393, ""9"": 59.19096, ""10"": 9.9334475, ""11"": 9.9334475, ""12"": 0, ""13"": 115.12996039999999, ""14"": 115.12996039999999, ""15"": 0, ""16"": null, ""19"": null, ""20"": null}",74,tab1a22-23-final,coal-statistics-download-excel-7,coal_statistics,Download Excel,https://coal.gov.in/sites/default/files/2024-03/cdchap6.xlsx
source_reference,"{""0"": ""GPCL"", ""1"": ""Ghoggha-Surkha"", ""2"": ""Lignite"", ""3"": ""GUJ"", ""4"": ""L"", ""5"": 11.1653615, ""6"": 3.349539, ""7"": 0.2233025, ""8"": 40.847848, ""9"": 62.7776868, ""10"": 9.366248, ""11"": 9.366248, ""12"": 0, ""13"": 137.0962338, ""14"": 138.6072035, ""15"": 1.5109697, ""16"": null, ""19"": null, ""20"": null}",75,tab1a22-23-final,coal-statistics-download-excel-7,coal_statistics,Download Excel,https://coal.gov.in/sites/default/files/2024-03/cdchap6.xlsx
source_reference,"{""0"": ""UTCL"", ""1"": ""Bicharpur"", ""2"": ""Non-CIL"", ""3"": ""MP"", ""4"": ""C"", ""5"": 6.326936, ""6"": 0.6326936, ""7"": 0.1265397, ""8"": 0, ""9"": 0.0573108, ""10"": 0, ""11"": 0, ""12"": 0, ""13"": 7.1434801, ""14"": 7.1434801, ""15"": 0, ""16"": null, ""19"": null, ""20"": null}",76,tab1a22-23-final,coal-statistics-download-excel-7,coal_statistics,Download Excel,https://coal.gov.in/sites/default/files/2024-03/cdchap6.xlsx
source_reference,"{""0"": ""JPL"", ""1"": ""Gare Palma 1"", ""2"": ""Non-CIL"", ""3"": ""CHG"", ""4"": ""C"", ""5"": 122.6087362, ""6"": 12.26087359, ""7"": 2.4521748, ""8"": 0, ""9"": 3.3999908, ""10"": 10.7116393, ""11"": 10.7116393, ""12"": 0, ""13"": 162.14505399, ""14"": 162.14505399, ""15"": 0, ""16"": null, ""19"": null, ""20"": null}",77,tab1a22-23-final,coal-statistics-download-excel-7,coal_statistics,Download Excel,https://coal.gov.in/sites/default/files/2024-03/cdchap6.xlsx
source_reference,"{""0"": ""THDC"", ""1"": ""Amelia"", ""2"": ""Non-CIL"", ""3"": ""MP"", ""4"": ""C"", ""5"": 0.644, ""6"": 0.0644, ""7"": 0.01288, ""8"": 0, ""9"": 0, ""10"": 0, ""11"": 0, ""12"": 0, ""13"": 0.72128, ""14"": 0.72128, ""15"": 0, ""16"": null, ""19"": null, ""20"": null}",78,tab1a22-23-final,coal-statistics-download-excel-7,coal_statistics,Download Excel,https://coal.gov.in/sites/default/files/2024-03/cdchap6.xlsx
source_reference,"{""0"": ""Vedanta"", ""1"": ""Jamkhani"", ""2"": ""Non-CIL"", ""3"": ""ODI"", ""4"": ""C"", ""5"": 0.71, ""6"": 0.07, ""7"": 0.01, ""8"": 0, ""9"": 0, ""10"": 0, ""11"": 0, ""12"": 0, ""13"": 0.79, ""14"": 0.79, ""15"": 0, ""16"": null, ""19"": null, ""20"": null}",79,tab1a22-23-final,coal-statistics-download-excel-7,coal_statistics,Download Excel,https://coal.gov.in/sites/default/files/2024-03/cdchap6.xlsx
source_reference,"{""0"": ""PSPCL"", ""1"": ""Pachhwara Central"", ""2"": ""Non-CIL"", ""3"": ""JKD"", ""4"": ""C"", ""5"": 10.95, ""6"": 3.28, ""7"": 0.22, ""8"": 0, ""9"": 0.52, ""10"": 0, ""11"": 0, ""12"": 0, ""13"": 14.969999999999999, ""14"": 14.969999999999999, ""15"": 0, ""16"": null, ""19"": null, ""20"": null}",80,tab1a22-23-final,coal-statistics-download-excel-7,coal_statistics,Download Excel,https://coal.gov.in/sites/default/files/2024-03/cdchap6.xlsx
source_reference,"{""0"": ""APMDCL"", ""1"": ""Suliyari"", ""2"": ""Non-CIL"", ""3"": ""MP"", ""4"": ""C"", ""5"": 63.433235938, ""6"": 6.343325957, ""7"": 1.268667211, ""8"": 0, ""9"": 56.8142316, ""10"": 15.232627746, ""11"": 15.232627746, ""12"": 0, ""13"": 158.32471619799998, ""14"": 159.926096055, ""15"": 0, ""16"": 1.601379857, ""19"": null, ""20"": null}",81,tab1a22-23-final,coal-statistics-download-excel-7,coal_statistics,Download Excel,https://coal.gov.in/sites/default/files/2024-03/cdchap6.xlsx
source_reference,"{""0"": ""SEML"", ""1"": ""Gare Palma IV/7"", ""2"": ""Non-CIL"", ""3"": ""CHG"", ""4"": ""C"", ""5"": 53.333499064, ""6"": 5.333349906, ""7"": 1.066669981, ""8"": 208.18429, ""9"": 15.049236, ""10"": 2.436885581, ""11"": 2.436885581, ""12"": 0, ""13"": 287.840816113, ""14"": 314.87774236300004, ""15"": 27.03692625, ""16"": null, ""19"": null, ""20"": null}",82,tab1a22-23-final,coal-statistics-download-excel-7,coal_statistics,Download Excel,https://coal.gov.in/sites/default/files/2024-03/cdchap6.xlsx
source_reference,"{""0"": ""BSIL"", ""1"": ""Marki Mangli III"", ""2"": ""Non-CIL"", ""3"": ""MAH"", ""4"": ""C"", ""5"": 3.5547003, ""6"": 0.3009701, ""7"": 0.0708397, ""8"": 0, ""9"": 3.7498943, ""10"": 0.993323338, ""11"": 0.993323338, ""12"": 0, ""13"": 9.663051076, ""14"": 9.663051076, ""15"": 0, ""16"": null, ""19"": null, ""20"": null}",83,tab1a22-23-final,coal-statistics-download-excel-7,coal_statistics,Download Excel,https://coal.gov.in/sites/default/files/2024-03/cdchap6.xlsx
source_reference,"{""0"": ""BSMPL"", ""1"": ""Goitoria East & West"", ""2"": ""Non-CIL"", ""3"": ""MP"", ""4"": ""C"", ""5"": 0.595800428, ""6"": 0.0595814, ""7"": 0.011916055, ""8"": 0, ""9"": 0.7092864, ""10"": 0.089608263, ""11"": 0.089608263, ""12"": 0, ""13"": 1.555800809, ""14"": 1.555800809, ""15"": 0, ""16"": null, ""19"": null, ""20"": null}",84,tab1a22-23-final,coal-statistics-download-excel-7,coal_statistics,Download Excel,https://coal.gov.in/sites/default/files/2024-03/cdchap6.xlsx
source_reference,"{""0"": ""KPCL"", ""1"": ""Baranj"", ""2"": ""Non-CIL"", ""3"": ""MAH"", ""4"": ""C"", ""5"": 29, ""6"": 2.9, ""7"": 0.58, ""8"": 0, ""9"": 40.3795824, ""10"": 16.2923542, ""11"": 16.2923542, ""12"": 0, ""13"": 105.4442908, ""14"": 105.4442908, ""15"": 0, ""16"": null, ""19"": null, ""20"": null}",85,tab1a22-23-final,coal-statistics-download-excel-7,coal_statistics,Download Excel,https://coal.gov.in/sites/default/files/2024-03/cdchap6.xlsx
source_reference,"{""0"": null, ""1"": null, ""2"": null, ""3"": ""eds"", ""4"": null, ""5"": null, ""6"": null, ""7"": null, ""8"": null, ""9"": null, ""10"": null, ""11"": null, ""12"": null, ""13"": null, ""14"": null, ""15"": null, ""16"": null, ""19"": null, ""20"": null}",86,tab1a22-23-final,coal-statistics-download-excel-7,coal_statistics,Download Excel,https://coal.gov.in/sites/default/files/2024-03/cdchap6.xlsx
source_reference,"{""0"": null, ""1"": null, ""2"": null, ""3"": null, ""4"": null, ""5"": 264.5449195, ""6"": 79.9054724, ""7"": 5.2908984, ""8"": 0, ""9"": 0.7875704, ""10"": 0, ""11"": 36.8385595, ""12"": 0, ""13"": 387.3674202, ""14"": null, ""15"": 0, ""16"": null, ""19"": null, ""20"": null}",87,tab1a22-23-final,coal-statistics-download-excel-7,coal_statistics,Download Excel,https://coal.gov.in/sites/default/files/2024-03/cdchap6.xlsx
source_reference,"{""0"": null, ""1"": null, ""2"": null, ""3"": null, ""4"": null, ""5"": 8.0361115, ""6"": 2.4108336, ""7"": 0.16072229999999998, ""8"": 0, ""9"": 5.4562149, ""10"": 0.2000447, ""11"": 1.1543211, ""12"": 0, ""13"": 17.418248100000003, ""14"": null, ""15"": null, ""16"": null, ""19"": null, ""20"": null}",88,tab1a22-23-final,coal-statistics-download-excel-7,coal_statistics,Download Excel,https://coal.gov.in/sites/default/files/2024-03/cdchap6.xlsx
source_reference,"{""0"": ""COMPANY WISE STATEWISE RAW COAL"", ""1"": null, ""2"": null, ""3"": null, ""4"": null, ""5"": null, ""6"": null, ""7"": null, ""8"": null, ""9"": null, ""10"": null, ""11"": null, ""12"": null, ""13"": null, ""14"": null, ""15"": null, ""16"": null, ""19"": null, ""20"": null}",89,tab1a22-23-final,coal-statistics-download-excel-7,coal_statistics,Download Excel,https://coal.gov.in/sites/default/files/2024-03/cdchap6.xlsx
source_reference,"{""0"": ""Company"", ""1"": ""Block"", ""2"": null, ""3"": ""State"", ""4"": ""Type"", ""5"": ""Amount of Royalty Paid"", ""6"": ""Amount of DMF Paid"", ""7"": ""Amount of NMET Paid"", ""8"": ""Corporate Income Tax"", ""9"": ""Cess On Coal Paid*"", ""10"": ""Central GST Paid"", ""11"": ""State GST Paid"", ""12"": ""Entry Tax Paid on Coal"", ""13"": ""Total Amount Paid"", ""14"": ""pub/pvt"", ""15"": ""capt/ncapt"", ""16"": null, ""19"": null, ""20"": null}",90,tab1a22-23-final,coal-statistics-download-excel-7,coal_statistics,Download Excel,https://coal.gov.in/sites/default/files/2024-03/cdchap6.xlsx
source_reference,"{""0"": ""ECL"", ""1"": ""CIL"", ""2"": null, ""3"": ""JKD"", ""4"": ""C"", ""5"": 294.92, ""6"": 94.71, ""7"": 6.04, ""8"": 0, ""9"": 8.25, ""10"": 36.04, ""11"": 36.04, ""12"": 6.24, ""13"": 482.24000000000007, ""14"": ""pub"", ""15"": ""ncpt"", ""16"": 0, ""19"": null, ""20"": null}",91,tab1a22-23-final,coal-statistics-download-excel-7,coal_statistics,Download Excel,https://coal.gov.in/sites/default/files/2024-03/cdchap6.xlsx
source_reference,"{""0"": ""ECL"", ""1"": ""CIL"", ""2"": null, ""3"": ""WB"", ""4"": ""C"", ""5"": 16.3, ""6"": 4.89, ""7"": 0.32, ""8"": 271, ""9"": 1715.28, ""10"": 28.13, ""11"": 28.13, ""12"": 0, ""13"": 2064.05, ""14"": ""pub"", ""15"": ""ncpt"", ""16"": 0, ""19"": null, ""20"": null}",92,tab1a22-23-final,coal-statistics-download-excel-7,coal_statistics,Download Excel,https://coal.gov.in/sites/default/files/2024-03/cdchap6.xlsx
source_reference,"{""0"": ""BCCL"", ""1"": ""CIL"", ""2"": null, ""3"": ""JKD"", ""4"": ""C"", ""5"": 1413.76, ""6"": 400.83, ""7"": 27.74, ""8"": 0, ""9"": 1301.39, ""10"": 238.9, ""11"": 227.2, ""12"": 0, ""13"": 3609.82, ""14"": ""pub"", ""15"": ""ncpt"", ""16"": 0, ""19"": null, ""20"": null}",93,tab1a22-23-final,coal-statistics-download-excel-7,coal_statistics,Download Excel,https://coal.gov.in/sites/default/files/2024-03/cdchap6.xlsx
source_reference,"{""0"": ""BCCL"", ""1"": ""CIL"", ""2"": null, ""3"": ""WB"", ""4"": ""C"", ""5"": 0, ""6"": 0, ""7"": 0, ""8"": 0, ""9"": 5.39, ""10"": 0.06, ""11"": 0.05, ""12"": 0, ""13"": 5.499999999999999, ""14"": ""pub"", ""15"": ""ncpt"", ""16"": 0, ""19"": null, ""20"": null}",94,tab1a22-23-final,coal-statistics-download-excel-7,coal_statistics,Download Excel,https://coal.gov.in/sites/default/files/2024-03/cdchap6.xlsx
source_reference,"{""0"": ""CCL"", ""1"": ""CIL"", ""2"": null, ""3"": ""JKD"", ""4"": ""C"", ""5"": 2103, ""6"": 625, ""7"": 45, ""8"": 761, ""9"": 3011, ""10"": 316, ""11"": 316, ""12"": 0, ""13"": 7177, ""14"": ""pub"", ""15"": ""ncpt"", ""16"": 0, ""19"": null, ""20"": null}",95,tab1a22-23-final,coal-statistics-download-excel-7,coal_statistics,Download Excel,https://coal.gov.in/sites/default/files/2024-03/cdchap6.xlsx
source_reference,"{""0"": ""NCL"", ""1"": ""CIL"", ""2"": null, ""3"": ""MP"", ""4"": ""C"", ""5"": 2143.7867, ""6"": 646.1397, ""7"": 43.2909, ""8"": 2439.26, ""9"": 4434.498, ""10"": 264.7433, ""11"": 264.7433, ""12"": 0, ""13"": 10236.4619, ""14"": ""pub"", ""15"": ""ncpt"", ""16"": 0, ""19"": null, ""20"": null}",96,tab1a22-23-final,coal-statistics-download-excel-7,coal_statistics,Download Excel,https://coal.gov.in/sites/default/files/2024-03/cdchap6.xlsx
source_reference,"{""0"": ""NCL"", ""1"": ""CIL"", ""2"": null, ""3"": ""UP"", ""4"": ""C"", ""5"": 583.8665, ""6"": 177.4168, ""7"": 11.6217, ""8"": 0, ""9"": 911.4869, ""10"": 73.9341, ""11"": 73.9341, ""12"": 0, ""13"": 1832.2601, ""14"": ""pub"", ""15"": ""ncpt"", ""16"": 0, ""19"": null, ""20"": null}",97,tab1a22-23-final,coal-statistics-download-excel-7,coal_statistics,Download Excel,https://coal.gov.in/sites/default/files/2024-03/cdchap6.xlsx
source_reference,"{""0"": ""WCL"", ""1"": ""CIL"", ""2"": null, ""3"": ""MP"", ""4"": ""C"", ""5"": 106.9219505, ""6"": 32.0765858, ""7"": 2.1384553, ""8"": 0, ""9"": 123.7729607, ""10"": 0.2217057, ""11"": 17.6394888, ""12"": 0, ""13"": 282.77114679999994, ""14"": ""pub"", ""15"": ""ncpt"", ""16"": 0, ""19"": null, ""20"": null}",98,tab1a22-23-final,coal-statistics-download-excel-7,coal_statistics,Download Excel,https://coal.gov.in/sites/default/files/2024-03/cdchap6.xlsx
source_reference,"{""0"": ""WCL"", ""1"": ""CIL"", ""2"": null, ""3"": ""MAH"", ""4"": ""C"", ""5"": 1847.392028, ""6"": 554.2177851, ""7"": 36.9495821, ""8"": 0, ""9"": 2342.4189004, ""10"": 0.5684092, ""11"": 227.2092495, ""12"": 0, ""13"": 5008.7559543, ""14"": ""pub"", ""15"": ""ncpt"", ""16"": 0, ""19"": null, ""20"": null}",99,tab1a22-23-final,coal-statistics-download-excel-7,coal_statistics,Download Excel,https://coal.gov.in/sites/default/files/2024-03/cdchap6.xlsx
source_reference,"{""0"": ""SECL"", ""1"": ""CIL"", ""2"": null, ""3"": ""MP"", ""4"": ""C"", ""5"": 337.15, ""6"": 101.75, ""7"": 6.78, ""8"": 0, ""9"": 398.36, ""10"": 48.04, ""11"": 48.04, ""12"": 0, ""13"": 940.1199999999999, ""14"": ""pub"", ""15"": ""ncpt"", ""16"": 0, ""19"": null, ""20"": null}",100,tab1a22-23-final,coal-statistics-download-excel-7,coal_statistics,Download Excel,https://coal.gov.in/sites/default/files/2024-03/cdchap6.xlsx
source_reference,"{""0"": ""SECL"", ""1"": ""CIL"", ""2"": null, ""3"": ""CHG"", ""4"": ""C"", ""5"": 2829.6646271, ""6"": 777.2483879, ""7"": 51.7758925, ""8"": 1148.86, ""9"": 5888.1733912, ""10"": 313.6755303, ""11"": 313.6755303, ""12"": 0, ""13"": 11323.073359299997, ""14"": ""pub"", ""15"": ""ncpt"", ""16"": 0, ""19"": null, ""20"": null}",101,tab1a22-23-final,coal-statistics-download-excel-7,coal_statistics,Download Excel,https://coal.gov.in/sites/default/files/2024-03/cdchap6.xlsx
source_reference,"{""0"": ""SECL"", ""1"": ""CIL"", ""2"": null, ""3"": ""WB"", ""4"": ""C"", ""5"": 0, ""6"": 0, ""7"": 0, ""8"": 0, ""9"": 0.05, ""10"": 0.51, ""11"": 0.51, ""12"": 0, ""13"": 1.07, ""14"": ""pub"", ""15"": ""ncpt"", ""16"": 0, ""19"": null, ""20"": null}",102,tab1a22-23-final,coal-statistics-download-excel-7,coal_statistics,Download Excel,https://coal.gov.in/sites/default/files/2024-03/cdchap6.xlsx
source_reference,"{""0"": ""SECL(GP 2&3)"", ""1"": ""Gare Palma 2&3"", ""2"": null, ""3"": ""CHG"", ""4"": ""C"", ""5"": 91.7053729, ""6"": 27.5116121, ""7"": 1.8341075, ""8"": 0, ""9"": 93.0366088, ""10"": 16.8044697, ""11"": 16.8044697, ""12"": 0, ""13"": 247.6966407, ""14"": ""pub"", ""15"": ""capt"", ""16"": 0, ""19"": null, ""20"": null}",103,tab1a22-23-final,coal-statistics-download-excel-7,coal_statistics,Download Excel,https://coal.gov.in/sites/default/files/2024-03/cdchap6.xlsx
source_reference,"{""0"": ""SECL(GP-IV/1)"", ""1"": ""Gare Palma 1"", ""2"": null, ""3"": ""CHG"", ""4"": ""C"", ""5"": 0, ""6"": 0, ""7"": 0, ""8"": 0, ""9"": 0, ""10"": 0, ""11"": 0, ""12"": 0, ""13"": 0, ""14"": ""pub"", ""15"": ""capt"", ""16"": 0, ""19"": null, ""20"": null}",104,tab1a22-23-final,coal-statistics-download-excel-7,coal_statistics,Download Excel,https://coal.gov.in/sites/default/files/2024-03/cdchap6.xlsx
source_reference,"{""0"": ""MCL"", ""1"": ""CIL"", ""2"": null, ""3"": ""ODI"", ""4"": ""C"", ""5"": 3607.86, ""6"": 1086.25, ""7"": 71.68, ""8"": 5250, ""9"": 7675.51, ""10"": 427.22, ""11"": 427.22, ""12"": 0, ""13"": 18545.740000000005, ""14"": ""pub"", ""15"": ""ncpt"", ""16"": 0, ""19"": null, ""20"": null}",105,tab1a22-23-final,coal-statistics-download-excel-7,coal_statistics,Download Excel,https://coal.gov.in/sites/default/files/2024-03/cdchap6.xlsx
source_reference,"{""0"": ""NEC"", ""1"": ""CIL"", ""2"": null, ""3"": ""ASM"", ""4"": ""C"", ""5"": 25.3854685, ""6"": 7.378273613, ""7"": 0.5077093, ""8"": 0, ""9"": 7.2493468, ""10"": 6.3448148, ""11"": 6.3448148, ""12"": 0, ""13"": 53.210427813, ""14"": ""pub"", ""15"": ""ncpt"", ""16"": 0, ""19"": null, ""20"": null}",106,tab1a22-23-final,coal-statistics-download-excel-7,coal_statistics,Download Excel,https://coal.gov.in/sites/default/files/2024-03/cdchap6.xlsx
source_reference,"{""0"": ""CIL"", ""1"": null, ""2"": null, ""3"": null, ""4"": ""C"", ""5"": 15401.712647, ""6"": 4535.419144513, ""7"": 305.67834669999996, ""8"": 9870.119999999999, ""9"": 27915.866107899998, ""10"": 1771.1923297, ""11"": 2003.5409531, ""12"": 6.24, ""13"": 61809.769528913, ""14"": null, ""15"": null, ""16"": 0, ""19"": null, ""20"": null}",107,tab1a22-23-final,coal-statistics-download-excel-7,coal_statistics,Download Excel,https://coal.gov.in/sites/default/files/2024-03/cdchap6.xlsx
source_reference,"{""0"": ""SCCL"", ""1"": ""SCCL"", ""2"": null, ""3"": ""TLNG"", ""4"": ""C"", ""5"": 4727, ""6"": 218.61, ""7"": 0, ""8"": 349.09, ""9"": 2379.27, ""10"": 355.97, ""11"": 352.99, ""12"": 0, ""13"": 8382.93, ""14"": ""pub"", ""15"": ""ncpt"", ""16"": 0, ""19"": null, ""20"": null}",108,tab1a22-23-final,coal-statistics-download-excel-7,coal_statistics,Download Excel,https://coal.gov.in/sites/default/files/2024-03/cdchap6.xlsx
source_reference,"{""0"": ""SCCL"", ""1"": ""SCCL"", ""2"": null, ""3"": ""ODI"", ""4"": ""C"", ""5"": 0, ""6"": 0, ""7"": 0, ""8"": 0, ""9"": 0, ""10"": 0, ""11"": 2.97, ""12"": 0, ""13"": 2.97, ""14"": ""pub"", ""15"": ""ncpt"", ""16"": 0, ""19"": null, ""20"": null}",109,tab1a22-23-final,coal-statistics-download-excel-7,coal_statistics,Download Excel,https://coal.gov.in/sites/default/files/2024-03/cdchap6.xlsx
source_reference,"{""0"": ""JKML"", ""1"": ""JKML"", ""2"": null, ""3"": ""J&K"", ""4"": ""C"", ""5"": 0, ""6"": 0, ""7"": 0, ""8"": 0, ""9"": 0, ""10"": 0.245792, ""11"": 0.245792, ""12"": 0, ""13"": 0.491584, ""14"": ""pub"", ""15"": ""ncpt"", ""16"": 0, ""19"": null, ""20"": null}",110,tab1a22-23-final,coal-statistics-download-excel-7,coal_statistics,Download Excel,https://coal.gov.in/sites/default/files/2024-03/cdchap6.xlsx
source_reference,"{""0"": ""DVC_B"", ""1"": ""Bermo"", ""2"": null, ""3"": ""JKD"", ""4"": ""C"", ""5"": 0, ""6"": 0, ""7"": 0, ""8"": 0, ""9"": 0, ""10"": 0, ""11"": 0, ""12"": 0, ""13"": 0, ""14"": ""pub"", ""15"": ""ncpt"", ""16"": 0, ""19"": null, ""20"": null}",111,tab1a22-23-final,coal-statistics-download-excel-7,coal_statistics,Download Excel,https://coal.gov.in/sites/default/files/2024-03/cdchap6.xlsx
source_reference,"{""0"": ""DVC_T"", ""1"": ""Tubed"", ""2"": null, ""3"": ""JKD"", ""4"": ""C"", ""5"": 0, ""6"": 0, ""7"": 0, ""8"": 0, ""9"": 0, ""10"": 0, ""11"": 0, ""12"": 0, ""13"": 0, ""14"": ""pub"", ""15"": ""ncpt"", ""16"": 0, ""19"": null, ""20"": null}",112,tab1a22-23-final,coal-statistics-download-excel-7,coal_statistics,Download Excel,https://coal.gov.in/sites/default/files/2024-03/cdchap6.xlsx
source_reference,"{""0"": ""IISCOC"", ""1"": ""Chasnala"", ""2"": null, ""3"": ""JKD"", ""4"": ""C"", ""5"": 7.6573215, ""6"": 2.2971965, ""7"": 0.1531464, ""8"": 0, ""9"": 0, ""10"": 0, ""11"": 0.9096898, ""12"": 0, ""13"": 11.017354200000002, ""14"": ""pub"", ""15"": ""ncpt"", ""16"": 0, ""19"": null, ""20"": null}",113,tab1a22-23-final,coal-statistics-download-excel-7,coal_statistics,Download Excel,https://coal.gov.in/sites/default/files/2024-03/cdchap6.xlsx
source_reference,"{""0"": ""IISCOJ"", ""1"": ""Jitpur"", ""2"": null, ""3"": ""JKD"", ""4"": ""C"", ""5"": 0.3753084, ""6"": 0.1125925, ""7"": 0.0075062, ""8"": 0, ""9"": 0, ""10"": 0, ""11"": 0.0445866, ""12"": 0, ""13"": 0.5399937, ""14"": ""pub"", ""15"": ""ncpt"", ""16"": 0, ""19"": null, ""20"": null}",114,tab1a22-23-final,coal-statistics-download-excel-7,coal_statistics,Download Excel,https://coal.gov.in/sites/default/files/2024-03/cdchap6.xlsx
source_reference,"{""0"": ""IISCOR"", ""1"": ""Ramnagar"", ""2"": null, ""3"": ""WB"", ""4"": ""C"", ""5"": 0.0034816, ""6"": 0.0010446, ""7"": 6.97e-05, ""8"": 0, ""9"": 5.4562149, ""10"": 0.2000447, ""11"": 0.2000447, ""12"": 0, ""13"": 5.860900200000001, ""14"": ""pub"", ""15"": ""ncpt"", ""16"": 0, ""19"": null, ""20"": null}",115,tab1a22-23-final,coal-statistics-download-excel-7,coal_statistics,Download Excel,https://coal.gov.in/sites/default/files/2024-03/cdchap6.xlsx
source_reference,"{""0"": ""SAIL"", ""1"": ""Tasra"", ""2"": null, ""3"": ""JKD"", ""4"": ""C"", ""5"": 11.341788463, ""6"": 3.402535388, ""7"": 0.226835692, ""8"": 0, ""9"": 0, ""10"": 0, ""11"": 0, ""12"": 0, ""13"": 14.971159543, ""14"": ""pub"", ""15"": ""capt"", ""16"": 0, ""19"": null, ""20"": null}",116,tab1a22-23-final,coal-statistics-download-excel-7,coal_statistics,Download Excel,https://coal.gov.in/sites/default/files/2024-03/cdchap6.xlsx
source_reference,"{""0"": ""JSMDCL"", ""1"": ""Shikni OC"", ""2"": null, ""3"": ""JKD"", ""4"": ""C"", ""5"": 17.8135024, ""6"": 5.3440514, ""7"": 0.3562701, ""8"": 0, ""9"": 12.7870427, ""10"": 3.3140215, ""11"": 3.3140215, ""12"": 0, ""13"": 42.92890960000001, ""14"": ""pub"", ""15"": ""ncpt"", ""16"": 0, ""19"": null, ""20"": null}",117,tab1a22-23-final,coal-statistics-download-excel-7,coal_statistics,Download Excel,https://coal.gov.in/sites/default/files/2024-03/cdchap6.xlsx
source_reference,"{""0"": ""RRVUNL"", ""1"": ""Parsa E & Kanta Basan"", ""2"": null, ""3"": ""CHG"", ""4"": ""C"", ""5"": 137.605389, ""6"": 13.7605389, ""7"": 0.2752108, ""8"": 0, ""9"": 472.02229576, ""10"": 0, ""11"": 0, ""12"": 0, ""13"": 623.66343446, ""14"": ""pub"", ""15"": ""capt"", ""16"": 0, ""19"": null, ""20"": null}",118,tab1a22-23-final,coal-statistics-download-excel-7,coal_statistics,Download Excel,https://coal.gov.in/sites/default/files/2024-03/cdchap6.xlsx
source_reference,"{""0"": ""NTPC_PB"", ""1"": ""Pakri Barwadih"", ""2"": null, ""3"": ""JKD"", ""4"": ""C"", ""5"": 225.8, ""6"": 67.74, ""7"": 4.52, ""8"": 28.69, ""9"": 0, ""10"": 484.8, ""11"": 37.38, ""12"": 0, ""13"": 848.93, ""14"": ""pub"", ""15"": ""capt"", ""16"": 0, ""19"": null, ""20"": null}",119,tab1a22-23-final,coal-statistics-download-excel-7,coal_statistics,Download Excel,https://coal.gov.in/sites/default/files/2024-03/cdchap6.xlsx
source_reference,"{""0"": ""NTPC_DG"", ""1"": ""Dulanga"", ""2"": null, ""3"": ""ODI"", ""4"": ""C"", ""5"": 75.260304, ""6"": 7.5260304, ""7"": 1.5052062, ""8"": 4.404246, ""9"": 15.1685136, ""10"": 0, ""11"": 14.529091, ""12"": 0, ""13"": 118.3933912, ""14"": ""pub"", ""15"": ""capt"", ""16"": 0, ""19"": null, ""20"": null}",120,tab1a22-23-final,coal-statistics-download-excel-7,coal_statistics,Download Excel,https://coal.gov.in/sites/default/files/2024-03/cdchap6.xlsx
source_reference,"{""0"": ""NTPC_TP"", ""1"": ""Tallipalli"", ""2"": null, ""3"": ""CHG"", ""4"": ""C"", ""5"": 24.3138, ""6"": 2.43138, ""7"": 0.486276, ""8"": 0, ""9"": 4.725, ""10"": 9.669726102, ""11"": 0, ""12"": 0, ""13"": 41.626182102, ""14"": ""pub"", ""15"": ""capt"", ""16"": 0, ""19"": null, ""20"": null}",121,tab1a22-23-final,coal-statistics-download-excel-7,coal_statistics,Download Excel,https://coal.gov.in/sites/default/files/2024-03/cdchap6.xlsx
source_reference,"{""0"": ""NTPC_CB"", ""1"": ""Chatti Bariatu"", ""2"": null, ""3"": ""JKD"", ""4"": ""C"", ""5"": 28.7546, ""6"": 8.531563, ""7"": 0.568771, ""8"": 3.6140307, ""9"": 52.6203624, ""10"": 7.6461243, ""11"": 7.6461243, ""12"": 0, ""13"": 109.38157569999998, ""14"": ""pub"", ""15"": ""capt"", ""16"": 0, ""19"": null, ""20"": null}",122,tab1a22-23-final,coal-statistics-download-excel-7,coal_statistics,Download Excel,https://coal.gov.in/sites/default/files/2024-03/cdchap6.xlsx
source_reference,"{""0"": ""WBPDCL_B"", ""1"": ""Barjora"", ""2"": null, ""3"": ""WB"", ""4"": ""C"", ""5"": 0.368563, ""6"": 0.0268828, ""7"": 0.0073713, ""8"": 0, ""9"": 0.488778, ""10"": 0, ""11"": 0.7123716, ""12"": 0, ""13"": 1.6039667, ""14"": ""pub"", ""15"": ""capt"", ""16"": 0, ""19"": null, ""20"": null}",123,tab1a22-23-final,coal-statistics-download-excel-7,coal_statistics,Download Excel,https://coal.gov.in/sites/default/files/2024-03/cdchap6.xlsx
source_reference,"{""0"": ""WBPDCL_BN"", ""1"": ""Barjora North"", ""2"": null, ""3"": ""WB"", ""4"": ""C"", ""5"": 0.4611393, ""6"": 0.1642454, ""7"": 0.0092228, ""8"": 0, ""9"": 0.1844556, ""10"": 0, ""11"": 3.6255409, ""12"": 0, ""13"": 4.444604, ""14"": ""pub"", ""15"": ""capt"", ""16"": 0, ""19"": null, ""20"": null}",124,tab1a22-23-final,coal-statistics-download-excel-7,coal_statistics,Download Excel,https://coal.gov.in/sites/default/files/2024-03/cdchap6.xlsx
source_reference,"{""0"": ""WBPDCL_PN"", ""1"": ""Pachhwara North"", ""2"": null, ""3"": ""JKD"", ""4"": ""C"", ""5"": 263.3793, ""6"": 79.68576, ""7"": 5.267586, ""8"": 0, ""9"": 0, ""10"": 0, ""11"": 30.340647, ""12"": 0, ""13"": 378.673293, ""14"": ""pub"", ""15"": ""capt"", ""16"": 0, ""19"": null, ""20"": null}",125,tab1a22-23-final,coal-statistics-download-excel-7,coal_statistics,Download Excel,https://coal.gov.in/sites/default/files/2024-03/cdchap6.xlsx
source_reference,"{""0"": ""WBPDCL_GB"", ""1"": ""Gangaramchak Bhadulia"", ""2"": null, ""3"": ""WB"", ""4"": ""C"", ""5"": 0.3359172, ""6"": 0.0285842, ""7"": 0.0067183, ""8"": 0, ""9"": 0.1143368, ""10"": 0, ""11"": 2.16, ""12"": 0, ""13"": 2.6455565, ""14"": ""pub"", ""15"": ""capt"", ""16"": 0, ""19"": null, ""20"": null}",126,tab1a22-23-final,coal-statistics-download-excel-7,coal_statistics,Download Excel,https://coal.gov.in/sites/default/files/2024-03/cdchap6.xlsx
source_reference,"{""0"": ""CSPGCL"", ""1"": ""GP/S-III"", ""2"": null, ""3"": ""CHG"", ""4"": ""C"", ""5"": 38.51, ""6"": 3.85, ""7"": 0.77, ""8"": 0, ""9"": 9, ""10"": 3.88, ""11"": 3.88, ""12"": 0, ""13"": 59.89000000000001, ""14"": ""pub"", ""15"": ""capt"", ""16"": 0, ""19"": null, ""20"": null}",127,tab1a22-23-final,coal-statistics-download-excel-7,coal_statistics,Download Excel,https://coal.gov.in/sites/default/files/2024-03/cdchap6.xlsx
source_reference,"{""0"": ""TSPGCL"", ""1"": ""Tadicherla"", ""2"": null, ""3"": ""TLNG"", ""4"": ""C"", ""5"": 118.6581347, ""6"": 11.8658135, ""7"": 2.3731627, ""8"": 0, ""9"": 5, ""10"": 10.6792321, ""11"": 10.6792321, ""12"": 0, ""13"": 159.25557510000002, ""14"": ""pub"", ""15"": ""capt"", ""16"": 0, ""19"": null, ""20"": null}",128,tab1a22-23-final,coal-statistics-download-excel-7,coal_statistics,Download Excel,https://coal.gov.in/sites/default/files/2024-03/cdchap6.xlsx
source_reference,"{""0"": ""OCPL"", ""1"": ""Manoharpur"", ""2"": null, ""3"": ""ODI"", ""4"": ""C"", ""5"": 254.3557636, ""6"": 20.1717396, ""7"": 4.0398123, ""8"": 241.60704, ""9"": 328.7510348, ""10"": 24.7215867, ""11"": 24.7215867, ""12"": 0, ""13"": 898.3685637000001, ""14"": ""pub"", ""15"": ""capt"", ""16"": 0, ""19"": null, ""20"": null}",129,tab1a22-23-final,coal-statistics-download-excel-7,coal_statistics,Download Excel,https://coal.gov.in/sites/default/files/2024-03/cdchap6.xlsx
source_reference,"{""0"": ""DPL"", ""1"": ""Trans Damodar"", ""2"": null, ""3"": ""WB"", ""4"": ""C"", ""5"": 0.20971, ""6"": 0.020971, ""7"": 0.004192, ""8"": 0, ""9"": 7.3928, ""10"": 9.06024, ""11"": 9.06024, ""12"": 0, ""13"": 25.748153000000002, ""14"": ""pub"", ""15"": ""capt"", ""16"": 0, ""19"": null, ""20"": null}",130,tab1a22-23-final,coal-statistics-download-excel-7,coal_statistics,Download Excel,https://coal.gov.in/sites/default/files/2024-03/cdchap6.xlsx
source_reference,"{""0"": ""NLCIL_T-II&III"", ""1"": ""Talabira II & III"", ""2"": null, ""3"": ""ODI"", ""4"": ""C"", ""5"": 199.69, ""6"": 49.27, ""7"": 3.31, ""8"": 0, ""9"": 435.79, ""10"": 42.5, ""11"": 42.5, ""12"": 0, ""13"": 773.0600000000001, ""14"": ""pub"", ""15"": ""capt"", ""16"": 0, ""19"": null, ""20"": null}",131,tab1a22-23-final,coal-statistics-download-excel-7,coal_statistics,Download Excel,https://coal.gov.in/sites/default/files/2024-03/cdchap6.xlsx
source_reference,"{""0"": ""APMDCL"", ""1"": ""Suliyari"", ""2"": null, ""3"": ""MP"", ""4"": ""C"", ""5"": 63.433235938, ""6"": 6.343325957, ""7"": 1.268667211, ""8"": 0, ""9"": 56.8142316, ""10"": 15.232627746, ""11"": 15.232627746, ""12"": 0, ""13"": 158.32471619799998, ""14"": ""pub"", ""15"": ""capt"", ""16"": 0, ""19"": null, ""20"": null}",132,tab1a22-23-final,coal-statistics-download-excel-7,coal_statistics,Download Excel,https://coal.gov.in/sites/default/files/2024-03/cdchap6.xlsx
source_reference,"{""0"": ""PSPCL"", ""1"": ""Pachhwara Central"", ""2"": null, ""3"": ""JKD"", ""4"": ""C"", ""5"": 10.95, ""6"": 3.28, ""7"": 0.22, ""8"": 0, ""9"": 0.52, ""10"": 0, ""11"": 0, ""12"": 0, ""13"": 14.969999999999999, ""14"": ""pub"", ""15"": ""capt"", ""16"": 0, ""19"": null, ""20"": null}",133,tab1a22-23-final,coal-statistics-download-excel-7,coal_statistics,Download Excel,https://coal.gov.in/sites/default/files/2024-03/cdchap6.xlsx
source_reference,"{""0"": ""THDC"", ""1"": ""Amelia"", ""2"": null, ""3"": ""MP"", ""4"": ""C"", ""5"": 0.644, ""6"": 0.0644, ""7"": 0.01288, ""8"": 0, ""9"": 0, ""10"": 0, ""11"": 0, ""12"": 0, ""13"": 0.72128, ""14"": ""pub"", ""15"": ""capt"", ""16"": 0, ""19"": null, ""20"": null}",134,tab1a22-23-final,coal-statistics-download-excel-7,coal_statistics,Download Excel,https://coal.gov.in/sites/default/files/2024-03/cdchap6.xlsx
source_reference,"{""0"": ""KPCL"", ""1"": ""Baranj"", ""2"": null, ""3"": ""MAH"", ""4"": ""C"", ""5"": 29, ""6"": 2.9, ""7"": 0.58, ""8"": 0, ""9"": 40.3795824, ""10"": 16.2923542, ""11"": 16.2923542, ""12"": 0, ""13"": 105.4442908, ""14"": ""pub"", ""15"": ""capt"", ""16"": 0, ""19"": null, ""20"": null}",135,tab1a22-23-final,coal-statistics-download-excel-7,coal_statistics,Download Excel,https://coal.gov.in/sites/default/files/2024-03/cdchap6.xlsx
source_reference,"{""0"": ""PUBLIC"", ""1"": null, ""2"": null, ""3"": null, ""4"": ""C"", ""5"": 21637.633906100997, ""6"": 5042.8477996579995, ""7"": 331.6472514029999, ""8"": 10497.525316700001, ""9"": 31742.350756460008, ""10"": 2755.404079048, ""11"": 2582.9749032459995, ""12"": 6.24, ""13"": 74596.62401261601, ""14"": null, ""15"": null, ""16"": 0, ""19"": null, ""20"": null}",136,tab1a22-23-final,coal-statistics-download-excel-7,coal_statistics,Download Excel,https://coal.gov.in/sites/default/files/2024-03/cdchap6.xlsx
source_reference,"{""0"": ""TSLJH"", ""1"": ""Jharia"", ""2"": null, ""3"": ""JKD"", ""4"": ""C"", ""5"": 41.84, ""6"": 12.55, ""7"": 0.83, ""8"": 0, ""9"": 0, ""10"": 4.97, ""11"": 4.97, ""12"": 0, ""13"": 65.16, ""14"": ""pvt"", ""15"": ""ncpt"", ""16"": 0, ""19"": null, ""20"": null}",137,tab1a22-23-final,coal-statistics-download-excel-7,coal_statistics,Download Excel,https://coal.gov.in/sites/default/files/2024-03/cdchap6.xlsx
source_reference,"{""0"": ""TSLWB"", ""1"": ""West Bokaro"", ""2"": null, ""3"": ""JKD"", ""4"": ""C"", ""5"": 302.4630279, ""6"": 90.7389081, ""7"": 6.05492605, ""8"": 6.05492605, ""9"": 158.7177212, ""10"": 35.9326077, ""11"": 35.9326077, ""12"": 0, ""13"": 635.8947246999999, ""14"": ""pvt"", ""15"": ""ncpt"", ""16"": 0, ""19"": null, ""20"": null}",138,tab1a22-23-final,coal-statistics-download-excel-7,coal_statistics,Download Excel,https://coal.gov.in/sites/default/files/2024-03/cdchap6.xlsx
source_reference,"{""0"": ""CESC"", ""1"": ""Sarshatali"", ""2"": null, ""3"": ""WB"", ""4"": ""C"", ""5"": 0.4834392, ""6"": 0.048344, ""7"": 0.0096689, ""8"": 0, ""9"": 36.9231797, ""10"": 13.9255341, ""11"": 14.097219, ""12"": 0, ""13"": 65.4873849, ""14"": ""pvt"", ""15"": ""capt"", ""16"": 0, ""19"": null, ""20"": null}",139,tab1a22-23-final,coal-statistics-download-excel-7,coal_statistics,Download Excel,https://coal.gov.in/sites/default/files/2024-03/cdchap6.xlsx
source_reference,"{""0"": ""HIL_GP_IV/4"", ""1"": ""Gare Palma IV/4"", ""2"": null, ""3"": ""CHG"", ""4"": ""C"", ""5"": 12.8055158, ""6"": 1.2805516, ""7"": 0.2561105, ""8"": 0, ""9"": 0, ""10"": 23.46, ""11"": 24.71, ""12"": 0, ""13"": 62.512177900000005, ""14"": ""pvt"", ""15"": ""capt"", ""16"": 0, ""19"": null, ""20"": null}",140,tab1a22-23-final,coal-statistics-download-excel-7,coal_statistics,Download Excel,https://coal.gov.in/sites/default/files/2024-03/cdchap6.xlsx
source_reference,"{""0"": ""HIL_GP_IV/5"", ""1"": ""Gare Palma IV/5"", ""2"": null, ""3"": ""CHG"", ""4"": ""C"", ""5"": 0, ""6"": 0, ""7"": 0, ""8"": 0, ""9"": 0, ""10"": 0, ""11"": 0.957222, ""12"": 0, ""13"": 0.957222, ""14"": ""pvt"", ""15"": ""capt"", ""16"": 0, ""19"": null, ""20"": null}",141,tab1a22-23-final,coal-statistics-download-excel-7,coal_statistics,Download Excel,https://coal.gov.in/sites/default/files/2024-03/cdchap6.xlsx
source_reference,"{""0"": ""HIL_KOC"", ""1"": ""Kathautia"", ""2"": null, ""3"": ""JKD"", ""4"": ""C"", ""5"": 5.49878, ""6"": 0.585354, ""7"": 0.1099756, ""8"": 0.1099756, ""9"": 6.6009164, ""10"": 0, ""11"": 0, ""12"": 0, ""13"": 12.9050016, ""14"": ""pvt"", ""15"": ""capt"", ""16"": 0, ""19"": null, ""20"": null}",142,tab1a22-23-final,coal-statistics-download-excel-7,coal_statistics,Download Excel,https://coal.gov.in/sites/default/files/2024-03/cdchap6.xlsx
source_reference,"{""0"": ""SPL"", ""1"": ""Moher & Moher Amlohri Extn"", ""2"": null, ""3"": ""MP"", ""4"": ""C"", ""5"": 189.9281442, ""6"": 62.4620903, ""7"": 4.5125491, ""8"": 0, ""9"": 0, ""10"": 22.543883, ""11"": 22.543883, ""12"": 0, ""13"": 301.99054959999995, ""14"": ""pvt"", ""15"": ""capt"", ""16"": 0, ""19"": null, ""20"": null}",143,tab1a22-23-final,coal-statistics-download-excel-7,coal_statistics,Download Excel,https://coal.gov.in/sites/default/files/2024-03/cdchap6.xlsx
source_reference,"{""0"": ""GMR"", ""1"": ""Talabira I"", ""2"": null, ""3"": ""ODI"", ""4"": ""C"", ""5"": 0, ""6"": 0, ""7"": 0, ""8"": 0, ""9"": 0, ""10"": 0, ""11"": 0, ""12"": 0, ""13"": 0, ""14"": ""pvt"", ""15"": ""capt"", ""16"": 0, ""19"": null, ""20"": null}",144,tab1a22-23-final,coal-statistics-download-excel-7,coal_statistics,Download Excel,https://coal.gov.in/sites/default/files/2024-03/cdchap6.xlsx
source_reference,"{""0"": ""BALCO"", ""1"": ""Chotia II"", ""2"": null, ""3"": ""CHG"", ""4"": ""C"", ""5"": 16.37, ""6"": 1.64, ""7"": 0.33, ""8"": 0, ""9"": 0, ""10"": 40.3, ""11"": 40.3, ""12"": 0, ""13"": 98.94, ""14"": ""pvt"", ""15"": ""capt"", ""16"": 0, ""19"": null, ""20"": null}",145,tab1a22-23-final,coal-statistics-download-excel-7,coal_statistics,Download Excel,https://coal.gov.in/sites/default/files/2024-03/cdchap6.xlsx
source_reference,"{""0"": ""SIL"", ""1"": ""Belgaon"", ""2"": null, ""3"": ""MAH"", ""4"": ""C"", ""5"": 5.4, ""6"": 0.7036684, ""7"": 0.1116151, ""8"": 0, ""9"": 0, ""10"": 0, ""11"": 0, ""12"": 0, ""13"": 6.2152835, ""14"": ""pvt"", ""15"": ""capt"", ""16"": 0, ""19"": null, ""20"": null}",146,tab1a22-23-final,coal-statistics-download-excel-7,coal_statistics,Download Excel,https://coal.gov.in/sites/default/files/2024-03/cdchap6.xlsx
source_reference,"{""0"": ""JPVL"", ""1"": ""Amelia North"", ""2"": null, ""3"": ""MP"", ""4"": ""C"", ""5"": 37.8226256, ""6"": 3.7822625, ""7"": 0.7564524, ""8"": 0, ""9"": 0, ""10"": 3.8125206, ""11"": 3.8125206, ""12"": 0, ""13"": 49.9863817, ""14"": ""pvt"", ""15"": ""capt"", ""16"": 0, ""19"": null, ""20"": null}",147,tab1a22-23-final,coal-statistics-download-excel-7,coal_statistics,Download Excel,https://coal.gov.in/sites/default/files/2024-03/cdchap6.xlsx
source_reference,"{""0"": ""JPL"", ""1"": ""Gare Palma 1"", ""2"": null, ""3"": ""CHG"", ""4"": ""C"", ""5"": 122.6087362, ""6"": 12.26087359, ""7"": 2.4521748, ""8"": 0, ""9"": 3.3999908, ""10"": 10.7116393, ""11"": 10.7116393, ""12"": 0, ""13"": 162.14505399, ""14"": ""pvt"", ""15"": ""capt"", ""16"": 0, ""19"": null, ""20"": null}",148,tab1a22-23-final,coal-statistics-download-excel-7,coal_statistics,Download Excel,https://coal.gov.in/sites/default/files/2024-03/cdchap6.xlsx
source_reference,"{""0"": ""RCCPL"", ""1"": ""Sial Ghogri"", ""2"": null, ""3"": ""MP"", ""4"": ""C"", ""5"": 11.9712265, ""6"": 1.1971226, ""7"": 0.2394245, ""8"": 0, ""9"": 0, ""10"": 1.2275434, ""11"": 1.2275434, ""12"": 0, ""13"": 15.8628604, ""14"": ""pvt"", ""15"": ""capt"", ""16"": 0, ""19"": null, ""20"": null}",149,tab1a22-23-final,coal-statistics-download-excel-7,coal_statistics,Download Excel,https://coal.gov.in/sites/default/files/2024-03/cdchap6.xlsx
source_reference,"{""0"": ""TUML"", ""1"": ""Marki Mangli I"", ""2"": null, ""3"": ""MAH"", ""4"": ""C"", ""5"": 5.37, ""6"": 0.35, ""7"": 0.07, ""8"": 0.07, ""9"": 0, ""10"": 0, ""11"": 0, ""12"": 0, ""13"": 5.86, ""14"": ""pvt"", ""15"": ""capt"", ""16"": 0, ""19"": null, ""20"": null}",150,tab1a22-23-final,coal-statistics-download-excel-7,coal_statistics,Download Excel,https://coal.gov.in/sites/default/files/2024-03/cdchap6.xlsx
source_reference,"{""0"": ""OCL"", ""1"": ""Ardhagram"", ""2"": null, ""3"": ""ODI"", ""4"": ""C"", ""5"": 0, ""6"": 0, ""7"": 0, ""8"": 0, ""9"": 0, ""10"": 0, ""11"": 0, ""12"": 0, ""13"": 0, ""14"": ""pvt"", ""15"": ""capt"", ""16"": 0, ""19"": null, ""20"": null}",151,tab1a22-23-final,coal-statistics-download-excel-7,coal_statistics,Download Excel,https://coal.gov.in/sites/default/files/2024-03/cdchap6.xlsx
source_reference,"{""0"": ""AMBUJA"", ""1"": ""Gare Palma IV/8"", ""2"": null, ""3"": ""CHG"", ""4"": ""C"", ""5"": 15.8, ""6"": 1.83, ""7"": 0.37, ""8"": 0, ""9"": 2.49, ""10"": 42.64, ""11"": 33.58, ""12"": 0, ""13"": 96.71000000000001, ""14"": ""pvt"", ""15"": ""capt"", ""16"": 0, ""19"": null, ""20"": null}",152,tab1a22-23-final,coal-statistics-download-excel-7,coal_statistics,Download Excel,https://coal.gov.in/sites/default/files/2024-03/cdchap6.xlsx
source_reference,"{""0"": ""BSIL"", ""1"": ""Marki Mangli III"", ""2"": null, ""3"": ""MAH"", ""4"": ""C"", ""5"": 3.5547003, ""6"": 0.3009701, ""7"": 0.0708397, ""8"": 0, ""9"": 3.7498943, ""10"": 0.993323338, ""11"": 0.993323338, ""12"": 0, ""13"": 9.663051076, ""14"": ""pvt"", ""15"": ""capt"", ""16"": 0, ""19"": null, ""20"": null}",153,tab1a22-23-final,coal-statistics-download-excel-7,coal_statistics,Download Excel,https://coal.gov.in/sites/default/files/2024-03/cdchap6.xlsx
source_reference,"{""0"": ""UTCL"", ""1"": ""Bicharpur"", ""2"": null, ""3"": ""MP"", ""4"": ""C"", ""5"": 6.326936, ""6"": 0.6326936, ""7"": 0.1265397, ""8"": 0, ""9"": 0.0573108, ""10"": 0, ""11"": 0, ""12"": 0, ""13"": 7.1434801, ""14"": ""pvt"", ""15"": ""capt"", ""16"": 0, ""19"": null, ""20"": null}",154,tab1a22-23-final,coal-statistics-download-excel-7,coal_statistics,Download Excel,https://coal.gov.in/sites/default/files/2024-03/cdchap6.xlsx
source_reference,"{""0"": ""SEML"", ""1"": ""Gare Palma IV/7"", ""2"": null, ""3"": ""CHG"", ""4"": ""C"", ""5"": 53.333499064, ""6"": 5.333349906, ""7"": 1.066669981, ""8"": 208.18429, ""9"": 15.049236, ""10"": 2.436885581, ""11"": 2.436885581, ""12"": 0, ""13"": 287.840816113, ""14"": ""pvt"", ""15"": ""capt"", ""16"": 0, ""19"": null, ""20"": null}",155,tab1a22-23-final,coal-statistics-download-excel-7,coal_statistics,Download Excel,https://coal.gov.in/sites/default/files/2024-03/cdchap6.xlsx
source_reference,"{""0"": ""Vedanta"", ""1"": ""Jamkhani"", ""2"": null, ""3"": ""ODI"", ""4"": ""C"", ""5"": 0.71, ""6"": 0.07, ""7"": 0.01, ""8"": 0, ""9"": 0, ""10"": 0, ""11"": 0, ""12"": 0, ""13"": 0.79, ""14"": ""pvt"", ""15"": ""capt"", ""16"": 0, ""19"": null, ""20"": null}",156,tab1a22-23-final,coal-statistics-download-excel-7,coal_statistics,Download Excel,https://coal.gov.in/sites/default/files/2024-03/cdchap6.xlsx
source_reference,"{""0"": ""BSMPL"", ""1"": ""Goitoria East & West"", ""2"": null, ""3"": ""MP"", ""4"": ""C"", ""5"": 0.595800428, ""6"": 0.0595814, ""7"": 0.011916055, ""8"": 0, ""9"": 0.7092864, ""10"": 0.089608263, ""11"": 0.089608263, ""12"": 0, ""13"": 1.555800809, ""14"": ""pvt"", ""15"": ""capt"", ""16"": 0, ""19"": null, ""20"": null}",157,tab1a22-23-final,coal-statistics-download-excel-7,coal_statistics,Download Excel,https://coal.gov.in/sites/default/files/2024-03/cdchap6.xlsx
source_reference,"{""0"": ""PRIVATE"", ""1"": null, ""2"": null, ""3"": null, ""4"": ""C"", ""5"": 832.8824311919999, ""6"": 195.82577009599999, ""7"": 17.388862386000003, ""8"": 214.41919165000002, ""9"": 227.6975356, ""10"": 203.04354528200005, ""11"": 196.36245218200006, ""12"": 0, ""13"": 1887.6197883879997, ""14"": null, ""15"": null, ""16"": 0, ""19"": null, ""20"": null}",158,tab1a22-23-final,coal-statistics-download-excel-7,coal_statistics,Download Excel,https://coal.gov.in/sites/default/files/2024-03/cdchap6.xlsx
source_reference,"{""0"": ""GRAND TOTAL"", ""1"": null, ""2"": null, ""3"": null, ""4"": ""C"", ""5"": 22470.516337292996, ""6"": 5238.673569754, ""7"": 349.03611378899996, ""8"": 10711.944508350001, ""9"": 31970.048292060008, ""10"": 2958.44762433, ""11"": 2779.3373554279997, ""12"": 6.24, ""13"": 76484.243801004, ""14"": null, ""15"": null, ""16"": 0, ""19"": null, ""20"": null}",159,tab1a22-23-final,coal-statistics-download-excel-7,coal_statistics,Download Excel,https://coal.gov.in/sites/default/files/2024-03/cdchap6.xlsx
source_reference,"{""0"": null, ""1"": null, ""2"": null, ""3"": null, ""4"": null, ""5"": null, ""6"": null, ""7"": null, ""8"": null, ""9"": null, ""10"": null, ""11"": null, ""12"": 48426.017780168004, ""13"": null, ""14"": null, ""15"": null, ""16"": null, ""19"": null, ""20"": null}",160,tab1a22-23-final,coal-statistics-download-excel-7,coal_statistics,Download Excel,https://coal.gov.in/sites/default/files/2024-03/cdchap6.xlsx
source_reference,"{""0"": ""STATEWISE RAW COAL"", ""1"": null, ""2"": null, ""3"": null, ""4"": null, ""5"": null, ""6"": null, ""7"": null, ""8"": null, ""9"": null, ""10"": null, ""11"": null, ""12"": null, ""13"": null, ""14"": null, ""15"": null, ""16"": null, ""19"": null, ""20"": null}",161,tab1a22-23-final,coal-statistics-download-excel-7,coal_statistics,Download Excel,https://coal.gov.in/sites/default/files/2024-03/cdchap6.xlsx
source_reference,"{""0"": null, ""1"": null, ""2"": null, ""3"": ""ASM"", ""4"": ""C"", ""5"": 25.3854685, ""6"": 7.378273613, ""7"": 0.5077093, ""8"": 0, ""9"": 7.2493468, ""10"": 6.3448148, ""11"": 6.3448148, ""12"": 0, ""13"": 53.210427813, ""14"": null, ""15"": null, ""16"": 0, ""19"": null, ""20"": null}",162,tab1a22-23-final,coal-statistics-download-excel-7,coal_statistics,Download Excel,https://coal.gov.in/sites/default/files/2024-03/cdchap6.xlsx
source_reference,"{""0"": null, ""1"": null, ""2"": null, ""3"": ""CHG"", ""4"": ""C"", ""5"": 3342.716940064, ""6"": 847.146693996, ""7"": 59.61644208099999, ""8"": 1357.0442899999998, ""9"": 6487.8965225599995, ""10"": 463.57825098300003, ""11"": 447.055746881, ""12"": 0, ""13"": 13005.054886564994, ""14"": null, ""15"": null, ""16"": 0, ""19"": null, ""20"": null}",163,tab1a22-23-final,coal-statistics-download-excel-7,coal_statistics,Download Excel,https://coal.gov.in/sites/default/files/2024-03/cdchap6.xlsx
source_reference,"{""0"": null, ""1"": null, ""2"": null, ""3"": ""J&K"", ""4"": ""C"", ""5"": 0, ""6"": 0, ""7"": 0, ""8"": 0, ""9"": 0, ""10"": 0.245792, ""11"": 0.245792, ""12"": 0, ""13"": 0.491584, ""14"": null, ""15"": null, ""16"": 0, ""19"": null, ""20"": null}",164,tab1a22-23-final,coal-statistics-download-excel-7,coal_statistics,Download Excel,https://coal.gov.in/sites/default/files/2024-03/cdchap6.xlsx
source_reference,"{""0"": null, ""1"": null, ""2"": null, ""3"": ""JKD"", ""4"": ""C"", ""5"": 4727.5536286629995, ""6"": 1394.8079608879998, ""7"": 97.09501704199998, ""8"": 799.4689323499999, ""9"": 4551.8860427, ""10"": 1127.6027535000003, ""11"": 699.7776769, ""12"": 6.24, ""13"": 13404.432012042998, ""14"": null, ""15"": null, ""16"": 0, ""19"": null, ""20"": null}",165,tab1a22-23-final,coal-statistics-download-excel-7,coal_statistics,Download Excel,https://coal.gov.in/sites/default/files/2024-03/cdchap6.xlsx
source_reference,"{""0"": null, ""1"": null, ""2"": null, ""3"": ""MP"", ""4"": ""C"", ""5"": 2898.580619166, ""6"": 854.5077621569999, ""7"": 59.137784266000004, ""8"": 2439.26, ""9"": 5014.211789499999, ""10"": 355.911188709, ""11"": 373.328971809, ""12"": 0, ""13"": 11994.938115606998, ""14"": null, ""15"": null, ""16"": 0, ""19"": null, ""20"": null}",166,tab1a22-23-final,coal-statistics-download-excel-7,coal_statistics,Download Excel,https://coal.gov.in/sites/default/files/2024-03/cdchap6.xlsx
source_reference,"{""0"": null, ""1"": null, ""2"": null, ""3"": ""MAH"", ""4"": ""C"", ""5"": 1890.7167282999999, ""6"": 558.4724236, ""7"": 37.7820369, ""8"": 0.07, ""9"": 2386.5483771, ""10"": 17.854086738, ""11"": 244.49492703800001, ""12"": 0, ""13"": 5135.938579675999, ""14"": null, ""15"": null, ""16"": 0, ""19"": null, ""20"": null}",167,tab1a22-23-final,coal-statistics-download-excel-7,coal_statistics,Download Excel,https://coal.gov.in/sites/default/files/2024-03/cdchap6.xlsx
source_reference,"{""0"": null, ""1"": null, ""2"": null, ""3"": ""ODI"", ""4"": ""C"", ""5"": 4137.8760676, ""6"": 1163.28777, ""7"": 80.54501850000001, ""8"": 5496.011286, ""9"": 8455.2195484, ""10"": 494.4415867, ""11"": 511.94067770000004, ""12"": 0, ""13"": 20339.32195490001, ""14"": null, ""15"": null, ""16"": 0, ""19"": null, ""20"": null}",168,tab1a22-23-final,coal-statistics-download-excel-7,coal_statistics,Download Excel,https://coal.gov.in/sites/default/files/2024-03/cdchap6.xlsx
source_reference,"{""0"": null, ""1"": null, ""2"": null, ""3"": ""TLNG"", ""4"": ""C"", ""5"": 4845.6581347, ""6"": 230.47581350000002, ""7"": 2.3731627, ""8"": 349.09, ""9"": 2384.27, ""10"": 366.6492321, ""11"": 363.6692321, ""12"": 0, ""13"": 8542.1855751, ""14"": null, ""15"": null, ""16"": 0, ""19"": null, ""20"": null}",169,tab1a22-23-final,coal-statistics-download-excel-7,coal_statistics,Download Excel,https://coal.gov.in/sites/default/files/2024-03/cdchap6.xlsx
source_reference,"{""0"": null, ""1"": null, ""2"": null, ""3"": ""UP"", ""4"": ""C"", ""5"": 583.8665, ""6"": 177.4168, ""7"": 11.6217, ""8"": 0, ""9"": 911.4869, ""10"": 73.9341, ""11"": 73.9341, ""12"": 0, ""13"": 1832.2601, ""14"": null, ""15"": null, ""16"": 0, ""19"": null, ""20"": null}",170,tab1a22-23-final,coal-statistics-download-excel-7,coal_statistics,Download Excel,https://coal.gov.in/sites/default/files/2024-03/cdchap6.xlsx
source_reference,"{""0"": null, ""1"": null, ""2"": null, ""3"": ""WB"", ""4"": ""C"", ""5"": 18.1622503, ""6"": 5.180072000000001, ""7"": 0.357243, ""8"": 271, ""9"": 1771.2797650000002, ""10"": 51.8858188, ""11"": 58.545416200000005, ""12"": 0, ""13"": 2176.4105653, ""14"": null, ""15"": null, ""16"": 0, ""19"": null, ""20"": null}",171,tab1a22-23-final,coal-statistics-download-excel-7,coal_statistics,Download Excel,https://coal.gov.in/sites/default/files/2024-03/cdchap6.xlsx
source_reference,"{""0"": ""GRAND TOTAL"", ""1"": null, ""2"": null, ""3"": null, ""4"": ""C"", ""5"": 22470.516337293, ""6"": 5238.673569754, ""7"": 349.036113789, ""8"": 10711.94450835, ""9"": 31970.04829206, ""10"": 2958.44762433, ""11"": 2779.337355428, ""12"": 6.24, ""13"": 76484.24380100399, ""14"": null, ""15"": null, ""16"": 0, ""19"": null, ""20"": null}",172,tab1a22-23-final,coal-statistics-download-excel-7,coal_statistics,Download Excel,https://coal.gov.in/sites/default/files/2024-03/cdchap6.xlsx
source_reference,"{""0"": ""differ company into state"", ""1"": null, ""2"": null, ""3"": ""duff"", ""4"": null, ""5"": 0, ""6"": 0, ""7"": 0, ""8"": 0, ""9"": 0, ""10"": 0, ""11"": 0, ""12"": 0, ""13"": 0, ""14"": null, ""15"": null, ""16"": null, ""19"": null, ""20"": null}",173,tab1a22-23-final,coal-statistics-download-excel-7,coal_statistics,Download Excel,https://coal.gov.in/sites/default/files/2024-03/cdchap6.xlsx
source_reference,"{""0"": ""COMPANY WISE LIGNITE"", ""1"": null, ""2"": null, ""3"": null, ""4"": null, ""5"": null, ""6"": null, ""7"": null, ""8"": null, ""9"": null, ""10"": null, ""11"": null, ""12"": null, ""13"": null, ""14"": null, ""15"": null, ""16"": null, ""19"": null, ""20"": null}",174,tab1a22-23-final,coal-statistics-download-excel-7,coal_statistics,Download Excel,https://coal.gov.in/sites/default/files/2024-03/cdchap6.xlsx
source_reference,"{""0"": ""BLMCL_J"", ""1"": ""Jalipa"", ""2"": null, ""3"": ""RAJ"", ""4"": ""L"", ""5"": 22.0906912, ""6"": 6.6272074, ""7"": 0.4418138, ""8"": 6.912393, ""9"": 59.19096, ""10"": 9.9334475, ""11"": 9.9334475, ""12"": 0, ""13"": 115.12996039999999, ""14"": ""pub"", ""15"": ""capt"", ""16"": 0, ""19"": null, ""20"": null}",175,tab1a22-23-final,coal-statistics-download-excel-7,coal_statistics,Download Excel,https://coal.gov.in/sites/default/files/2024-03/cdchap6.xlsx
source_reference,"{""0"": ""BLMCL_K"", ""1"": ""Kapurdi"", ""2"": null, ""3"": ""RAJ"", ""4"": ""L"", ""5"": 71.6602763, ""6"": 21.4980829, ""7"": 1.4332055, ""8"": 21.6977066, ""9"": 185.7978976, ""10"": 32.2232376, ""11"": 32.2232376, ""12"": 0, ""13"": 366.5336441, ""14"": ""pub"", ""15"": ""capt"", ""16"": 0, ""19"": null, ""20"": null}",176,tab1a22-23-final,coal-statistics-download-excel-7,coal_statistics,Download Excel,https://coal.gov.in/sites/default/files/2024-03/cdchap6.xlsx
source_reference,"{""0"": ""GHCL"", ""1"": ""Khadsaliya"", ""2"": null, ""3"": ""GUJ"", ""4"": ""L"", ""5"": 0.4863891, ""6"": 0.1459167, ""7"": 0.0097278, ""8"": 359.21, ""9"": 0.0128733, ""10"": 0.0589416, ""11"": 0.0589416, ""12"": 0, ""13"": 359.98279010000005, ""14"": ""pvt"", ""15"": ""capt"", ""16"": 0, ""19"": null, ""20"": null}",177,tab1a22-23-final,coal-statistics-download-excel-7,coal_statistics,Download Excel,https://coal.gov.in/sites/default/files/2024-03/cdchap6.xlsx
source_reference,"{""0"": ""GIPCL_MN"", ""1"": ""Mangrol"", ""2"": null, ""3"": ""GUJ"", ""4"": ""L"", ""5"": 0, ""6"": 0, ""7"": 0, ""8"": 0, ""9"": 0, ""10"": 0, ""11"": 0, ""12"": 0, ""13"": 0, ""14"": ""pub"", ""15"": ""capt"", ""16"": 0, ""19"": null, ""20"": null}",178,tab1a22-23-final,coal-statistics-download-excel-7,coal_statistics,Download Excel,https://coal.gov.in/sites/default/files/2024-03/cdchap6.xlsx
source_reference,"{""0"": ""GIPCL_VL"", ""1"": ""Valia"", ""2"": null, ""3"": ""GUJ"", ""4"": ""L"", ""5"": 13.49353008, ""6"": 4.048059025, ""7"": 0.3373382521, ""8"": 0, ""9"": 0, ""10"": 0, ""11"": 0, ""12"": 0, ""13"": 17.8789273571, ""14"": ""pub"", ""15"": ""capt"", ""16"": 0, ""19"": null, ""20"": null}",179,tab1a22-23-final,coal-statistics-download-excel-7,coal_statistics,Download Excel,https://coal.gov.in/sites/default/files/2024-03/cdchap6.xlsx
source_reference,"{""0"": ""GIPCL_VS"", ""1"": ""Vastan"", ""2"": null, ""3"": ""GUJ"", ""4"": ""L"", ""5"": 2.75245423, ""6"": 0.825736269, ""7"": 0.068811355, ""8"": 0.068811355, ""9"": 0, ""10"": 0.247720881, ""11"": 0.247720881, ""12"": 0, ""13"": 4.211254971, ""14"": ""pub"", ""15"": ""capt"", ""16"": 0, ""19"": null, ""20"": null}",180,tab1a22-23-final,coal-statistics-download-excel-7,coal_statistics,Download Excel,https://coal.gov.in/sites/default/files/2024-03/cdchap6.xlsx
source_reference,"{""0"": ""GMDCL_MM"", ""1"": ""Mata Na Madh"", ""2"": null, ""3"": ""GUJ"", ""4"": ""L"", ""5"": 57.3934113, ""6"": 17.2180576, ""7"": 1.1479889, ""8"": 0, ""9"": 109.129274, ""10"": 24.686914, ""11"": 24.686914, ""12"": 0, ""13"": 234.26255980000002, ""14"": ""pub"", ""15"": ""capt"", ""16"": 0, ""19"": null, ""20"": null}",181,tab1a22-23-final,coal-statistics-download-excel-7,coal_statistics,Download Excel,https://coal.gov.in/sites/default/files/2024-03/cdchap6.xlsx
source_reference,"{""0"": ""GMDCL_RP"", ""1"": ""Rajpardi"", ""2"": null, ""3"": ""GUJ"", ""4"": ""L"", ""5"": 22.721506611, ""6"": 6.815506573, ""7"": 0.4547973, ""8"": 0, ""9"": 28.2778656, ""10"": 10.446112893, ""11"": 10.446112893, ""12"": 0.8993323, ""13"": 80.06123417, ""14"": ""pub"", ""15"": ""capt"", ""16"": 0, ""19"": null, ""20"": null}",182,tab1a22-23-final,coal-statistics-download-excel-7,coal_statistics,Download Excel,https://coal.gov.in/sites/default/files/2024-03/cdchap6.xlsx
source_reference,"{""0"": ""GMDCL_SN"", ""1"": ""Surka North"", ""2"": null, ""3"": ""GUJ"", ""4"": ""L"", ""5"": 25.3592738, ""6"": 7.6077821, ""7"": 0.5071854, ""8"": 444.6965, ""9"": 46.3265398, ""10"": 11.976611291, ""11"": 11.976611291, ""12"": 0, ""13"": 548.4505036820001, ""14"": ""pub"", ""15"": ""capt"", ""16"": 0, ""19"": null, ""20"": null}",183,tab1a22-23-final,coal-statistics-download-excel-7,coal_statistics,Download Excel,https://coal.gov.in/sites/default/files/2024-03/cdchap6.xlsx
source_reference,"{""0"": ""GMDCL_US"", ""1"": ""Umarsar"", ""2"": null, ""3"": ""GUJ"", ""4"": ""L"", ""5"": 32.3552976, ""6"": 9.706566474, ""7"": 0.6471462116, ""8"": 0, ""9"": 65.79492372, ""10"": 14.94604942, ""11"": 14.94604942, ""12"": 0, ""13"": 138.3960328456, ""14"": ""pub"", ""15"": ""capt"", ""16"": 0, ""19"": null, ""20"": null}",184,tab1a22-23-final,coal-statistics-download-excel-7,coal_statistics,Download Excel,https://coal.gov.in/sites/default/files/2024-03/cdchap6.xlsx
source_reference,"{""0"": ""GMDCL_TS"", ""1"": ""Tadkesar"", ""2"": null, ""3"": ""GUJ"", ""4"": ""L"", ""5"": 15.7915023, ""6"": 4.7373542, ""7"": 0.3159184, ""8"": 0, ""9"": 0, ""10"": 1.421235207, ""11"": 1.421235207, ""12"": 0, ""13"": 23.687245314, ""14"": ""pub"", ""15"": ""capt"", ""16"": 0, ""19"": null, ""20"": null}",185,tab1a22-23-final,coal-statistics-download-excel-7,coal_statistics,Download Excel,https://coal.gov.in/sites/default/files/2024-03/cdchap6.xlsx
source_reference,"{""0"": ""GPCL"", ""1"": ""Ghoggha-Surkha"", ""2"": null, ""3"": ""GUJ"", ""4"": ""L"", ""5"": 11.1653615, ""6"": 3.349539, ""7"": 0.2233025, ""8"": 40.847848, ""9"": 62.7776868, ""10"": 9.366248, ""11"": 9.366248, ""12"": 0, ""13"": 137.0962338, ""14"": ""pvt"", ""15"": ""capt"", ""16"": 0, ""19"": null, ""20"": null}",186,tab1a22-23-final,coal-statistics-download-excel-7,coal_statistics,Download Excel,https://coal.gov.in/sites/default/files/2024-03/cdchap6.xlsx
source_reference,"{""0"": ""NLCL_1A"", ""1"": ""Mine-1A"", ""2"": null, ""3"": ""TN"", ""4"": ""L"", ""5"": 85.2, ""6"": 25.12, ""7"": 1.67, ""8"": 0, ""9"": 58.21, ""10"": 0, ""11"": 0, ""12"": 0, ""13"": 170.20000000000002, ""14"": ""pub"", ""15"": ""ncpt"", ""16"": 0, ""19"": null, ""20"": null}",187,tab1a22-23-final,coal-statistics-download-excel-7,coal_statistics,Download Excel,https://coal.gov.in/sites/default/files/2024-03/cdchap6.xlsx
source_reference,"{""0"": ""NLCL_B"", ""1"": ""Barsingsar"", ""2"": null, ""3"": ""RAJ"", ""4"": ""L"", ""5"": 28.0876265, ""6"": 5.8346825, ""7"": 0.4054962, ""8"": 0, ""9"": 6.6994708, ""10"": 0, ""11"": 6.9615536, ""12"": 70.6827188, ""13"": 118.6715484, ""14"": ""pub"", ""15"": ""ncpt"", ""16"": 0, ""19"": null, ""20"": null}",188,tab1a22-23-final,coal-statistics-download-excel-7,coal_statistics,Download Excel,https://coal.gov.in/sites/default/files/2024-03/cdchap6.xlsx
source_reference,"{""0"": ""NLCL_I"", ""1"": ""Mine-I"", ""2"": null, ""3"": ""TN"", ""4"": ""L"", ""5"": 85.203808653, ""6"": 25.12, ""7"": 1.67, ""8"": 0, ""9"": 58.21, ""10"": 0, ""11"": 0, ""12"": 0, ""13"": 170.203808653, ""14"": ""pub"", ""15"": ""ncpt"", ""16"": 0, ""19"": null, ""20"": null}",189,tab1a22-23-final,coal-statistics-download-excel-7,coal_statistics,Download Excel,https://coal.gov.in/sites/default/files/2024-03/cdchap6.xlsx
source_reference,"{""0"": ""NLCL_II"", ""1"": ""Mine_II"", ""2"": null, ""3"": ""TN"", ""4"": ""L"", ""5"": 123.379236699, ""6"": 37.013770913, ""7"": 2.467584694, ""8"": 0, ""9"": 0, ""10"": 0, ""11"": 0, ""12"": 0, ""13"": 162.86059230600003, ""14"": ""pub"", ""15"": ""ncpt"", ""16"": 0, ""19"": null, ""20"": null}",190,tab1a22-23-final,coal-statistics-download-excel-7,coal_statistics,Download Excel,https://coal.gov.in/sites/default/files/2024-03/cdchap6.xlsx
source_reference,"{""0"": ""RSMML"", ""1"": ""Giral, Matasukh, Sonari"", ""2"": null, ""3"": ""RAJ"", ""4"": ""L"", ""5"": 26.7227276, ""6"": 8.0168053, ""7"": 0.5344353, ""8"": 0, ""9"": 48.3174684, ""10"": 0, ""11"": 24.0326269, ""12"": 0, ""13"": 107.6240635, ""14"": ""pub"", ""15"": ""capt"", ""16"": 0, ""19"": null, ""20"": null}",191,tab1a22-23-final,coal-statistics-download-excel-7,coal_statistics,Download Excel,https://coal.gov.in/sites/default/files/2024-03/cdchap6.xlsx
source_reference,"{""0"": ""VSLPPL"", ""1"": ""Gurha East Mine"", ""2"": null, ""3"": ""RAJ"", ""4"": ""L"", ""5"": 8.1220161, ""6"": 4.4167413, ""7"": 2.4366049, ""8"": 0.1624405, ""9"": 12.7875528, ""10"": 2.3109026, ""11"": 2.3109026, ""12"": 0, ""13"": 32.5471608, ""14"": ""pvt"", ""15"": ""capt"", ""16"": 0, ""19"": null, ""20"": null}",192,tab1a22-23-final,coal-statistics-download-excel-7,coal_statistics,Download Excel,https://coal.gov.in/sites/default/files/2024-03/cdchap6.xlsx
source_reference,"{""0"": ""TOTAL"", ""1"": null, ""2"": null, ""3"": null, ""4"": ""L"", ""5"": 631.985109573, ""6"": 188.101808254, ""7"": 14.771356512699999, ""8"": 873.595699455, ""9"": 741.53251282, ""10"": 117.61742099199999, ""11"": 148.61160149199998, ""12"": 71.5820511, ""13"": 2787.7975601987, ""14"": null, ""15"": null, ""16"": 0, ""19"": null, ""20"": null}",193,tab1a22-23-final,coal-statistics-download-excel-7,coal_statistics,Download Excel,https://coal.gov.in/sites/default/files/2024-03/cdchap6.xlsx
source_reference,"{""0"": ""STATEWISE LIGNITE "", ""1"": null, ""2"": null, ""3"": null, ""4"": null, ""5"": null, ""6"": null, ""7"": null, ""8"": null, ""9"": null, ""10"": null, ""11"": null, ""12"": null, ""13"": null, ""14"": null, ""15"": null, ""16"": null, ""19"": null, ""20"": null}",194,tab1a22-23-final,coal-statistics-download-excel-7,coal_statistics,Download Excel,https://coal.gov.in/sites/default/files/2024-03/cdchap6.xlsx
source_reference,"{""0"": null, ""1"": null, ""2"": null, ""3"": ""GUJ"", ""4"": ""L"", ""5"": 181.51872652099996, ""6"": 54.454517941, ""7"": 3.7122161187000002, ""8"": 844.823159355, ""9"": 312.31916322, ""10"": 73.149833292, ""11"": 73.149833292, ""12"": 0.8993323, ""13"": 1544.0267820397, ""14"": null, ""15"": null, ""16"": 0, ""19"": null, ""20"": null}",195,tab1a22-23-final,coal-statistics-download-excel-7,coal_statistics,Download Excel,https://coal.gov.in/sites/default/files/2024-03/cdchap6.xlsx
source_reference,"{""0"": null, ""1"": null, ""2"": null, ""3"": ""TN"", ""4"": ""L"", ""5"": 293.783045352, ""6"": 87.25377091300001, ""7"": 5.807584694, ""8"": 0, ""9"": 116.42, ""10"": 0, ""11"": 0, ""12"": 0, ""13"": 503.2644009590001, ""14"": null, ""15"": null, ""16"": 0, ""19"": null, ""20"": null}",196,tab1a22-23-final,coal-statistics-download-excel-7,coal_statistics,Download Excel,https://coal.gov.in/sites/default/files/2024-03/cdchap6.xlsx
source_reference,"{""0"": null, ""1"": null, ""2"": null, ""3"": ""RAJ"", ""4"": ""L"", ""5"": 156.6833377, ""6"": 46.3935194, ""7"": 5.2515557, ""8"": 28.7725401, ""9"": 312.7933496, ""10"": 44.467587699999996, ""11"": 75.4617682, ""12"": 70.6827188, ""13"": 740.5063772, ""14"": null, ""15"": null, ""16"": 0, ""19"": null, ""20"": null}",197,tab1a22-23-final,coal-statistics-download-excel-7,coal_statistics,Download Excel,https://coal.gov.in/sites/default/files/2024-03/cdchap6.xlsx
source_reference,"{""0"": null, ""1"": null, ""2"": null, ""3"": null, ""4"": null, ""5"": 631.9851095729999, ""6"": 188.10180825400002, ""7"": 14.771356512699999, ""8"": 873.595699455, ""9"": 741.53251282, ""10"": 117.61742099199999, ""11"": 148.61160149199998, ""12"": 71.5820511, ""13"": 2787.7975601987, ""14"": null, ""15"": null, ""16"": 0, ""19"": null, ""20"": null}",198,tab1a22-23-final,coal-statistics-download-excel-7,coal_statistics,Download Excel,https://coal.gov.in/sites/default/files/2024-03/cdchap6.xlsx
source_reference,"{""0"": ""differ company into state"", ""1"": null, ""2"": null, ""3"": null, ""4"": null, ""5"": 0, ""6"": 0, ""7"": 0, ""8"": 0, ""9"": 0, ""10"": 0, ""11"": 0, ""12"": 0, ""13"": 0, ""14"": null, ""15"": null, ""16"": null, ""19"": null, ""20"": null}",199,tab1a22-23-final,coal-statistics-download-excel-7,coal_statistics,Download Excel,https://coal.gov.in/sites/default/files/2024-03/cdchap6.xlsx
source_reference,"{""0"": null, ""1"": null, ""2"": null, ""3"": ""FOR  COAL"", ""4"": null, ""5"": null, ""6"": null, ""7"": null, ""8"": null, ""9"": null, ""10"": null, ""11"": null, ""12"": null, ""13"": null, ""14"": null, ""15"": null, ""16"": null, ""19"": null, ""20"": null}",200,tab1a22-23-final,coal-statistics-download-excel-7,coal_statistics,Download Excel,https://coal.gov.in/sites/default/files/2024-03/cdchap6.xlsx
source_reference,"{""0"": null, ""1"": null, ""2"": null, ""3"": ""pub"", ""4"": ""ncpt"", ""5"": 20062.856888000002, ""6"": 4734.272417412998, ""7"": 304.3612316, ""8"": 10219.21, ""9"": 30220.3427567, ""10"": 2114.1177182, ""11"": 2347.4106179999994, ""12"": 6.24, ""13"": 70008.811629913, ""14"": null, ""15"": null, ""16"": null, ""19"": null, ""20"": null}",201,tab1a22-23-final,coal-statistics-download-excel-7,coal_statistics,Download Excel,https://coal.gov.in/sites/default/files/2024-03/cdchap6.xlsx
source_reference,"{""0"": null, ""1"": null, ""2"": null, ""3"": ""pub"", ""4"": ""capt"", ""5"": 1574.7770181010003, ""6"": 308.57538224499996, ""7"": 27.286019802999995, ""8"": 278.31531670000004, ""9"": 1522.00799976, ""10"": 641.2863608480001, ""11"": 235.56428524599997, ""12"": 0, ""13"": 4587.8123827029995, ""14"": null, ""15"": null, ""16"": null, ""19"": null, ""20"": null}",202,tab1a22-23-final,coal-statistics-download-excel-7,coal_statistics,Download Excel,https://coal.gov.in/sites/default/files/2024-03/cdchap6.xlsx
source_reference,"{""0"": null, ""1"": null, ""2"": null, ""3"": ""Total Public"", ""4"": null, ""5"": 21637.633906101004, ""6"": 5042.847799657998, ""7"": 331.647251403, ""8"": 10497.5253167, ""9"": 31742.35075646, ""10"": 2755.4040790480003, ""11"": 2582.9749032459995, ""12"": 6.24, ""13"": 74596.624012616, ""14"": null, ""15"": null, ""16"": null, ""19"": null, ""20"": null}",203,tab1a22-23-final,coal-statistics-download-excel-7,coal_statistics,Download Excel,https://coal.gov.in/sites/default/files/2024-03/cdchap6.xlsx
source_reference,"{""0"": null, ""1"": null, ""2"": null, ""3"": ""pvt"", ""4"": ""ncpt"", ""5"": 344.30302789999996, ""6"": 103.2889081, ""7"": 6.88492605, ""8"": 6.05492605, ""9"": 158.7177212, ""10"": 40.9026077, ""11"": 40.9026077, ""12"": 0, ""13"": 701.0547246999998, ""14"": null, ""15"": null, ""16"": null, ""19"": null, ""20"": null}",204,tab1a22-23-final,coal-statistics-download-excel-7,coal_statistics,Download Excel,https://coal.gov.in/sites/default/files/2024-03/cdchap6.xlsx
source_reference,"{""0"": null, ""1"": null, ""2"": null, ""3"": ""pvt"", ""4"": ""capt"", ""5"": 488.579403292, ""6"": 92.53686199599998, ""7"": 10.503936336, ""8"": 208.3642656, ""9"": 68.97981440000001, ""10"": 162.14093758200002, ""11"": 155.45984448200002, ""12"": 0, ""13"": 1186.5650636880002, ""14"": null, ""15"": null, ""16"": null, ""19"": null, ""20"": null}",205,tab1a22-23-final,coal-statistics-download-excel-7,coal_statistics,Download Excel,https://coal.gov.in/sites/default/files/2024-03/cdchap6.xlsx
source_reference,"{""0"": null, ""1"": null, ""2"": null, ""3"": ""Total Private"", ""4"": null, ""5"": 832.882431192, ""6"": 195.82577009599999, ""7"": 17.388862386, ""8"": 214.41919165000002, ""9"": 227.6975356, ""10"": 203.04354528200003, ""11"": 196.36245218200003, ""12"": 0, ""13"": 1887.619788388, ""14"": null, ""15"": null, ""16"": null, ""19"": null, ""20"": null}",206,tab1a22-23-final,coal-statistics-download-excel-7,coal_statistics,Download Excel,https://coal.gov.in/sites/default/files/2024-03/cdchap6.xlsx
source_reference,"{""0"": null, ""1"": null, ""2"": null, ""3"": ""Total Non Captive"", ""4"": null, ""5"": 20407.159915900003, ""6"": 4837.561325512998, ""7"": 311.24615765, ""8"": 10225.264926049998, ""9"": 30379.0604779, ""10"": 2155.0203259, ""11"": 2388.3132256999993, ""12"": 6.24, ""13"": 70709.86635461301, ""14"": null, ""15"": null, ""16"": null, ""19"": null, ""20"": null}",207,tab1a22-23-final,coal-statistics-download-excel-7,coal_statistics,Download Excel,https://coal.gov.in/sites/default/files/2024-03/cdchap6.xlsx
source_reference,"{""0"": null, ""1"": null, ""2"": null, ""3"": ""Total Captive"", ""4"": null, ""5"": 2063.3564213930003, ""6"": 401.1122442409999, ""7"": 37.789956139, ""8"": 486.67958230000005, ""9"": 1590.9878141600002, ""10"": 803.4272984300001, ""11"": 391.024129728, ""12"": 0, ""13"": 5774.3774463909995, ""14"": null, ""15"": null, ""16"": null, ""19"": null, ""20"": null}",208,tab1a22-23-final,coal-statistics-download-excel-7,coal_statistics,Download Excel,https://coal.gov.in/sites/default/files/2024-03/cdchap6.xlsx
source_reference,"{""0"": null, ""1"": null, ""2"": null, ""3"": ""Grand Total"", ""4"": null, ""5"": 22470.516337293004, ""6"": 5238.673569753998, ""7"": 349.03611378899996, ""8"": 10711.944508349998, ""9"": 31970.048292059997, ""10"": 2958.44762433, ""11"": 2779.3373554279992, ""12"": 6.24, ""13"": 76484.243801004, ""14"": null, ""15"": null, ""16"": null, ""19"": null, ""20"": null}",209,tab1a22-23-final,coal-statistics-download-excel-7,coal_statistics,Download Excel,https://coal.gov.in/sites/default/files/2024-03/cdchap6.xlsx
source_reference,"{""0"": null, ""1"": null, ""2"": null, ""3"": ""FOR  LIGNITE"", ""4"": null, ""5"": null, ""6"": null, ""7"": null, ""8"": null, ""9"": null, ""10"": null, ""11"": null, ""12"": null, ""13"": null, ""14"": null, ""15"": null, ""16"": null, ""19"": null, ""20"": null}",210,tab1a22-23-final,coal-statistics-download-excel-7,coal_statistics,Download Excel,https://coal.gov.in/sites/default/files/2024-03/cdchap6.xlsx
source_reference,"{""0"": null, ""1"": null, ""2"": null, ""3"": ""pub"", ""4"": ""ncpt"", ""5"": 321.870671852, ""6"": 93.088453413, ""7"": 6.213080894, ""8"": 0, ""9"": 123.11947080000002, ""10"": 0, ""11"": 6.9615536, ""12"": 70.6827188, ""13"": 621.9359493590001, ""14"": null, ""15"": null, ""16"": null, ""19"": null, ""20"": null}",211,tab1a22-23-final,coal-statistics-download-excel-7,coal_statistics,Download Excel,https://coal.gov.in/sites/default/files/2024-03/cdchap6.xlsx
source_reference,"{""0"": null, ""1"": null, ""2"": null, ""3"": ""pub"", ""4"": ""capt"", ""5"": 290.340671021, ""6"": 87.10115784099999, ""7"": 5.8886404187, ""8"": 473.375410955, ""9"": 542.83492912, ""10"": 105.88132879199999, ""11"": 129.913955692, ""12"": 0.8993323, ""13"": 1636.2354261397002, ""14"": null, ""15"": null, ""16"": null, ""19"": null, ""20"": null}",212,tab1a22-23-final,coal-statistics-download-excel-7,coal_statistics,Download Excel,https://coal.gov.in/sites/default/files/2024-03/cdchap6.xlsx
source_reference,"{""0"": null, ""1"": null, ""2"": null, ""3"": ""Total Public"", ""4"": null, ""5"": 612.2113428729999, ""6"": 180.189611254, ""7"": 12.1017213127, ""8"": 473.375410955, ""9"": 665.95439992, ""10"": 105.88132879199999, ""11"": 136.875509292, ""12"": 71.5820511, ""13"": 2258.1713754987004, ""14"": null, ""15"": null, ""16"": null, ""19"": null, ""20"": null}",213,tab1a22-23-final,coal-statistics-download-excel-7,coal_statistics,Download Excel,https://coal.gov.in/sites/default/files/2024-03/cdchap6.xlsx
source_reference,"{""0"": null, ""1"": null, ""2"": null, ""3"": ""pvt"", ""4"": ""ncpt"", ""5"": 0, ""6"": 0, ""7"": 0, ""8"": 0, ""9"": 0, ""10"": 0, ""11"": 0, ""12"": 0, ""13"": 0, ""14"": null, ""15"": null, ""16"": null, ""19"": null, ""20"": null}",214,tab1a22-23-final,coal-statistics-download-excel-7,coal_statistics,Download Excel,https://coal.gov.in/sites/default/files/2024-03/cdchap6.xlsx
source_reference,"{""0"": null, ""1"": null, ""2"": null, ""3"": ""pvt"", ""4"": ""capt"", ""5"": 19.7737667, ""6"": 7.912197, ""7"": 2.6696351999999997, ""8"": 400.2202885, ""9"": 75.57811290000001, ""10"": 11.736092200000002, ""11"": 11.736092200000002, ""12"": 0, ""13"": 529.6261847000001, ""14"": null, ""15"": null, ""16"": null, ""19"": null, ""20"": null}",215,tab1a22-23-final,coal-statistics-download-excel-7,coal_statistics,Download Excel,https://coal.gov.in/sites/default/files/2024-03/cdchap6.xlsx
source_reference,"{""0"": null, ""1"": null, ""2"": null, ""3"": ""Total Private"", ""4"": null, ""5"": 19.7737667, ""6"": 7.912197, ""7"": 2.6696351999999997, ""8"": 400.2202885, ""9"": 75.57811290000001, ""10"": 11.736092200000002, ""11"": 11.736092200000002, ""12"": 0, ""13"": 529.6261847000001, ""14"": null, ""15"": null, ""16"": null, ""19"": null, ""20"": null}",216,tab1a22-23-final,coal-statistics-download-excel-7,coal_statistics,Download Excel,https://coal.gov.in/sites/default/files/2024-03/cdchap6.xlsx
source_reference,"{""0"": null, ""1"": null, ""2"": null, ""3"": ""Total Non Captive"", ""4"": null, ""5"": 321.870671852, ""6"": 93.088453413, ""7"": 6.213080894, ""8"": 0, ""9"": 123.11947080000002, ""10"": 0, ""11"": 6.9615536, ""12"": 70.6827188, ""13"": 621.9359493590001, ""14"": null, ""15"": null, ""16"": null, ""19"": null, ""20"": null}",217,tab1a22-23-final,coal-statistics-download-excel-7,coal_statistics,Download Excel,https://coal.gov.in/sites/default/files/2024-03/cdchap6.xlsx
source_reference,"{""0"": null, ""1"": null, ""2"": null, ""3"": ""Total Captive"", ""4"": null, ""5"": 310.114437721, ""6"": 95.013354841, ""7"": 8.5582756187, ""8"": 873.5956994549999, ""9"": 618.4130420199999, ""10"": 117.61742099199999, ""11"": 141.650047892, ""12"": 0.8993323, ""13"": 2165.8616108397, ""14"": null, ""15"": null, ""16"": null, ""19"": null, ""20"": null}",218,tab1a22-23-final,coal-statistics-download-excel-7,coal_statistics,Download Excel,https://coal.gov.in/sites/default/files/2024-03/cdchap6.xlsx
source_reference,"{""0"": null, ""1"": null, ""2"": null, ""3"": ""Grand Total"", ""4"": null, ""5"": 631.985109573, ""6"": 188.101808254, ""7"": 14.771356512699999, ""8"": 873.5956994549999, ""9"": 741.53251282, ""10"": 117.61742099199999, ""11"": 148.611601492, ""12"": 71.5820511, ""13"": 2787.7975601987, ""14"": null, ""15"": null, ""16"": null, ""19"": null, ""20"": null}",219,tab1a22-23-final,coal-statistics-download-excel-7,coal_statistics,Download Excel,https://coal.gov.in/sites/default/files/2024-03/cdchap6.xlsx
source_reference,"{""0"": null, ""1"": null, ""2"": ""CHG"", ""3"": ""Chhattisgarh"", ""4"": ""CIL"", ""5"": 2921.37, ""6"": 804.76, ""7"": 53.61, ""8"": 1148.86, ""9"": 5981.21, ""10"": 330.48, ""11"": 330.48, ""12"": 0, ""13"": 11570.769999999997, ""14"": null, ""15"": null, ""16"": null, ""19"": null, ""20"": null}",220,tab1a22-23-final,coal-statistics-download-excel-7,coal_statistics,Download Excel,https://coal.gov.in/sites/default/files/2024-03/cdchap6.xlsx
source_reference,"{""0"": null, ""1"": null, ""2"": ""CHG"", ""3"": null, ""4"": ""Non-CIL"", ""5"": 421.346940064, ""6"": 42.386693996, ""7"": 6.006442080999999, ""8"": 208.18429, ""9"": 506.68652256000007, ""10"": 133.098250983, ""11"": 116.575746881, ""12"": 0, ""13"": 1434.284886565, ""14"": null, ""15"": null, ""16"": null, ""19"": null, ""20"": null}",221,tab1a22-23-final,coal-statistics-download-excel-7,coal_statistics,Download Excel,https://coal.gov.in/sites/default/files/2024-03/cdchap6.xlsx
source_reference,"{""0"": null, ""1"": null, ""2"": ""CHG"", ""3"": null, ""4"": ""Total"", ""5"": 3342.716940064, ""6"": 847.146693996, ""7"": 59.616442081, ""8"": 1357.0442899999998, ""9"": 6487.89652256, ""10"": 463.57825098300003, ""11"": 447.055746881, ""12"": 0, ""13"": 13005.054886564996, ""14"": null, ""15"": null, ""16"": null, ""19"": null, ""20"": null}",222,tab1a22-23-final,coal-statistics-download-excel-7,coal_statistics,Download Excel,https://coal.gov.in/sites/default/files/2024-03/cdchap6.xlsx
source_reference,"{""0"": null, ""1"": null, ""2"": ""JKD"", ""3"": ""Jharkhand"", ""4"": ""CIL"", ""5"": 3811.6800000000003, ""6"": 1120.54, ""7"": 78.78, ""8"": 761, ""9"": 4320.64, ""10"": 590.94, ""11"": 579.24, ""12"": 6.24, ""13"": 11269.060000000001, ""14"": null, ""15"": null, ""16"": null, ""19"": null, ""20"": null}",223,tab1a22-23-final,coal-statistics-download-excel-7,coal_statistics,Download Excel,https://coal.gov.in/sites/default/files/2024-03/cdchap6.xlsx
source_reference,"{""0"": null, ""1"": null, ""2"": ""JKD"", ""3"": null, ""4"": ""Non-CIL"", ""5"": 915.873628663, ""6"": 274.267960888, ""7"": 18.315017041999997, ""8"": 38.468932349999996, ""9"": 231.2460427, ""10"": 536.6627535, ""11"": 120.53767690000001, ""12"": 0, ""13"": 2135.372012043, ""14"": null, ""15"": null, ""16"": null, ""19"": null, ""20"": null}",224,tab1a22-23-final,coal-statistics-download-excel-7,coal_statistics,Download Excel,https://coal.gov.in/sites/default/files/2024-03/cdchap6.xlsx
source_reference,"{""0"": null, ""1"": null, ""2"": ""JKD"", ""3"": ""Sub-Total Jharkhand"", ""4"": ""Total"", ""5"": 4727.553628663, ""6"": 1394.807960888, ""7"": 97.095017042, ""8"": 799.46893235, ""9"": 4551.8860427, ""10"": 1127.6027535, ""11"": 699.7776769, ""12"": 6.24, ""13"": 13404.432012043002, ""14"": null, ""15"": null, ""16"": null, ""19"": null, ""20"": null}",225,tab1a22-23-final,coal-statistics-download-excel-7,coal_statistics,Download Excel,https://coal.gov.in/sites/default/files/2024-03/cdchap6.xlsx
source_reference,"{""0"": null, ""1"": null, ""2"": ""J&K"", ""3"": ""J & K"", ""4"": ""CIL"", ""5"": 0, ""6"": 0, ""7"": 0, ""8"": 0, ""9"": 0, ""10"": 0, ""11"": 0, ""12"": 0, ""13"": 0, ""14"": null, ""15"": null, ""16"": null, ""19"": null, ""20"": null}",226,tab1a22-23-final,coal-statistics-download-excel-7,coal_statistics,Download Excel,https://coal.gov.in/sites/default/files/2024-03/cdchap6.xlsx
source_reference,"{""0"": null, ""1"": null, ""2"": ""J&K"", ""3"": null, ""4"": ""Non-CIL"", ""5"": 0, ""6"": 0, ""7"": 0, ""8"": 0, ""9"": 0, ""10"": 0.245792, ""11"": 0.245792, ""12"": 0, ""13"": 0.491584, ""14"": null, ""15"": null, ""16"": null, ""19"": null, ""20"": null}",227,tab1a22-23-final,coal-statistics-download-excel-7,coal_statistics,Download Excel,https://coal.gov.in/sites/default/files/2024-03/cdchap6.xlsx
source_reference,"{""0"": null, ""1"": null, ""2"": ""J&K"", ""3"": ""Sub-Total Odisha"", ""4"": ""Total"", ""5"": 0, ""6"": 0, ""7"": 0, ""8"": 0, ""9"": 0, ""10"": 0.245792, ""11"": 0.245792, ""12"": 0, ""13"": 0.491584, ""14"": null, ""15"": null, ""16"": null, ""19"": null, ""20"": null}",228,tab1a22-23-final,coal-statistics-download-excel-7,coal_statistics,Download Excel,https://coal.gov.in/sites/default/files/2024-03/cdchap6.xlsx
source_reference,"{""0"": null, ""1"": null, ""2"": ""ODI"", ""3"": ""Odisha"", ""4"": ""CIL"", ""5"": 3607.86, ""6"": 1086.25, ""7"": 71.68, ""8"": 5250, ""9"": 7675.51, ""10"": 427.22, ""11"": 427.22, ""12"": 0, ""13"": 18545.740000000005, ""14"": null, ""15"": null, ""16"": null, ""19"": null, ""20"": null}",229,tab1a22-23-final,coal-statistics-download-excel-7,coal_statistics,Download Excel,https://coal.gov.in/sites/default/files/2024-03/cdchap6.xlsx
source_reference,"{""0"": null, ""1"": null, ""2"": ""ODI"", ""3"": null, ""4"": ""Non-CIL"", ""5"": 530.0160676, ""6"": 77.03777, ""7"": 8.8650185, ""8"": 246.011286, ""9"": 779.7095484, ""10"": 67.2215867, ""11"": 84.7206777, ""12"": 0, ""13"": 1793.5819549000003, ""14"": null, ""15"": null, ""16"": null, ""19"": null, ""20"": null}",230,tab1a22-23-final,coal-statistics-download-excel-7,coal_statistics,Download Excel,https://coal.gov.in/sites/default/files/2024-03/cdchap6.xlsx
source_reference,"{""0"": null, ""1"": null, ""2"": ""ODI"", ""3"": ""Sub-Total Odisha"", ""4"": ""Total"", ""5"": 4137.8760676, ""6"": 1163.28777, ""7"": 80.54501850000001, ""8"": 5496.011286, ""9"": 8455.2195484, ""10"": 494.4415867, ""11"": 511.94067770000004, ""12"": 0, ""13"": 20339.321954900006, ""14"": null, ""15"": null, ""16"": null, ""19"": null, ""20"": null}",231,tab1a22-23-final,coal-statistics-download-excel-7,coal_statistics,Download Excel,https://coal.gov.in/sites/default/files/2024-03/cdchap6.xlsx
source_reference,"{""0"": null, ""1"": null, ""2"": ""MP"", ""3"": ""Madhya Pradesh"", ""4"": ""CIL"", ""5"": 2587.8586505000003, ""6"": 779.9662857999999, ""7"": 52.2093553, ""8"": 2439.26, ""9"": 4956.630960699999, ""10"": 313.00500569999997, ""11"": 330.4227888, ""12"": 0, ""13"": 11459.353046799999, ""14"": null, ""15"": null, ""16"": null, ""19"": null, ""20"": null}",232,tab1a22-23-final,coal-statistics-download-excel-7,coal_statistics,Download Excel,https://coal.gov.in/sites/default/files/2024-03/cdchap6.xlsx
source_reference,"{""0"": null, ""1"": null, ""2"": ""MP"", ""3"": null, ""4"": ""Non-CIL"", ""5"": 310.721968666, ""6"": 74.54147635700001, ""7"": 6.928428966, ""8"": 0, ""9"": 57.580828800000006, ""10"": 42.906183009, ""11"": 42.906183009, ""12"": 0, ""13"": 535.5850688069997, ""14"": null, ""15"": null, ""16"": null, ""19"": null, ""20"": null}",233,tab1a22-23-final,coal-statistics-download-excel-7,coal_statistics,Download Excel,https://coal.gov.in/sites/default/files/2024-03/cdchap6.xlsx
source_reference,"{""0"": null, ""1"": ""J&K"", ""2"": ""MP"", ""3"": ""Sub-Total Madhya Pradesh"", ""4"": ""Total"", ""5"": 2898.5806191660004, ""6"": 854.5077621569999, ""7"": 59.137784266, ""8"": 2439.26, ""9"": 5014.211789499999, ""10"": 355.911188709, ""11"": 373.328971809, ""12"": 0, ""13"": 11994.938115607, ""14"": null, ""15"": null, ""16"": null, ""19"": null, ""20"": null}",234,tab1a22-23-final,coal-statistics-download-excel-7,coal_statistics,Download Excel,https://coal.gov.in/sites/default/files/2024-03/cdchap6.xlsx
source_reference,"{""0"": null, ""1"": null, ""2"": ""MAH"", ""3"": ""Maharashtra"", ""4"": ""CIL"", ""5"": 1847.392028, ""6"": 554.2177851, ""7"": 36.9495821, ""8"": 0, ""9"": 2342.4189004, ""10"": 0.5684092, ""11"": 227.2092495, ""12"": 0, ""13"": 5008.7559543, ""14"": null, ""15"": null, ""16"": null, ""19"": null, ""20"": null}",235,tab1a22-23-final,coal-statistics-download-excel-7,coal_statistics,Download Excel,https://coal.gov.in/sites/default/files/2024-03/cdchap6.xlsx
source_reference,"{""0"": null, ""1"": null, ""2"": ""MAH"", ""3"": null, ""4"": ""Non-CIL"", ""5"": 43.3247003, ""6"": 4.2546384999999995, ""7"": 0.8324547999999999, ""8"": 0.07, ""9"": 44.1294767, ""10"": 17.285677537999998, ""11"": 17.285677537999998, ""12"": 0, ""13"": 127.182625376, ""14"": null, ""15"": null, ""16"": null, ""19"": null, ""20"": null}",236,tab1a22-23-final,coal-statistics-download-excel-7,coal_statistics,Download Excel,https://coal.gov.in/sites/default/files/2024-03/cdchap6.xlsx
source_reference,"{""0"": null, ""1"": null, ""2"": ""MAH"", ""3"": ""Sub Total Maharashtra"", ""4"": ""Total"", ""5"": 1890.7167282999999, ""6"": 558.4724236000001, ""7"": 37.7820369, ""8"": 0.07, ""9"": 2386.5483771, ""10"": 17.854086738, ""11"": 244.494927038, ""12"": 0, ""13"": 5135.938579676, ""14"": null, ""15"": null, ""16"": null, ""19"": null, ""20"": null}",237,tab1a22-23-final,coal-statistics-download-excel-7,coal_statistics,Download Excel,https://coal.gov.in/sites/default/files/2024-03/cdchap6.xlsx
source_reference,"{""0"": null, ""1"": null, ""2"": ""AP"", ""3"": ""Andhra Pradesh"", ""4"": ""CIL"", ""5"": 0, ""6"": 0, ""7"": 0, ""8"": 0, ""9"": 0, ""10"": 0, ""11"": 0, ""12"": 0, ""13"": 0, ""14"": null, ""15"": null, ""16"": null, ""19"": null, ""20"": null}",238,tab1a22-23-final,coal-statistics-download-excel-7,coal_statistics,Download Excel,https://coal.gov.in/sites/default/files/2024-03/cdchap6.xlsx
source_reference,"{""0"": null, ""1"": null, ""2"": ""AP"", ""3"": null, ""4"": ""Non-CIL"", ""5"": 0, ""6"": 0, ""7"": 0, ""8"": 0, ""9"": 0, ""10"": 0, ""11"": 0, ""12"": 0, ""13"": 0, ""14"": null, ""15"": null, ""16"": null, ""19"": null, ""20"": null}",239,tab1a22-23-final,coal-statistics-download-excel-7,coal_statistics,Download Excel,https://coal.gov.in/sites/default/files/2024-03/cdchap6.xlsx
source_reference,"{""0"": null, ""1"": null, ""2"": ""AP"", ""3"": null, ""4"": ""Total"", ""5"": 0, ""6"": 0, ""7"": 0, ""8"": 0, ""9"": 0, ""10"": 0, ""11"": 0, ""12"": 0, ""13"": 0, ""14"": null, ""15"": null, ""16"": null, ""19"": null, ""20"": null}",240,tab1a22-23-final,coal-statistics-download-excel-7,coal_statistics,Download Excel,https://coal.gov.in/sites/default/files/2024-03/cdchap6.xlsx
source_reference,"{""0"": null, ""1"": null, ""2"": ""TLNG"", ""3"": ""Telangana"", ""4"": ""CIL"", ""5"": 0, ""6"": 0, ""7"": 0, ""8"": 0, ""9"": 0, ""10"": 0, ""11"": 0, ""12"": 0, ""13"": 0, ""14"": null, ""15"": null, ""16"": null, ""19"": null, ""20"": null}",241,tab1a22-23-final,coal-statistics-download-excel-7,coal_statistics,Download Excel,https://coal.gov.in/sites/default/files/2024-03/cdchap6.xlsx
source_reference,"{""0"": null, ""1"": null, ""2"": ""TLNG"", ""3"": null, ""4"": ""Non-CIL"", ""5"": 4845.6581347, ""6"": 230.47581350000002, ""7"": 2.3731627, ""8"": 349.09, ""9"": 2384.27, ""10"": 366.6492321, ""11"": 363.6692321, ""12"": 0, ""13"": 8542.1855751, ""14"": null, ""15"": null, ""16"": null, ""19"": null, ""20"": null}",242,tab1a22-23-final,coal-statistics-download-excel-7,coal_statistics,Download Excel,https://coal.gov.in/sites/default/files/2024-03/cdchap6.xlsx
source_reference,"{""0"": null, ""1"": null, ""2"": ""TLNG"", ""3"": ""Sub Total Telangana"", ""4"": ""Total"", ""5"": 4845.6581347, ""6"": 230.47581350000002, ""7"": 2.3731627, ""8"": 349.09, ""9"": 2384.27, ""10"": 366.6492321, ""11"": 363.6692321, ""12"": 0, ""13"": 8542.1855751, ""14"": null, ""15"": null, ""16"": null, ""19"": null, ""20"": null}",243,tab1a22-23-final,coal-statistics-download-excel-7,coal_statistics,Download Excel,https://coal.gov.in/sites/default/files/2024-03/cdchap6.xlsx
source_reference,"{""0"": null, ""1"": null, ""2"": ""WB"", ""3"": ""West Bengal"", ""4"": ""CIL"", ""5"": 16.3, ""6"": 4.89, ""7"": 0.32, ""8"": 271, ""9"": 1720.72, ""10"": 28.7, ""11"": 28.69, ""12"": 0, ""13"": 2070.6200000000003, ""14"": null, ""15"": null, ""16"": null, ""19"": null, ""20"": null}",244,tab1a22-23-final,coal-statistics-download-excel-7,coal_statistics,Download Excel,https://coal.gov.in/sites/default/files/2024-03/cdchap6.xlsx
source_reference,"{""0"": null, ""1"": null, ""2"": ""WB"", ""3"": null, ""4"": ""Non-CIL"", ""5"": 1.8622503, ""6"": 0.290072, ""7"": 0.037243, ""8"": 0, ""9"": 50.559765, ""10"": 23.1858188, ""11"": 29.8554162, ""12"": 0, ""13"": 105.7905653, ""14"": null, ""15"": null, ""16"": null, ""19"": null, ""20"": null}",245,tab1a22-23-final,coal-statistics-download-excel-7,coal_statistics,Download Excel,https://coal.gov.in/sites/default/files/2024-03/cdchap6.xlsx
source_reference,"{""0"": null, ""1"": null, ""2"": ""WB"", ""3"": ""Sub Total West Bengal"", ""4"": ""Total"", ""5"": 18.1622503, ""6"": 5.180072, ""7"": 0.357243, ""8"": 271, ""9"": 1771.279765, ""10"": 51.885818799999996, ""11"": 58.545416200000005, ""12"": 0, ""13"": 2176.4105653, ""14"": null, ""15"": null, ""16"": null, ""19"": null, ""20"": null}",246,tab1a22-23-final,coal-statistics-download-excel-7,coal_statistics,Download Excel,https://coal.gov.in/sites/default/files/2024-03/cdchap6.xlsx
source_reference,"{""0"": null, ""1"": null, ""2"": ""ASM"", ""3"": ""Assam"", ""4"": ""CIL"", ""5"": 25.3854685, ""6"": 7.378273613, ""7"": 0.5077093, ""8"": 0, ""9"": 7.2493468, ""10"": 6.3448148, ""11"": 6.3448148, ""12"": 0, ""13"": 53.210427813, ""14"": null, ""15"": null, ""16"": null, ""19"": null, ""20"": null}",247,tab1a22-23-final,coal-statistics-download-excel-7,coal_statistics,Download Excel,https://coal.gov.in/sites/default/files/2024-03/cdchap6.xlsx
source_reference,"{""0"": null, ""1"": null, ""2"": ""ASM"", ""3"": null, ""4"": ""Non-CIL"", ""5"": 0, ""6"": 0, ""7"": 0, ""8"": 0, ""9"": 0, ""10"": 0, ""11"": 0, ""12"": 0, ""13"": 0, ""14"": null, ""15"": null, ""16"": null, ""19"": null, ""20"": null}",248,tab1a22-23-final,coal-statistics-download-excel-7,coal_statistics,Download Excel,https://coal.gov.in/sites/default/files/2024-03/cdchap6.xlsx
source_reference,"{""0"": null, ""1"": null, ""2"": ""ASM"", ""3"": ""Sub Total Assam"", ""4"": ""Total"", ""5"": 25.3854685, ""6"": 7.378273613, ""7"": 0.5077093, ""8"": 0, ""9"": 7.2493468, ""10"": 6.3448148, ""11"": 6.3448148, ""12"": 0, ""13"": 53.210427813, ""14"": null, ""15"": null, ""16"": null, ""19"": null, ""20"": null}",249,tab1a22-23-final,coal-statistics-download-excel-7,coal_statistics,Download Excel,https://coal.gov.in/sites/default/files/2024-03/cdchap6.xlsx
source_reference,"{""0"": null, ""1"": null, ""2"": ""UP"", ""3"": ""Uttar Pradesh"", ""4"": ""CIL"", ""5"": 583.8665, ""6"": 177.4168, ""7"": 11.6217, ""8"": 0, ""9"": 911.4869, ""10"": 73.9341, ""11"": 73.9341, ""12"": 0, ""13"": 1832.2601, ""14"": null, ""15"": null, ""16"": null, ""19"": null, ""20"": null}",250,tab1a22-23-final,coal-statistics-download-excel-7,coal_statistics,Download Excel,https://coal.gov.in/sites/default/files/2024-03/cdchap6.xlsx
source_reference,"{""0"": null, ""1"": null, ""2"": ""UP"", ""3"": null, ""4"": ""Non-CIL"", ""5"": 0, ""6"": 0, ""7"": 0, ""8"": 0, ""9"": 0, ""10"": 0, ""11"": 0, ""12"": 0, ""13"": 0, ""14"": null, ""15"": null, ""16"": null, ""19"": null, ""20"": null}",251,tab1a22-23-final,coal-statistics-download-excel-7,coal_statistics,Download Excel,https://coal.gov.in/sites/default/files/2024-03/cdchap6.xlsx
source_reference,"{""0"": null, ""1"": null, ""2"": ""UP"", ""3"": ""Sub Total Uttar Pradesh"", ""4"": ""Total"", ""5"": 583.8665, ""6"": 177.4168, ""7"": 11.6217, ""8"": 0, ""9"": 911.4869, ""10"": 73.9341, ""11"": 73.9341, ""12"": 0, ""13"": 1832.2601, ""14"": null, ""15"": null, ""16"": null, ""19"": null, ""20"": null}",252,tab1a22-23-final,coal-statistics-download-excel-7,coal_statistics,Download Excel,https://coal.gov.in/sites/default/files/2024-03/cdchap6.xlsx
source_reference,"{""0"": null, ""1"": null, ""2"": null, ""3"": ""All India"", ""4"": ""CIL"", ""5"": 15401.712647, ""6"": 4535.419144513, ""7"": 305.67834669999996, ""8"": 9870.119999999999, ""9"": 27915.8661079, ""10"": 1771.1923297, ""11"": 2003.5409531, ""12"": 6.24, ""13"": 61809.769528913006, ""14"": null, ""15"": null, ""16"": null, ""19"": null, ""20"": null}",253,tab1a22-23-final,coal-statistics-download-excel-7,coal_statistics,Download Excel,https://coal.gov.in/sites/default/files/2024-03/cdchap6.xlsx
source_reference,"{""0"": null, ""1"": null, ""2"": null, ""3"": null, ""4"": ""Non-CIL"", ""5"": 7068.803690293, ""6"": 703.254425241, ""7"": 43.35776708899999, ""8"": 841.82450835, ""9"": 4054.1821841600004, ""10"": 1187.2552946300002, ""11"": 775.7964023280001, ""12"": 0, ""13"": 14674.474272091, ""14"": null, ""15"": null, ""16"": null, ""19"": null, ""20"": null}",254,tab1a22-23-final,coal-statistics-download-excel-7,coal_statistics,Download Excel,https://coal.gov.in/sites/default/files/2024-03/cdchap6.xlsx
source_reference,"{""0"": null, ""1"": null, ""2"": null, ""3"": null, ""4"": ""Total"", ""5"": 22470.516337293, ""6"": 5238.673569754, ""7"": 349.03611378899996, ""8"": 10711.94450835, ""9"": 31970.04829206, ""10"": 2958.4476243300005, ""11"": 2779.337355428, ""12"": 6.24, ""13"": 76484.243801004, ""14"": null, ""15"": null, ""16"": null, ""19"": null, ""20"": null}",255,tab1a22-23-final,coal-statistics-download-excel-7,coal_statistics,Download Excel,https://coal.gov.in/sites/default/files/2024-03/cdchap6.xlsx
