dataset_type,row_json,row_number,sheet_name,source_id,source_page_id,source_title,source_url
source_reference,"{""0"": null, ""1"": null, ""2"": ""cmab"", ""3"": ""cmcd"", ""4"": ""BLK"", ""5"": ""stab"", ""6"": ""stcd"", ""7"": ""pds"", ""8"": ""typ"", ""9"": ""met"", ""10"": ""nmet"", ""11"": ""ckg"", ""12"": ""nckg"", ""13"": ""traw"", ""14"": ""pub/pvt"", ""15"": ""capt/ncapt"", ""16"": ""tab1b"", ""17"": ""tab1c"", ""18"": ""tab1d"", ""19"": null, ""20"": null, ""21"": null, ""22"": null, ""23"": null, ""24"": null, ""25"": null, ""26"": null, ""27"": null, ""28"": null, ""29"": null, ""30"": null}",1,tab1a2021-link_m,coal-statistics-download-excel-7,coal_statistics,Download Excel,https://coal.gov.in/sites/default/files/2024-03/cdchap6.xlsx
source_reference,"{""0"": null, ""1"": 1.0, ""2"": ""ECL"", ""3"": ""01"", ""4"": ""ECL"", ""5"": ""WB"", ""6"": ""35"", ""7"": ""O"", ""8"": ""C"", ""9"": 2, ""10"": 0, ""11"": 2, ""12"": 1267, ""13"": 1269, ""14"": null, ""15"": null, ""16"": null, ""17"": null, ""18"": null, ""19"": null, ""20"": null, ""21"": null, ""22"": null, ""23"": 0.0, ""24"": null, ""25"": null, ""26"": null, ""27"": null, ""28"": null, ""29"": null, ""30"": null}",2,tab1a2021-link_m,coal-statistics-download-excel-7,coal_statistics,Download Excel,https://coal.gov.in/sites/default/files/2024-03/cdchap6.xlsx
source_reference,"{""0"": null, ""1"": 2.0, ""2"": ""ECL"", ""3"": ""01"", ""4"": ""ECL"", ""5"": ""JKD"", ""6"": ""16"", ""7"": ""O"", ""8"": ""C"", ""9"": 0, ""10"": 8, ""11"": 8, ""12"": 2060, ""13"": 2068, ""14"": null, ""15"": null, ""16"": null, ""17"": null, ""18"": null, ""19"": null, ""20"": null, ""21"": null, ""22"": null, ""23"": 0.0, ""24"": null, ""25"": null, ""26"": null, ""27"": null, ""28"": null, ""29"": null, ""30"": null}",3,tab1a2021-link_m,coal-statistics-download-excel-7,coal_statistics,Download Excel,https://coal.gov.in/sites/default/files/2024-03/cdchap6.xlsx
source_reference,"{""0"": null, ""1"": 3.0, ""2"": ""ECL"", ""3"": ""01"", ""4"": ""ECL"", ""5"": ""TOT"", ""6"": ""99"", ""7"": ""O"", ""8"": ""C"", ""9"": 2, ""10"": 8, ""11"": 10, ""12"": 3327, ""13"": 3337, ""14"": null, ""15"": null, ""16"": null, ""17"": null, ""18"": null, ""19"": null, ""20"": null, ""21"": null, ""22"": null, ""23"": 0.0, ""24"": null, ""25"": null, ""26"": null, ""27"": null, ""28"": null, ""29"": null, ""30"": null}",4,tab1a2021-link_m,coal-statistics-download-excel-7,coal_statistics,Download Excel,https://coal.gov.in/sites/default/files/2024-03/cdchap6.xlsx
source_reference,"{""0"": null, ""1"": 4.0, ""2"": ""ECL"", ""3"": ""01"", ""4"": ""ECL"", ""5"": ""WB"", ""6"": ""35"", ""7"": ""P"", ""8"": ""C"", ""9"": 0, ""10"": 0, ""11"": 0, ""12"": 26089, ""13"": 26089, ""14"": null, ""15"": null, ""16"": null, ""17"": null, ""18"": null, ""19"": null, ""20"": null, ""21"": null, ""22"": null, ""23"": 0.0, ""24"": null, ""25"": null, ""26"": null, ""27"": null, ""28"": null, ""29"": null, ""30"": null}",5,tab1a2021-link_m,coal-statistics-download-excel-7,coal_statistics,Download Excel,https://coal.gov.in/sites/default/files/2024-03/cdchap6.xlsx
source_reference,"{""0"": null, ""1"": 5.0, ""2"": ""ECL"", ""3"": ""01"", ""4"": ""ECL"", ""5"": ""JKD"", ""6"": ""16"", ""7"": ""P"", ""8"": ""C"", ""9"": 0, ""10"": 0, ""11"": 15, ""12"": 18900, ""13"": 18915, ""14"": null, ""15"": null, ""16"": null, ""17"": null, ""18"": null, ""19"": null, ""20"": null, ""21"": null, ""22"": null, ""23"": 0.0, ""24"": null, ""25"": null, ""26"": null, ""27"": null, ""28"": null, ""29"": null, ""30"": null}",6,tab1a2021-link_m,coal-statistics-download-excel-7,coal_statistics,Download Excel,https://coal.gov.in/sites/default/files/2024-03/cdchap6.xlsx
source_reference,"{""0"": null, ""1"": 6.0, ""2"": ""ECL"", ""3"": ""01"", ""4"": ""ECL"", ""5"": ""TOT"", ""6"": ""99"", ""7"": ""P"", ""8"": ""C"", ""9"": 0, ""10"": 0, ""11"": 15, ""12"": 44989, ""13"": 45004, ""14"": null, ""15"": null, ""16"": null, ""17"": null, ""18"": null, ""19"": null, ""20"": null, ""21"": null, ""22"": null, ""23"": 0.0, ""24"": null, ""25"": null, ""26"": null, ""27"": null, ""28"": null, ""29"": null, ""30"": null}",7,tab1a2021-link_m,coal-statistics-download-excel-7,coal_statistics,Download Excel,https://coal.gov.in/sites/default/files/2024-03/cdchap6.xlsx
source_reference,"{""0"": null, ""1"": 7.0, ""2"": ""ECL"", ""3"": ""01"", ""4"": ""ECL"", ""5"": ""WB"", ""6"": ""35"", ""7"": ""D"", ""8"": ""C"", ""9"": 0, ""10"": 0, ""11"": 0, ""12"": 25128, ""13"": 25128, ""14"": null, ""15"": null, ""16"": null, ""17"": null, ""18"": null, ""19"": null, ""20"": null, ""21"": null, ""22"": null, ""23"": 0.0, ""24"": null, ""25"": null, ""26"": null, ""27"": null, ""28"": null, ""29"": null, ""30"": null}",8,tab1a2021-link_m,coal-statistics-download-excel-7,coal_statistics,Download Excel,https://coal.gov.in/sites/default/files/2024-03/cdchap6.xlsx
source_reference,"{""0"": null, ""1"": 8.0, ""2"": ""ECL"", ""3"": ""01"", ""4"": ""ECL"", ""5"": ""JKD"", ""6"": ""16"", ""7"": ""D"", ""8"": ""C"", ""9"": 0, ""10"": 18, ""11"": 18, ""12"": 16716, ""13"": 16734, ""14"": null, ""15"": null, ""16"": null, ""17"": null, ""18"": null, ""19"": null, ""20"": null, ""21"": null, ""22"": null, ""23"": 0.0, ""24"": null, ""25"": null, ""26"": null, ""27"": null, ""28"": null, ""29"": null, ""30"": null}",9,tab1a2021-link_m,coal-statistics-download-excel-7,coal_statistics,Download Excel,https://coal.gov.in/sites/default/files/2024-03/cdchap6.xlsx
source_reference,"{""0"": null, ""1"": 9.0, ""2"": ""ECL"", ""3"": ""01"", ""4"": ""ECL"", ""5"": ""TOT"", ""6"": ""99"", ""7"": ""D"", ""8"": ""C"", ""9"": 0, ""10"": 18, ""11"": 18, ""12"": 41844, ""13"": 41862, ""14"": null, ""15"": null, ""16"": null, ""17"": null, ""18"": null, ""19"": null, ""20"": null, ""21"": null, ""22"": null, ""23"": 0.0, ""24"": null, ""25"": null, ""26"": null, ""27"": null, ""28"": null, ""29"": null, ""30"": null}",10,tab1a2021-link_m,coal-statistics-download-excel-7,coal_statistics,Download Excel,https://coal.gov.in/sites/default/files/2024-03/cdchap6.xlsx
source_reference,"{""0"": null, ""1"": 10.0, ""2"": ""ECL"", ""3"": ""01"", ""4"": ""ECL"", ""5"": ""WB"", ""6"": ""35"", ""7"": ""F"", ""8"": ""C"", ""9"": 0, ""10"": 0, ""11"": 0, ""12"": 25305, ""13"": 25305, ""14"": null, ""15"": null, ""16"": null, ""17"": null, ""18"": null, ""19"": null, ""20"": null, ""21"": null, ""22"": null, ""23"": 0.0, ""24"": null, ""25"": null, ""26"": null, ""27"": null, ""28"": null, ""29"": null, ""30"": null}",11,tab1a2021-link_m,coal-statistics-download-excel-7,coal_statistics,Download Excel,https://coal.gov.in/sites/default/files/2024-03/cdchap6.xlsx
source_reference,"{""0"": null, ""1"": 11.0, ""2"": ""ECL"", ""3"": ""01"", ""4"": ""ECL"", ""5"": ""JKD"", ""6"": ""16"", ""7"": ""F"", ""8"": ""C"", ""9"": 0, ""10"": 18, ""11"": 18, ""12"": 16716, ""13"": 16734, ""14"": null, ""15"": null, ""16"": null, ""17"": null, ""18"": null, ""19"": null, ""20"": null, ""21"": null, ""22"": null, ""23"": 0.0, ""24"": null, ""25"": null, ""26"": null, ""27"": null, ""28"": null, ""29"": null, ""30"": null}",12,tab1a2021-link_m,coal-statistics-download-excel-7,coal_statistics,Download Excel,https://coal.gov.in/sites/default/files/2024-03/cdchap6.xlsx
source_reference,"{""0"": null, ""1"": 12.0, ""2"": ""ECL"", ""3"": ""01"", ""4"": ""ECL"", ""5"": ""TOT"", ""6"": ""36"", ""7"": ""F"", ""8"": ""C"", ""9"": 0, ""10"": 18, ""11"": 18, ""12"": 42021, ""13"": 42039, ""14"": null, ""15"": null, ""16"": null, ""17"": null, ""18"": null, ""19"": null, ""20"": null, ""21"": null, ""22"": null, ""23"": 0.0, ""24"": null, ""25"": null, ""26"": null, ""27"": null, ""28"": null, ""29"": null, ""30"": null}",13,tab1a2021-link_m,coal-statistics-download-excel-7,coal_statistics,Download Excel,https://coal.gov.in/sites/default/files/2024-03/cdchap6.xlsx
source_reference,"{""0"": null, ""1"": 13.0, ""2"": ""ECL"", ""3"": ""01"", ""4"": ""ECL"", ""5"": ""WB"", ""6"": ""35"", ""7"": ""S"", ""8"": ""C"", ""9"": 2, ""10"": 0, ""11"": 2, ""12"": 1266, ""13"": 1268, ""14"": null, ""15"": null, ""16"": null, ""17"": null, ""18"": null, ""19"": null, ""20"": null, ""21"": null, ""22"": null, ""23"": 0.0, ""24"": null, ""25"": null, ""26"": null, ""27"": null, ""28"": null, ""29"": null, ""30"": null}",14,tab1a2021-link_m,coal-statistics-download-excel-7,coal_statistics,Download Excel,https://coal.gov.in/sites/default/files/2024-03/cdchap6.xlsx
source_reference,"{""0"": null, ""1"": 14.0, ""2"": ""ECL"", ""3"": ""01"", ""4"": ""ECL"", ""5"": ""JKD"", ""6"": ""16"", ""7"": ""S"", ""8"": ""C"", ""9"": 0, ""10"": 5, ""11"": 5, ""12"": 2060, ""13"": 2065, ""14"": null, ""15"": null, ""16"": null, ""17"": null, ""18"": null, ""19"": null, ""20"": null, ""21"": null, ""22"": null, ""23"": 0.0, ""24"": null, ""25"": null, ""26"": null, ""27"": null, ""28"": null, ""29"": null, ""30"": null}",15,tab1a2021-link_m,coal-statistics-download-excel-7,coal_statistics,Download Excel,https://coal.gov.in/sites/default/files/2024-03/cdchap6.xlsx
source_reference,"{""0"": null, ""1"": 15.0, ""2"": ""ECL"", ""3"": ""01"", ""4"": ""ECL"", ""5"": ""TOT"", ""6"": ""99"", ""7"": ""S"", ""8"": ""C"", ""9"": 2, ""10"": 5, ""11"": 7, ""12"": 3326, ""13"": 3333, ""14"": null, ""15"": null, ""16"": null, ""17"": null, ""18"": null, ""19"": null, ""20"": null, ""21"": null, ""22"": null, ""23"": 0.0, ""24"": null, ""25"": null, ""26"": null, ""27"": null, ""28"": null, ""29"": null, ""30"": null}",16,tab1a2021-link_m,coal-statistics-download-excel-7,coal_statistics,Download Excel,https://coal.gov.in/sites/default/files/2024-03/cdchap6.xlsx
source_reference,"{""0"": null, ""1"": 16.0, ""2"": ""ECL"", ""3"": ""01"", ""4"": ""ECL"", ""5"": ""WB"", ""6"": ""35"", ""7"": ""V"", ""8"": ""C"", ""9"": 0, ""10"": null, ""11"": 0, ""12"": 70788600, ""13"": 70788600, ""14"": 31537189, ""15"": ""as per return"", ""16"": 2713.35045421442, ""17"": null, ""18"": null, ""19"": null, ""20"": null, ""21"": null, ""22"": null, ""23"": 0.0, ""24"": 2713.35045421442, ""25"": null, ""26"": null, ""27"": null, ""28"": null, ""29"": null, ""30"": null}",17,tab1a2021-link_m,coal-statistics-download-excel-7,coal_statistics,Download Excel,https://coal.gov.in/sites/default/files/2024-03/cdchap6.xlsx
source_reference,"{""0"": null, ""1"": 17.0, ""2"": ""ECL"", ""3"": ""01"", ""4"": ""ECL"", ""5"": ""JKD"", ""6"": ""16"", ""7"": ""V"", ""8"": ""C"", ""9"": null, ""10"": 417000, ""11"": 417000, ""12"": 26983600, ""13"": 27400600, ""14"": 88060299, ""15"": null, ""16"": 1448.617499339149, ""17"": null, ""18"": null, ""19"": null, ""20"": null, ""21"": null, ""22"": null, ""23"": 0.0, ""24"": 1448.617499339149, ""25"": null, ""26"": null, ""27"": null, ""28"": null, ""29"": null, ""30"": null}",18,tab1a2021-link_m,coal-statistics-download-excel-7,coal_statistics,Download Excel,https://coal.gov.in/sites/default/files/2024-03/cdchap6.xlsx
source_reference,"{""0"": null, ""1"": 18.0, ""2"": ""ECL"", ""3"": ""01"", ""4"": ""ECL"", ""5"": ""TOT"", ""6"": ""99"", ""7"": ""V"", ""8"": ""C"", ""9"": 0, ""10"": 417000, ""11"": 417000, ""12"": 97772200, ""13"": 98189200, ""14"": 119597488, ""15"": null, ""16"": 2181.7882854857344, ""17"": null, ""18"": null, ""19"": null, ""20"": null, ""21"": null, ""22"": null, ""23"": 0.0, ""24"": 2181.7882854857344, ""25"": null, ""26"": null, ""27"": null, ""28"": null, ""29"": null, ""30"": null}",19,tab1a2021-link_m,coal-statistics-download-excel-7,coal_statistics,Download Excel,https://coal.gov.in/sites/default/files/2024-03/cdchap6.xlsx
source_reference,"{""0"": null, ""1"": 19.0, ""2"": ""BCCL"", ""3"": ""02"", ""4"": ""BCCL"", ""5"": ""JKD"", ""6"": ""16"", ""7"": ""O"", ""8"": ""C"", ""9"": 2196.9060000000004, ""10"": null, ""11"": 2196.9060000000004, ""12"": 39.745000000000005, ""13"": 2236.6510000000003, ""14"": null, ""15"": null, ""16"": null, ""17"": null, ""18"": null, ""19"": null, ""20"": null, ""21"": null, ""22"": null, ""23"": 0.0, ""24"": 0.08901030722699778, ""25"": null, ""26"": null, ""27"": null, ""28"": null, ""29"": null, ""30"": null}",20,tab1a2021-link_m,coal-statistics-download-excel-7,coal_statistics,Download Excel,https://coal.gov.in/sites/default/files/2024-03/cdchap6.xlsx
source_reference,"{""0"": null, ""1"": 20.0, ""2"": ""BCCL"", ""3"": ""02"", ""4"": ""BCCL"", ""5"": ""WB"", ""6"": ""35"", ""7"": ""O"", ""8"": ""C"", ""9"": 0.3649999999999949, ""10"": null, ""11"": 0, ""12"": 76.824, ""13"": 76.824, ""14"": null, ""15"": null, ""16"": null, ""17"": null, ""18"": null, ""19"": null, ""20"": null, ""21"": null, ""22"": null, ""23"": 0.0, ""24"": 0.004590892793115812, ""25"": null, ""26"": null, ""27"": null, ""28"": null, ""29"": null, ""30"": null}",21,tab1a2021-link_m,coal-statistics-download-excel-7,coal_statistics,Download Excel,https://coal.gov.in/sites/default/files/2024-03/cdchap6.xlsx
source_reference,"{""0"": null, ""1"": 21.0, ""2"": ""BCCL"", ""3"": ""02"", ""4"": ""BCCL"", ""5"": ""TOT"", ""6"": ""99"", ""7"": ""O"", ""8"": ""C"", ""9"": 2197.271, ""10"": 0, ""11"": 2196.9060000000004, ""12"": 116.569, ""13"": 2313.4750000000004, ""14"": null, ""15"": null, ""16"": null, ""17"": null, ""18"": null, ""19"": null, ""20"": null, ""21"": null, ""22"": null, ""23"": 0.0, ""24"": 0.05526432086379056, ""25"": null, ""26"": null, ""27"": null, ""28"": null, ""29"": null, ""30"": null}",22,tab1a2021-link_m,coal-statistics-download-excel-7,coal_statistics,Download Excel,https://coal.gov.in/sites/default/files/2024-03/cdchap6.xlsx
source_reference,"{""0"": null, ""1"": 22.0, ""2"": ""BCCL"", ""3"": ""02"", ""4"": ""BCCL"", ""5"": ""JKD"", ""6"": ""16"", ""7"": ""P"", ""8"": ""C"", ""9"": 23384, ""10"": null, ""11"": 23384, ""12"": 1268, ""13"": 24652, ""14"": null, ""15"": null, ""16"": null, ""17"": null, ""18"": null, ""19"": null, ""20"": null, ""21"": null, ""22"": null, ""23"": 0.0, ""24"": 0.9741948231574787, ""25"": null, ""26"": null, ""27"": null, ""28"": null, ""29"": null, ""30"": null}",23,tab1a2021-link_m,coal-statistics-download-excel-7,coal_statistics,Download Excel,https://coal.gov.in/sites/default/files/2024-03/cdchap6.xlsx
source_reference,"{""0"": null, ""1"": 23.0, ""2"": ""BCCL"", ""3"": ""02"", ""4"": ""BCCL"", ""5"": ""WB"", ""6"": ""35"", ""7"": ""P"", ""8"": ""C"", ""9"": 0, ""10"": null, ""11"": 0, ""12"": 4, ""13"": 4, ""14"": null, ""15"": null, ""16"": null, ""17"": null, ""18"": null, ""19"": null, ""20"": null, ""21"": null, ""22"": null, ""23"": 0.0, ""24"": null, ""25"": null, ""26"": null, ""27"": null, ""28"": null, ""29"": null, ""30"": null}",24,tab1a2021-link_m,coal-statistics-download-excel-7,coal_statistics,Download Excel,https://coal.gov.in/sites/default/files/2024-03/cdchap6.xlsx
source_reference,"{""0"": null, ""1"": 24.0, ""2"": ""BCCL"", ""3"": ""02"", ""4"": ""BCCL"", ""5"": ""TOT"", ""6"": ""99"", ""7"": ""P"", ""8"": ""C"", ""9"": 23384, ""10"": 0, ""11"": 23384, ""12"": 1272, ""13"": 24656, ""14"": null, ""15"": null, ""16"": null, ""17"": null, ""18"": null, ""19"": null, ""20"": null, ""21"": null, ""22"": null, ""23"": 0.0, ""24"": null, ""25"": null, ""26"": null, ""27"": null, ""28"": null, ""29"": null, ""30"": null}",25,tab1a2021-link_m,coal-statistics-download-excel-7,coal_statistics,Download Excel,https://coal.gov.in/sites/default/files/2024-03/cdchap6.xlsx
source_reference,"{""0"": null, ""1"": 25.0, ""2"": ""BCCL"", ""3"": ""02"", ""4"": ""BCCL"", ""5"": ""JKD"", ""6"": ""16"", ""7"": ""D"", ""8"": ""C"", ""9"": 22113, ""10"": null, ""11"": 22113, ""12"": 1039, ""13"": 23152, ""14"": null, ""15"": null, ""16"": null, ""17"": null, ""18"": null, ""19"": null, ""20"": null, ""21"": null, ""22"": null, ""23"": 0.0, ""24"": null, ""25"": null, ""26"": null, ""27"": null, ""28"": null, ""29"": null, ""30"": null}",26,tab1a2021-link_m,coal-statistics-download-excel-7,coal_statistics,Download Excel,https://coal.gov.in/sites/default/files/2024-03/cdchap6.xlsx
source_reference,"{""0"": null, ""1"": 26.0, ""2"": ""BCCL"", ""3"": ""02"", ""4"": ""BCCL"", ""5"": ""WB"", ""6"": ""35"", ""7"": ""D"", ""8"": ""C"", ""9"": 0, ""10"": null, ""11"": 0, ""12"": 18, ""13"": 18, ""14"": null, ""15"": null, ""16"": null, ""17"": null, ""18"": null, ""19"": null, ""20"": null, ""21"": null, ""22"": null, ""23"": 0.0, ""24"": null, ""25"": null, ""26"": null, ""27"": null, ""28"": null, ""29"": null, ""30"": null}",27,tab1a2021-link_m,coal-statistics-download-excel-7,coal_statistics,Download Excel,https://coal.gov.in/sites/default/files/2024-03/cdchap6.xlsx
source_reference,"{""0"": null, ""1"": 27.0, ""2"": ""BCCL"", ""3"": ""02"", ""4"": ""BCCL"", ""5"": ""TOT"", ""6"": ""99"", ""7"": ""D"", ""8"": ""C"", ""9"": 22113, ""10"": 0, ""11"": 22113, ""12"": 1057, ""13"": 23170, ""14"": null, ""15"": null, ""16"": null, ""17"": null, ""18"": null, ""19"": null, ""20"": null, ""21"": null, ""22"": null, ""23"": 0.0, ""24"": null, ""25"": null, ""26"": null, ""27"": null, ""28"": null, ""29"": null, ""30"": null}",28,tab1a2021-link_m,coal-statistics-download-excel-7,coal_statistics,Download Excel,https://coal.gov.in/sites/default/files/2024-03/cdchap6.xlsx
source_reference,"{""0"": null, ""1"": 28.0, ""2"": ""BCCL"", ""3"": ""02"", ""4"": ""BCCL"", ""5"": ""JKD"", ""6"": ""16"", ""7"": ""F"", ""8"": ""C"", ""9"": 22117.299999999996, ""10"": null, ""11"": 22117.299999999996, ""12"": 1039.563, ""13"": 23156.862999999998, ""14"": null, ""15"": null, ""16"": null, ""17"": null, ""18"": null, ""19"": null, ""20"": null, ""21"": null, ""22"": null, ""23"": 0.0, ""24"": null, ""25"": null, ""26"": null, ""27"": null, ""28"": null, ""29"": null, ""30"": null}",29,tab1a2021-link_m,coal-statistics-download-excel-7,coal_statistics,Download Excel,https://coal.gov.in/sites/default/files/2024-03/cdchap6.xlsx
source_reference,"{""0"": null, ""1"": 29.0, ""2"": ""BCCL"", ""3"": ""02"", ""4"": ""BCCL"", ""5"": ""WB"", ""6"": ""35"", ""7"": ""F"", ""8"": ""C"", ""9"": 0, ""10"": null, ""11"": 0, ""12"": 18, ""13"": 18, ""14"": null, ""15"": null, ""16"": null, ""17"": null, ""18"": null, ""19"": null, ""20"": null, ""21"": null, ""22"": null, ""23"": 0.0, ""24"": null, ""25"": null, ""26"": null, ""27"": null, ""28"": null, ""29"": null, ""30"": null}",30,tab1a2021-link_m,coal-statistics-download-excel-7,coal_statistics,Download Excel,https://coal.gov.in/sites/default/files/2024-03/cdchap6.xlsx
source_reference,"{""0"": null, ""1"": 30.0, ""2"": ""BCCL"", ""3"": ""02"", ""4"": ""BCCL"", ""5"": ""TOT"", ""6"": ""99"", ""7"": ""F"", ""8"": ""C"", ""9"": 22117.299999999996, ""10"": 0, ""11"": 22117.299999999996, ""12"": 1057.563, ""13"": 23174.862999999998, ""14"": null, ""15"": null, ""16"": null, ""17"": null, ""18"": null, ""19"": null, ""20"": null, ""21"": null, ""22"": null, ""23"": 0.0, ""24"": null, ""25"": null, ""26"": null, ""27"": null, ""28"": null, ""29"": null, ""30"": null}",31,tab1a2021-link_m,coal-statistics-download-excel-7,coal_statistics,Download Excel,https://coal.gov.in/sites/default/files/2024-03/cdchap6.xlsx
source_reference,"{""0"": null, ""1"": 31.0, ""2"": ""BCCL"", ""3"": ""02"", ""4"": ""BCCL"", ""5"": ""JKD"", ""6"": ""16"", ""7"": ""S"", ""8"": ""C"", ""9"": 3468, ""10"": null, ""11"": 3468, ""12"": 268, ""13"": 3736, ""14"": null, ""15"": null, ""16"": null, ""17"": null, ""18"": null, ""19"": null, ""20"": null, ""21"": null, ""22"": null, ""23"": 0.0, ""24"": null, ""25"": null, ""26"": null, ""27"": null, ""28"": null, ""29"": null, ""30"": null}",32,tab1a2021-link_m,coal-statistics-download-excel-7,coal_statistics,Download Excel,https://coal.gov.in/sites/default/files/2024-03/cdchap6.xlsx
source_reference,"{""0"": null, ""1"": 32.0, ""2"": ""BCCL"", ""3"": ""02"", ""4"": ""BCCL"", ""5"": ""WB"", ""6"": ""35"", ""7"": ""S"", ""8"": ""C"", ""9"": 0, ""10"": null, ""11"": 0, ""12"": 64, ""13"": 64, ""14"": null, ""15"": null, ""16"": null, ""17"": null, ""18"": null, ""19"": null, ""20"": null, ""21"": null, ""22"": null, ""23"": 0.0, ""24"": null, ""25"": null, ""26"": null, ""27"": null, ""28"": null, ""29"": null, ""30"": null}",33,tab1a2021-link_m,coal-statistics-download-excel-7,coal_statistics,Download Excel,https://coal.gov.in/sites/default/files/2024-03/cdchap6.xlsx
source_reference,"{""0"": null, ""1"": 33.0, ""2"": ""BCCL"", ""3"": ""02"", ""4"": ""BCCL"", ""5"": ""TOT"", ""6"": ""99"", ""7"": ""S"", ""8"": ""C"", ""9"": 3468, ""10"": 0, ""11"": 3468, ""12"": 332, ""13"": 3800, ""14"": null, ""15"": null, ""16"": null, ""17"": null, ""18"": null, ""19"": null, ""20"": null, ""21"": null, ""22"": null, ""23"": 0.0, ""24"": null, ""25"": null, ""26"": null, ""27"": null, ""28"": null, ""29"": null, ""30"": null}",34,tab1a2021-link_m,coal-statistics-download-excel-7,coal_statistics,Download Excel,https://coal.gov.in/sites/default/files/2024-03/cdchap6.xlsx
source_reference,"{""0"": null, ""1"": 34.0, ""2"": ""BCCL"", ""3"": ""02"", ""4"": ""BCCL"", ""5"": ""JKD"", ""6"": ""16"", ""7"": ""V"", ""8"": ""C"", ""9"": 72648710, ""10"": 0, ""11"": 0, ""12"": 0, ""13"": 0, ""14"": null, ""15"": null, ""16"": 0, ""17"": null, ""18"": null, ""19"": null, ""20"": null, ""21"": null, ""22"": null, ""23"": 0.0, ""24"": null, ""25"": null, ""26"": null, ""27"": null, ""28"": null, ""29"": null, ""30"": null}",35,tab1a2021-link_m,coal-statistics-download-excel-7,coal_statistics,Download Excel,https://coal.gov.in/sites/default/files/2024-03/cdchap6.xlsx
source_reference,"{""0"": null, ""1"": 35.0, ""2"": ""BCCL"", ""3"": ""02"", ""4"": ""BCCL"", ""5"": ""WB"", ""6"": ""35"", ""7"": ""V"", ""8"": ""C"", ""9"": 498260, ""10"": 0, ""11"": 0, ""12"": 0, ""13"": 0, ""14"": null, ""15"": null, ""16"": 0, ""17"": null, ""18"": null, ""19"": null, ""20"": null, ""21"": null, ""22"": null, ""23"": 0.0, ""24"": null, ""25"": null, ""26"": null, ""27"": null, ""28"": null, ""29"": null, ""30"": null}",36,tab1a2021-link_m,coal-statistics-download-excel-7,coal_statistics,Download Excel,https://coal.gov.in/sites/default/files/2024-03/cdchap6.xlsx
source_reference,"{""0"": null, ""1"": 36.0, ""2"": ""BCCL"", ""3"": ""02"", ""4"": ""BCCL"", ""5"": ""TOT"", ""6"": ""99"", ""7"": ""V"", ""8"": ""C"", ""9"": 73146970, ""10"": 0, ""11"": 0, ""12"": 0, ""13"": 0, ""14"": 0, ""15"": 0, ""16"": 0, ""17"": null, ""18"": null, ""19"": null, ""20"": null, ""21"": null, ""22"": null, ""23"": 0.0, ""24"": null, ""25"": null, ""26"": null, ""27"": null, ""28"": null, ""29"": null, ""30"": null}",37,tab1a2021-link_m,coal-statistics-download-excel-7,coal_statistics,Download Excel,https://coal.gov.in/sites/default/files/2024-03/cdchap6.xlsx
source_reference,"{""0"": null, ""1"": 37.0, ""2"": ""CCL"", ""3"": ""03"", ""4"": ""CCL"", ""5"": ""JKD"", ""6"": ""16"", ""7"": ""O"", ""8"": ""C"", ""9"": 1034, ""10"": 3018, ""11"": 4052, ""12"": 9250, ""13"": 13302, ""14"": ""met, nonmet and non coking not available in this year"", ""15"": null, ""16"": null, ""17"": null, ""18"": null, ""19"": null, ""20"": null, ""21"": null, ""22"": null, ""23"": 0.0, ""24"": null, ""25"": null, ""26"": null, ""27"": null, ""28"": null, ""29"": null, ""30"": null}",38,tab1a2021-link_m,coal-statistics-download-excel-7,coal_statistics,Download Excel,https://coal.gov.in/sites/default/files/2024-03/cdchap6.xlsx
source_reference,"{""0"": null, ""1"": 38.0, ""2"": ""CCL"", ""3"": ""03"", ""4"": ""CCL"", ""5"": ""JKD"", ""6"": ""16"", ""7"": ""P"", ""8"": ""C"", ""9"": 2947, ""10"": 12096, ""11"": 15043, ""12"": 47546, ""13"": 62589, ""14"": null, ""15"": null, ""16"": null, ""17"": null, ""18"": null, ""19"": null, ""20"": null, ""21"": null, ""22"": null, ""23"": 0.0, ""24"": null, ""25"": null, ""26"": null, ""27"": null, ""28"": null, ""29"": null, ""30"": null}",39,tab1a2021-link_m,coal-statistics-download-excel-7,coal_statistics,Download Excel,https://coal.gov.in/sites/default/files/2024-03/cdchap6.xlsx
source_reference,"{""0"": null, ""1"": 39.0, ""2"": ""CCL"", ""3"": ""03"", ""4"": ""CCL"", ""5"": ""JKD"", ""6"": ""16"", ""7"": ""D"", ""8"": ""C"", ""9"": 1515, ""10"": 13958, ""11"": 15473, ""12"": 49927, ""13"": 65400, ""14"": ""met, nonmet and non coking not available in this year"", ""15"": null, ""16"": null, ""17"": null, ""18"": null, ""19"": null, ""20"": null, ""21"": null, ""22"": null, ""23"": 0.0, ""24"": null, ""25"": "" "", ""26"": null, ""27"": null, ""28"": null, ""29"": null, ""30"": null}",40,tab1a2021-link_m,coal-statistics-download-excel-7,coal_statistics,Download Excel,https://coal.gov.in/sites/default/files/2024-03/cdchap6.xlsx
source_reference,"{""0"": null, ""1"": 40.0, ""2"": ""CCL"", ""3"": ""03"", ""4"": ""CCL"", ""5"": ""JKD"", ""6"": ""16"", ""7"": ""F"", ""8"": ""C"", ""9"": 1515, ""10"": 13958, ""11"": 15473, ""12"": 49927, ""13"": 65400, ""14"": ""met, nonmet and non coking not available in this year"", ""15"": null, ""16"": null, ""17"": null, ""18"": null, ""19"": null, ""20"": null, ""21"": null, ""22"": null, ""23"": 0.0, ""24"": null, ""25"": null, ""26"": null, ""27"": null, ""28"": null, ""29"": null, ""30"": null}",41,tab1a2021-link_m,coal-statistics-download-excel-7,coal_statistics,Download Excel,https://coal.gov.in/sites/default/files/2024-03/cdchap6.xlsx
source_reference,"{""0"": null, ""1"": 41.0, ""2"": ""CCL"", ""3"": ""03"", ""4"": ""CCL"", ""5"": ""JKD"", ""6"": ""16"", ""7"": ""S"", ""8"": ""C"", ""9"": 2465, ""10"": 1193, ""11"": 3658, ""12"": 6833.192000000003, ""13"": 10491.192000000003, ""14"": ""met, nonmet and non coking not available in this year"", ""15"": null, ""16"": 0, ""17"": null, ""18"": null, ""19"": null, ""20"": null, ""21"": null, ""22"": null, ""23"": 0.0, ""24"": null, ""25"": null, ""26"": null, ""27"": null, ""28"": null, ""29"": null, ""30"": null}",42,tab1a2021-link_m,coal-statistics-download-excel-7,coal_statistics,Download Excel,https://coal.gov.in/sites/default/files/2024-03/cdchap6.xlsx
source_reference,"{""0"": null, ""1"": 42.0, ""2"": ""CCL"", ""3"": ""03"", ""4"": ""CCL"", ""5"": ""JKD"", ""6"": ""16"", ""7"": ""V"", ""8"": ""C"", ""9"": null, ""10"": null, ""11"": 0, ""12"": 0, ""13"": 0, ""14"": null, ""15"": null, ""16"": 0, ""17"": null, ""18"": null, ""19"": null, ""20"": null, ""21"": null, ""22"": null, ""23"": 0.0, ""24"": null, ""25"": null, ""26"": null, ""27"": null, ""28"": null, ""29"": null, ""30"": null}",43,tab1a2021-link_m,coal-statistics-download-excel-7,coal_statistics,Download Excel,https://coal.gov.in/sites/default/files/2024-03/cdchap6.xlsx
source_reference,"{""0"": null, ""1"": 43.0, ""2"": ""MCL"", ""3"": ""07"", ""4"": ""MCL"", ""5"": ""ODI"", ""6"": ""26"", ""7"": ""O"", ""8"": ""C"", ""9"": 0, ""10"": 0, ""11"": 0, ""12"": 19879, ""13"": 19879, ""14"": null, ""15"": null, ""16"": null, ""17"": null, ""18"": null, ""19"": null, ""20"": null, ""21"": null, ""22"": null, ""23"": 0.0, ""24"": null, ""25"": null, ""26"": null, ""27"": null, ""28"": null, ""29"": null, ""30"": null}",44,tab1a2021-link_m,coal-statistics-download-excel-7,coal_statistics,Download Excel,https://coal.gov.in/sites/default/files/2024-03/cdchap6.xlsx
source_reference,"{""0"": null, ""1"": 44.0, ""2"": ""MCL"", ""3"": ""07"", ""4"": ""MCL"", ""5"": ""ODI"", ""6"": ""26"", ""7"": ""P"", ""8"": ""C"", ""9"": 0, ""10"": 0, ""11"": 0, ""12"": 148012, ""13"": 148012, ""14"": null, ""15"": null, ""16"": null, ""17"": null, ""18"": null, ""19"": null, ""20"": null, ""21"": null, ""22"": null, ""23"": 0.0, ""24"": null, ""25"": null, ""26"": null, ""27"": null, ""28"": null, ""29"": null, ""30"": null}",45,tab1a2021-link_m,coal-statistics-download-excel-7,coal_statistics,Download Excel,https://coal.gov.in/sites/default/files/2024-03/cdchap6.xlsx
source_reference,"{""0"": null, ""1"": 45.0, ""2"": ""MCL"", ""3"": ""07"", ""4"": ""MCL"", ""5"": ""ODI"", ""6"": ""26"", ""7"": ""D"", ""8"": ""C"", ""9"": 0, ""10"": 0, ""11"": 0, ""12"": 146008, ""13"": 146008, ""14"": null, ""15"": null, ""16"": null, ""17"": null, ""18"": null, ""19"": null, ""20"": null, ""21"": null, ""22"": null, ""23"": 0.0, ""24"": null, ""25"": null, ""26"": null, ""27"": null, ""28"": null, ""29"": null, ""30"": null}",46,tab1a2021-link_m,coal-statistics-download-excel-7,coal_statistics,Download Excel,https://coal.gov.in/sites/default/files/2024-03/cdchap6.xlsx
source_reference,"{""0"": null, ""1"": 46.0, ""2"": ""MCL"", ""3"": ""07"", ""4"": ""MCL"", ""5"": ""ODI"", ""6"": ""26"", ""7"": ""F"", ""8"": ""C"", ""9"": 0, ""10"": 0, ""11"": 0, ""12"": 146010, ""13"": 146010, ""14"": null, ""15"": null, ""16"": null, ""17"": null, ""18"": null, ""19"": null, ""20"": null, ""21"": null, ""22"": null, ""23"": 0.0, ""24"": 1584.9316566429743, ""25"": 767.0683433570257, ""26"": 2352, ""27"": null, ""28"": null, ""29"": null, ""30"": null}",47,tab1a2021-link_m,coal-statistics-download-excel-7,coal_statistics,Download Excel,https://coal.gov.in/sites/default/files/2024-03/cdchap6.xlsx
source_reference,"{""0"": null, ""1"": 47.0, ""2"": ""MCL"", ""3"": ""07"", ""4"": ""MCL"", ""5"": ""ODI"", ""6"": ""26"", ""7"": ""S"", ""8"": ""C"", ""9"": 0, ""10"": 0, ""11"": 0, ""12"": 23688, ""13"": 23688, ""14"": null, ""15"": null, ""16"": null, ""17"": null, ""18"": null, ""19"": null, ""20"": null, ""21"": null, ""22"": null, ""23"": 0.0, ""24"": null, ""25"": null, ""26"": null, ""27"": null, ""28"": null, ""29"": null, ""30"": null}",48,tab1a2021-link_m,coal-statistics-download-excel-7,coal_statistics,Download Excel,https://coal.gov.in/sites/default/files/2024-03/cdchap6.xlsx
source_reference,"{""0"": null, ""1"": 48.0, ""2"": ""MCL"", ""3"": ""07"", ""4"": ""MCL"", ""5"": ""ODI"", ""6"": ""26"", ""7"": ""V"", ""8"": ""C"", ""9"": 0, ""10"": 0, ""11"": 0, ""12"": 76526836, ""13"": 76526836, ""14"": null, ""15"": null, ""16"": 517.0312947598843, ""17"": null, ""18"": null, ""19"": null, ""20"": null, ""21"": null, ""22"": null, ""23"": 0.0, ""24"": 517.0312947598843, ""25"": null, ""26"": null, ""27"": null, ""28"": null, ""29"": null, ""30"": null}",49,tab1a2021-link_m,coal-statistics-download-excel-7,coal_statistics,Download Excel,https://coal.gov.in/sites/default/files/2024-03/cdchap6.xlsx
source_reference,"{""0"": null, ""1"": 49.0, ""2"": ""NCL"", ""3"": ""04"", ""4"": ""NCL"", ""5"": ""MP"", ""6"": ""20"", ""7"": ""O"", ""8"": ""C"", ""9"": 0, ""10"": 0, ""11"": 0, ""12"": 2606, ""13"": 2606, ""14"": null, ""15"": null, ""16"": null, ""17"": null, ""18"": null, ""19"": null, ""20"": null, ""21"": null, ""22"": null, ""23"": 0.0, ""24"": null, ""25"": null, ""26"": null, ""27"": null, ""28"": null, ""29"": null, ""30"": null}",50,tab1a2021-link_m,coal-statistics-download-excel-7,coal_statistics,Download Excel,https://coal.gov.in/sites/default/files/2024-03/cdchap6.xlsx
source_reference,"{""0"": null, ""1"": 50.0, ""2"": ""NCL"", ""3"": ""04"", ""4"": ""NCL"", ""5"": ""UP"", ""6"": ""33"", ""7"": ""O"", ""8"": ""C"", ""9"": 0, ""10"": 0, ""11"": 0, ""12"": 1393, ""13"": 1393, ""14"": null, ""15"": null, ""16"": null, ""17"": null, ""18"": null, ""19"": null, ""20"": null, ""21"": null, ""22"": null, ""23"": 0.0, ""24"": null, ""25"": null, ""26"": null, ""27"": null, ""28"": null, ""29"": null, ""30"": null}",51,tab1a2021-link_m,coal-statistics-download-excel-7,coal_statistics,Download Excel,https://coal.gov.in/sites/default/files/2024-03/cdchap6.xlsx
source_reference,"{""0"": null, ""1"": 51.0, ""2"": ""NCL"", ""3"": ""04"", ""4"": ""NCL"", ""5"": ""TOT"", ""6"": ""99"", ""7"": ""O"", ""8"": ""C"", ""9"": 0, ""10"": 0, ""11"": 0, ""12"": 3999, ""13"": 3999, ""14"": null, ""15"": null, ""16"": null, ""17"": null, ""18"": null, ""19"": null, ""20"": null, ""21"": null, ""22"": null, ""23"": 0.0, ""24"": null, ""25"": null, ""26"": null, ""27"": null, ""28"": null, ""29"": null, ""30"": null}",52,tab1a2021-link_m,coal-statistics-download-excel-7,coal_statistics,Download Excel,https://coal.gov.in/sites/default/files/2024-03/cdchap6.xlsx
source_reference,"{""0"": null, ""1"": 52.0, ""2"": ""NCL"", ""3"": ""04"", ""4"": ""NCL"", ""5"": ""MP"", ""6"": ""20"", ""7"": ""P"", ""8"": ""C"", ""9"": 0, ""10"": 0, ""11"": 0, ""12"": 98026, ""13"": 98026, ""14"": null, ""15"": null, ""16"": null, ""17"": null, ""18"": null, ""19"": null, ""20"": null, ""21"": null, ""22"": null, ""23"": 0.0, ""24"": null, ""25"": null, ""26"": null, ""27"": null, ""28"": null, ""29"": null, ""30"": null}",53,tab1a2021-link_m,coal-statistics-download-excel-7,coal_statistics,Download Excel,https://coal.gov.in/sites/default/files/2024-03/cdchap6.xlsx
source_reference,"{""0"": null, ""1"": 53.0, ""2"": ""NCL"", ""3"": ""04"", ""4"": ""NCL"", ""5"": ""UP"", ""6"": ""33"", ""7"": ""P"", ""8"": ""C"", ""9"": 0, ""10"": 0, ""11"": 0, ""12"": 17016, ""13"": 17016, ""14"": null, ""15"": null, ""16"": null, ""17"": null, ""18"": null, ""19"": null, ""20"": null, ""21"": null, ""22"": null, ""23"": 0.0, ""24"": null, ""25"": null, ""26"": null, ""27"": null, ""28"": null, ""29"": null, ""30"": null}",54,tab1a2021-link_m,coal-statistics-download-excel-7,coal_statistics,Download Excel,https://coal.gov.in/sites/default/files/2024-03/cdchap6.xlsx
source_reference,"{""0"": null, ""1"": 54.0, ""2"": ""NCL"", ""3"": ""04"", ""4"": ""NCL"", ""5"": ""TOT"", ""6"": ""99"", ""7"": ""P"", ""8"": ""C"", ""9"": 0, ""10"": 0, ""11"": 0, ""12"": 115042, ""13"": 115042, ""14"": null, ""15"": null, ""16"": null, ""17"": null, ""18"": null, ""19"": null, ""20"": null, ""21"": null, ""22"": null, ""23"": 0.0, ""24"": null, ""25"": null, ""26"": null, ""27"": null, ""28"": null, ""29"": null, ""30"": null}",55,tab1a2021-link_m,coal-statistics-download-excel-7,coal_statistics,Download Excel,https://coal.gov.in/sites/default/files/2024-03/cdchap6.xlsx
source_reference,"{""0"": null, ""1"": 55.0, ""2"": ""NCL"", ""3"": ""04"", ""4"": ""NCL"", ""5"": ""MP"", ""6"": ""20"", ""7"": ""D"", ""8"": ""C"", ""9"": 0, ""10"": 0, ""11"": 0, ""12"": 70289, ""13"": 70289, ""14"": null, ""15"": null, ""16"": null, ""17"": null, ""18"": null, ""19"": null, ""20"": null, ""21"": null, ""22"": null, ""23"": 0.0, ""24"": null, ""25"": null, ""26"": null, ""27"": null, ""28"": null, ""29"": null, ""30"": null}",56,tab1a2021-link_m,coal-statistics-download-excel-7,coal_statistics,Download Excel,https://coal.gov.in/sites/default/files/2024-03/cdchap6.xlsx
source_reference,"{""0"": null, ""1"": 56.0, ""2"": ""NCL"", ""3"": ""04"", ""4"": ""NCL"", ""5"": ""UP"", ""6"": ""33"", ""7"": ""D"", ""8"": ""C"", ""9"": 0, ""10"": 0, ""11"": 0, ""12"": 38355, ""13"": 38355, ""14"": null, ""15"": null, ""16"": null, ""17"": null, ""18"": null, ""19"": null, ""20"": null, ""21"": null, ""22"": null, ""23"": 0.0, ""24"": null, ""25"": null, ""26"": null, ""27"": null, ""28"": null, ""29"": null, ""30"": null}",57,tab1a2021-link_m,coal-statistics-download-excel-7,coal_statistics,Download Excel,https://coal.gov.in/sites/default/files/2024-03/cdchap6.xlsx
source_reference,"{""0"": null, ""1"": 57.0, ""2"": ""NCL"", ""3"": ""04"", ""4"": ""NCL"", ""5"": ""TOT"", ""6"": ""99"", ""7"": ""D"", ""8"": ""C"", ""9"": 0, ""10"": 0, ""11"": 0, ""12"": 108644, ""13"": 108644, ""14"": null, ""15"": null, ""16"": null, ""17"": null, ""18"": null, ""19"": null, ""20"": null, ""21"": null, ""22"": null, ""23"": 0.0, ""24"": null, ""25"": null, ""26"": null, ""27"": null, ""28"": null, ""29"": null, ""30"": null}",58,tab1a2021-link_m,coal-statistics-download-excel-7,coal_statistics,Download Excel,https://coal.gov.in/sites/default/files/2024-03/cdchap6.xlsx
source_reference,"{""0"": null, ""1"": 58.0, ""2"": ""NCL"", ""3"": ""04"", ""4"": ""NCL"", ""5"": ""MP"", ""6"": ""20"", ""7"": ""F"", ""8"": ""C"", ""9"": 0, ""10"": 0, ""11"": 0, ""12"": 70289, ""13"": 70289, ""14"": null, ""15"": null, ""16"": null, ""17"": null, ""18"": null, ""19"": null, ""20"": null, ""21"": null, ""22"": null, ""23"": 0.0, ""24"": null, ""25"": null, ""26"": null, ""27"": null, ""28"": null, ""29"": null, ""30"": null}",59,tab1a2021-link_m,coal-statistics-download-excel-7,coal_statistics,Download Excel,https://coal.gov.in/sites/default/files/2024-03/cdchap6.xlsx
source_reference,"{""0"": null, ""1"": 59.0, ""2"": ""NCL"", ""3"": ""04"", ""4"": ""NCL"", ""5"": ""UP"", ""6"": ""33"", ""7"": ""F"", ""8"": ""C"", ""9"": 0, ""10"": 0, ""11"": 0, ""12"": 38355, ""13"": 38355, ""14"": null, ""15"": null, ""16"": null, ""17"": null, ""18"": null, ""19"": null, ""20"": null, ""21"": null, ""22"": null, ""23"": 0.0, ""24"": null, ""25"": null, ""26"": null, ""27"": null, ""28"": null, ""29"": null, ""30"": null}",60,tab1a2021-link_m,coal-statistics-download-excel-7,coal_statistics,Download Excel,https://coal.gov.in/sites/default/files/2024-03/cdchap6.xlsx
source_reference,"{""0"": null, ""1"": 60.0, ""2"": ""NCL"", ""3"": ""04"", ""4"": ""NCL"", ""5"": ""TOT"", ""6"": ""99"", ""7"": ""F"", ""8"": ""C"", ""9"": 0, ""10"": 0, ""11"": 0, ""12"": 108644, ""13"": 108644, ""14"": null, ""15"": null, ""16"": null, ""17"": null, ""18"": null, ""19"": null, ""20"": null, ""21"": null, ""22"": null, ""23"": 0.0, ""24"": null, ""25"": null, ""26"": null, ""27"": null, ""28"": null, ""29"": null, ""30"": null}",61,tab1a2021-link_m,coal-statistics-download-excel-7,coal_statistics,Download Excel,https://coal.gov.in/sites/default/files/2024-03/cdchap6.xlsx
source_reference,"{""0"": null, ""1"": 61.0, ""2"": ""NCL"", ""3"": ""04"", ""4"": ""NCL"", ""5"": ""MP"", ""6"": ""20"", ""7"": ""S"", ""8"": ""C"", ""9"": 0, ""10"": 0, ""11"": 0, ""12"": 5233, ""13"": 5233, ""14"": null, ""15"": "" "", ""16"": null, ""17"": null, ""18"": null, ""19"": null, ""20"": null, ""21"": null, ""22"": null, ""23"": 0.0, ""24"": null, ""25"": null, ""26"": null, ""27"": null, ""28"": null, ""29"": null, ""30"": null}",62,tab1a2021-link_m,coal-statistics-download-excel-7,coal_statistics,Download Excel,https://coal.gov.in/sites/default/files/2024-03/cdchap6.xlsx
source_reference,"{""0"": null, ""1"": 62.0, ""2"": ""NCL"", ""3"": ""04"", ""4"": ""NCL"", ""5"": ""UP"", ""6"": ""33"", ""7"": ""S"", ""8"": ""C"", ""9"": 0, ""10"": 0, ""11"": 0, ""12"": 5163, ""13"": 5163, ""14"": null, ""15"": null, ""16"": null, ""17"": null, ""18"": null, ""19"": null, ""20"": null, ""21"": null, ""22"": null, ""23"": 0.0, ""24"": null, ""25"": null, ""26"": null, ""27"": null, ""28"": null, ""29"": null, ""30"": null}",63,tab1a2021-link_m,coal-statistics-download-excel-7,coal_statistics,Download Excel,https://coal.gov.in/sites/default/files/2024-03/cdchap6.xlsx
source_reference,"{""0"": null, ""1"": 63.0, ""2"": ""NCL"", ""3"": ""04"", ""4"": ""NCL"", ""5"": ""TOT"", ""6"": ""99"", ""7"": ""S"", ""8"": ""C"", ""9"": 0, ""10"": 0, ""11"": 0, ""12"": 10396, ""13"": 10396, ""14"": null, ""15"": null, ""16"": null, ""17"": null, ""18"": null, ""19"": null, ""20"": null, ""21"": null, ""22"": null, ""23"": 0.0, ""24"": null, ""25"": null, ""26"": null, ""27"": null, ""28"": null, ""29"": null, ""30"": null}",64,tab1a2021-link_m,coal-statistics-download-excel-7,coal_statistics,Download Excel,https://coal.gov.in/sites/default/files/2024-03/cdchap6.xlsx
source_reference,"{""0"": null, ""1"": 64.0, ""2"": ""NCL"", ""3"": ""04"", ""4"": ""NCL"", ""5"": ""MP"", ""6"": ""20"", ""7"": ""V"", ""8"": ""C"", ""9"": 0, ""10"": 0, ""11"": 0, ""12"": 125196909, ""13"": 125196909, ""14"": null, ""15"": null, ""16"": 1277.1806357496991, ""17"": null, ""18"": null, ""19"": null, ""20"": null, ""21"": null, ""22"": null, ""23"": 0.0, ""24"": 1277.1806357496991, ""25"": null, ""26"": null, ""27"": null, ""28"": null, ""29"": null, ""30"": null}",65,tab1a2021-link_m,coal-statistics-download-excel-7,coal_statistics,Download Excel,https://coal.gov.in/sites/default/files/2024-03/cdchap6.xlsx
source_reference,"{""0"": null, ""1"": 65.0, ""2"": ""NCL"", ""3"": ""04"", ""4"": ""NCL"", ""5"": ""UP"", ""6"": ""33"", ""7"": ""V"", ""8"": ""C"", ""9"": 0, ""10"": 0, ""11"": 0, ""12"": 23963270, ""13"": 23963270, ""14"": null, ""15"": null, ""16"": 1408.2786788904561, ""17"": null, ""18"": null, ""19"": null, ""20"": null, ""21"": null, ""22"": null, ""23"": 0.0, ""24"": 1408.2786788904561, ""25"": null, ""26"": null, ""27"": null, ""28"": null, ""29"": null, ""30"": null}",66,tab1a2021-link_m,coal-statistics-download-excel-7,coal_statistics,Download Excel,https://coal.gov.in/sites/default/files/2024-03/cdchap6.xlsx
source_reference,"{""0"": null, ""1"": 66.0, ""2"": ""NCL"", ""3"": ""04"", ""4"": ""NCL"", ""5"": ""TOT"", ""6"": ""99"", ""7"": ""V"", ""8"": ""C"", ""9"": 0, ""10"": 0, ""11"": 0, ""12"": 149160179, ""13"": 149160179, ""14"": null, ""15"": null, ""16"": 1296.5715043201612, ""17"": null, ""18"": null, ""19"": null, ""20"": null, ""21"": null, ""22"": null, ""23"": 0.0, ""24"": 1296.5715043201612, ""25"": null, ""26"": null, ""27"": null, ""28"": null, ""29"": null, ""30"": null}",67,tab1a2021-link_m,coal-statistics-download-excel-7,coal_statistics,Download Excel,https://coal.gov.in/sites/default/files/2024-03/cdchap6.xlsx
source_reference,"{""0"": null, ""1"": 67.0, ""2"": ""NEC"", ""3"": ""08"", ""4"": ""NEC"", ""5"": ""ASM"", ""6"": ""04"", ""7"": ""O"", ""8"": ""C"", ""9"": 0, ""10"": 0, ""11"": 0, ""12"": 54, ""13"": 54, ""14"": null, ""15"": null, ""16"": null, ""17"": null, ""18"": null, ""19"": null, ""20"": null, ""21"": null, ""22"": null, ""23"": 0.0, ""24"": null, ""25"": null, ""26"": null, ""27"": null, ""28"": null, ""29"": null, ""30"": null}",68,tab1a2021-link_m,coal-statistics-download-excel-7,coal_statistics,Download Excel,https://coal.gov.in/sites/default/files/2024-03/cdchap6.xlsx
source_reference,"{""0"": null, ""1"": 68.0, ""2"": ""NEC"", ""3"": ""08"", ""4"": ""NEC"", ""5"": ""ASM"", ""6"": ""04"", ""7"": ""P"", ""8"": ""C"", ""9"": 0, ""10"": 0, ""11"": 0, ""12"": 36, ""13"": 36, ""14"": null, ""15"": null, ""16"": null, ""17"": null, ""18"": null, ""19"": null, ""20"": null, ""21"": null, ""22"": null, ""23"": 0.0, ""24"": null, ""25"": null, ""26"": null, ""27"": null, ""28"": null, ""29"": null, ""30"": null}",69,tab1a2021-link_m,coal-statistics-download-excel-7,coal_statistics,Download Excel,https://coal.gov.in/sites/default/files/2024-03/cdchap6.xlsx
source_reference,"{""0"": null, ""1"": 69.0, ""2"": ""NEC"", ""3"": ""08"", ""4"": ""NEC"", ""5"": ""ASM"", ""6"": ""04"", ""7"": ""D"", ""8"": ""C"", ""9"": 0, ""10"": 0, ""11"": 0, ""12"": 90, ""13"": 90, ""14"": null, ""15"": null, ""16"": null, ""17"": null, ""18"": null, ""19"": null, ""20"": null, ""21"": null, ""22"": null, ""23"": 0.0, ""24"": null, ""25"": null, ""26"": null, ""27"": null, ""28"": null, ""29"": null, ""30"": null}",70,tab1a2021-link_m,coal-statistics-download-excel-7,coal_statistics,Download Excel,https://coal.gov.in/sites/default/files/2024-03/cdchap6.xlsx
source_reference,"{""0"": null, ""1"": 70.0, ""2"": ""NEC"", ""3"": ""08"", ""4"": ""NEC"", ""5"": ""ASM"", ""6"": ""04"", ""7"": ""F"", ""8"": ""C"", ""9"": 0, ""10"": 0, ""11"": 0, ""12"": 90, ""13"": 90, ""14"": null, ""15"": null, ""16"": null, ""17"": null, ""18"": null, ""19"": null, ""20"": null, ""21"": null, ""22"": null, ""23"": 0.0, ""24"": null, ""25"": null, ""26"": null, ""27"": null, ""28"": null, ""29"": null, ""30"": null}",71,tab1a2021-link_m,coal-statistics-download-excel-7,coal_statistics,Download Excel,https://coal.gov.in/sites/default/files/2024-03/cdchap6.xlsx
source_reference,"{""0"": null, ""1"": 71.0, ""2"": ""NEC"", ""3"": ""08"", ""4"": ""NEC"", ""5"": ""ASM"", ""6"": ""04"", ""7"": ""S"", ""8"": ""C"", ""9"": 0, ""10"": 0, ""11"": 0, ""12"": 0, ""13"": 0, ""14"": null, ""15"": null, ""16"": null, ""17"": null, ""18"": null, ""19"": null, ""20"": null, ""21"": null, ""22"": null, ""23"": 0.0, ""24"": null, ""25"": null, ""26"": null, ""27"": null, ""28"": null, ""29"": null, ""30"": null}",72,tab1a2021-link_m,coal-statistics-download-excel-7,coal_statistics,Download Excel,https://coal.gov.in/sites/default/files/2024-03/cdchap6.xlsx
source_reference,"{""0"": null, ""1"": 72.0, ""2"": ""NEC"", ""3"": ""08"", ""4"": ""NEC"", ""5"": ""ASM"", ""6"": ""04"", ""7"": ""V"", ""8"": ""C"", ""9"": 0, ""10"": 0, ""11"": 0, ""12"": 0, ""13"": 0, ""14"": null, ""15"": null, ""16"": 0, ""17"": null, ""18"": null, ""19"": null, ""20"": null, ""21"": null, ""22"": null, ""23"": null, ""24"": null, ""25"": null, ""26"": null, ""27"": null, ""28"": null, ""29"": null, ""30"": null}",73,tab1a2021-link_m,coal-statistics-download-excel-7,coal_statistics,Download Excel,https://coal.gov.in/sites/default/files/2024-03/cdchap6.xlsx
source_reference,"{""0"": null, ""1"": 73.0, ""2"": ""SECL"", ""3"": 0, ""4"": ""SECL"", ""5"": ""MP"", ""6"": 0, ""7"": ""O"", ""8"": ""C"", ""9"": 0, ""10"": 0, ""11"": 0, ""12"": 596, ""13"": 596, ""14"": null, ""15"": null, ""16"": null, ""17"": null, ""18"": null, ""19"": null, ""20"": null, ""21"": null, ""22"": null, ""23"": 0.0, ""24"": null, ""25"": null, ""26"": null, ""27"": null, ""28"": null, ""29"": null, ""30"": null}",74,tab1a2021-link_m,coal-statistics-download-excel-7,coal_statistics,Download Excel,https://coal.gov.in/sites/default/files/2024-03/cdchap6.xlsx
source_reference,"{""0"": null, ""1"": 74.0, ""2"": ""SECL"", ""3"": 0, ""4"": ""SECL"", ""5"": ""CHG"", ""6"": 0, ""7"": ""O"", ""8"": ""C"", ""9"": 0, ""10"": 87, ""11"": 87, ""12"": 17035, ""13"": 17122, ""14"": null, ""15"": null, ""16"": null, ""17"": null, ""18"": null, ""19"": null, ""20"": null, ""21"": null, ""22"": null, ""23"": 0.0, ""24"": null, ""25"": null, ""26"": null, ""27"": null, ""28"": null, ""29"": null, ""30"": null}",75,tab1a2021-link_m,coal-statistics-download-excel-7,coal_statistics,Download Excel,https://coal.gov.in/sites/default/files/2024-03/cdchap6.xlsx
source_reference,"{""0"": null, ""1"": 75.0, ""2"": ""SECL"", ""3"": 0, ""4"": ""SECL"", ""5"": ""TOT"", ""6"": 0, ""7"": ""O"", ""8"": ""C"", ""9"": 0, ""10"": 87, ""11"": 87, ""12"": 17631, ""13"": 17718, ""14"": null, ""15"": null, ""16"": null, ""17"": null, ""18"": null, ""19"": null, ""20"": null, ""21"": null, ""22"": null, ""23"": 0.0, ""24"": null, ""25"": null, ""26"": null, ""27"": null, ""28"": null, ""29"": null, ""30"": null}",76,tab1a2021-link_m,coal-statistics-download-excel-7,coal_statistics,Download Excel,https://coal.gov.in/sites/default/files/2024-03/cdchap6.xlsx
source_reference,"{""0"": null, ""1"": 76.0, ""2"": ""SECL"", ""3"": 0, ""4"": ""SECL"", ""5"": ""MP"", ""6"": 0, ""7"": ""P"", ""8"": ""C"", ""9"": 0, ""10"": 0, ""11"": 0, ""12"": 9943, ""13"": 9943, ""14"": null, ""15"": null, ""16"": null, ""17"": null, ""18"": null, ""19"": null, ""20"": null, ""21"": null, ""22"": null, ""23"": 0.0, ""24"": null, ""25"": 145738, ""26"": null, ""27"": null, ""28"": null, ""29"": null, ""30"": null}",77,tab1a2021-link_m,coal-statistics-download-excel-7,coal_statistics,Download Excel,https://coal.gov.in/sites/default/files/2024-03/cdchap6.xlsx
source_reference,"{""0"": null, ""1"": 77.0, ""2"": ""SECL"", ""3"": 0, ""4"": ""SECL"", ""5"": ""CHG"", ""6"": 0, ""7"": ""P"", ""8"": ""C"", ""9"": 0, ""10"": 219, ""11"": 219, ""12"": 137241, ""13"": 137460, ""14"": null, ""15"": null, ""16"": null, ""17"": null, ""18"": null, ""19"": null, ""20"": null, ""21"": null, ""22"": null, ""23"": 0.0, ""24"": null, ""25"": null, ""26"": null, ""27"": null, ""28"": null, ""29"": null, ""30"": null}",78,tab1a2021-link_m,coal-statistics-download-excel-7,coal_statistics,Download Excel,https://coal.gov.in/sites/default/files/2024-03/cdchap6.xlsx
source_reference,"{""0"": null, ""1"": 78.0, ""2"": ""SECL"", ""3"": 0, ""4"": ""SECL"", ""5"": ""TOT"", ""6"": 0, ""7"": ""P"", ""8"": ""C"", ""9"": 0, ""10"": 219, ""11"": 219, ""12"": 147184, ""13"": 147403, ""14"": null, ""15"": null, ""16"": null, ""17"": null, ""18"": null, ""19"": null, ""20"": null, ""21"": null, ""22"": null, ""23"": 0.0, ""24"": null, ""25"": null, ""26"": null, ""27"": null, ""28"": null, ""29"": null, ""30"": null}",79,tab1a2021-link_m,coal-statistics-download-excel-7,coal_statistics,Download Excel,https://coal.gov.in/sites/default/files/2024-03/cdchap6.xlsx
source_reference,"{""0"": null, ""1"": 79.0, ""2"": ""SECL"", ""3"": 0, ""4"": ""SECL"", ""5"": ""MP"", ""6"": 0, ""7"": ""D"", ""8"": ""C"", ""9"": 0, ""10"": 0, ""11"": 0, ""12"": 10724, ""13"": 10724, ""14"": null, ""15"": null, ""16"": null, ""17"": null, ""18"": null, ""19"": null, ""20"": null, ""21"": null, ""22"": null, ""23"": 0.0, ""24"": null, ""25"": null, ""26"": null, ""27"": null, ""28"": null, ""29"": null, ""30"": null}",80,tab1a2021-link_m,coal-statistics-download-excel-7,coal_statistics,Download Excel,https://coal.gov.in/sites/default/files/2024-03/cdchap6.xlsx
source_reference,"{""0"": null, ""1"": 80.0, ""2"": ""SECL"", ""3"": 0, ""4"": ""SECL"", ""5"": ""CHG"", ""6"": 0, ""7"": ""D"", ""8"": ""C"", ""9"": 0, ""10"": 271, ""11"": 271, ""12"": 124528, ""13"": 124799, ""14"": null, ""15"": null, ""16"": null, ""17"": null, ""18"": null, ""19"": null, ""20"": null, ""21"": null, ""22"": null, ""23"": 0.0, ""24"": null, ""25"": null, ""26"": null, ""27"": null, ""28"": null, ""29"": null, ""30"": null}",81,tab1a2021-link_m,coal-statistics-download-excel-7,coal_statistics,Download Excel,https://coal.gov.in/sites/default/files/2024-03/cdchap6.xlsx
source_reference,"{""0"": null, ""1"": 81.0, ""2"": ""SECL"", ""3"": 0, ""4"": ""SECL"", ""5"": ""TOT"", ""6"": 0, ""7"": ""D"", ""8"": ""C"", ""9"": 0, ""10"": 271, ""11"": 271, ""12"": 135252, ""13"": 135523, ""14"": null, ""15"": null, ""16"": null, ""17"": null, ""18"": null, ""19"": null, ""20"": null, ""21"": null, ""22"": null, ""23"": 0.0, ""24"": 135534, ""25"": null, ""26"": null, ""27"": null, ""28"": null, ""29"": null, ""30"": null}",82,tab1a2021-link_m,coal-statistics-download-excel-7,coal_statistics,Download Excel,https://coal.gov.in/sites/default/files/2024-03/cdchap6.xlsx
source_reference,"{""0"": null, ""1"": 82.0, ""2"": ""SECL"", ""3"": 0, ""4"": ""SECL"", ""5"": ""MP"", ""6"": 0, ""7"": ""F"", ""8"": ""C"", ""9"": 0, ""10"": 0, ""11"": 0, ""12"": 10732, ""13"": 10732, ""14"": null, ""15"": null, ""16"": null, ""17"": null, ""18"": null, ""19"": null, ""20"": null, ""21"": null, ""22"": null, ""23"": 0.0, ""24"": null, ""25"": null, ""26"": null, ""27"": null, ""28"": null, ""29"": null, ""30"": null}",83,tab1a2021-link_m,coal-statistics-download-excel-7,coal_statistics,Download Excel,https://coal.gov.in/sites/default/files/2024-03/cdchap6.xlsx
source_reference,"{""0"": null, ""1"": 83.0, ""2"": ""SECL"", ""3"": 0, ""4"": ""SECL"", ""5"": ""CHG"", ""6"": 0, ""7"": ""F"", ""8"": ""C"", ""9"": 0, ""10"": 271, ""11"": 271, ""12"": 124529, ""13"": 124800, ""14"": null, ""15"": null, ""16"": null, ""17"": null, ""18"": null, ""19"": null, ""20"": null, ""21"": null, ""22"": null, ""23"": 0.0, ""24"": ""G8"", ""25"": ""G9"", ""26"": ""G10"", ""27"": ""G11"", ""28"": ""G12"", ""29"": null, ""30"": null}",84,tab1a2021-link_m,coal-statistics-download-excel-7,coal_statistics,Download Excel,https://coal.gov.in/sites/default/files/2024-03/cdchap6.xlsx
source_reference,"{""0"": null, ""1"": 84.0, ""2"": ""SECL"", ""3"": 0, ""4"": ""SECL"", ""5"": ""TOT"", ""6"": 0, ""7"": ""F"", ""8"": ""C"", ""9"": 0, ""10"": 271, ""11"": 271, ""12"": 135261, ""13"": 135532, ""14"": null, ""15"": null, ""16"": null, ""17"": null, ""18"": null, ""19"": null, ""20"": null, ""21"": null, ""22"": null, ""23"": 0.0, ""24"": 0, ""25"": 0, ""26"": 0, ""27"": 0, ""28"": 0, ""29"": 0.0, ""30"": ""MP""}",85,tab1a2021-link_m,coal-statistics-download-excel-7,coal_statistics,Download Excel,https://coal.gov.in/sites/default/files/2024-03/cdchap6.xlsx
source_reference,"{""0"": null, ""1"": 85.0, ""2"": ""SECL"", ""3"": 0, ""4"": ""SECL"", ""5"": ""MP"", ""6"": 0, ""7"": ""S"", ""8"": ""C"", ""9"": 0, ""10"": 0, ""11"": 0, ""12"": 502, ""13"": 502, ""14"": null, ""15"": null, ""16"": null, ""17"": null, ""18"": null, ""19"": null, ""20"": null, ""21"": null, ""22"": null, ""23"": 0.0, ""24"": 1034, ""25"": 1021, ""26"": 1722, ""27"": 94778, ""28"": 10819, ""29"": 109374.0, ""30"": ""CHG""}",86,tab1a2021-link_m,coal-statistics-download-excel-7,coal_statistics,Download Excel,https://coal.gov.in/sites/default/files/2024-03/cdchap6.xlsx
source_reference,"{""0"": null, ""1"": 86.0, ""2"": ""SECL"", ""3"": 0, ""4"": ""SECL"", ""5"": ""CHG"", ""6"": 0, ""7"": ""S"", ""8"": ""C"", ""9"": 0, ""10"": 19, ""11"": 19, ""12"": 29068, ""13"": 29087, ""14"": null, ""15"": null, ""16"": null, ""17"": null, ""18"": null, ""19"": null, ""20"": null, ""21"": null, ""22"": null, ""23"": 0.0, ""24"": 1034, ""25"": 1021, ""26"": 1722, ""27"": 94778, ""28"": 10819, ""29"": 109374.0, ""30"": null}",87,tab1a2021-link_m,coal-statistics-download-excel-7,coal_statistics,Download Excel,https://coal.gov.in/sites/default/files/2024-03/cdchap6.xlsx
source_reference,"{""0"": null, ""1"": 87.0, ""2"": ""SECL"", ""3"": 0, ""4"": ""SECL"", ""5"": ""TOT"", ""6"": 0, ""7"": ""S"", ""8"": ""C"", ""9"": 0, ""10"": 19, ""11"": 19, ""12"": 29570, ""13"": 29589, ""14"": null, ""15"": null, ""16"": null, ""17"": null, ""18"": null, ""19"": null, ""20"": null, ""21"": null, ""22"": null, ""23"": 0.0, ""24"": 1690, ""25"": 1310, ""26"": 1160, ""27"": 950, ""28"": 890, ""29"": null, ""30"": null}",88,tab1a2021-link_m,coal-statistics-download-excel-7,coal_statistics,Download Excel,https://coal.gov.in/sites/default/files/2024-03/cdchap6.xlsx
source_reference,"{""0"": null, ""1"": 88.0, ""2"": ""SECL"", ""3"": 0, ""4"": ""SECL"", ""5"": ""MP"", ""6"": 0, ""7"": ""V"", ""8"": ""C"", ""9"": 0, ""10"": 0, ""11"": 0, ""12"": 0, ""13"": 0, ""14"": null, ""15"": null, ""16"": 0, ""17"": null, ""18"": null, ""19"": null, ""20"": null, ""21"": null, ""22"": null, ""23"": 0.0, ""24"": 0, ""25"": 0, ""26"": 0, ""27"": 0, ""28"": 0, ""29"": 0.0, ""30"": null}",89,tab1a2021-link_m,coal-statistics-download-excel-7,coal_statistics,Download Excel,https://coal.gov.in/sites/default/files/2024-03/cdchap6.xlsx
source_reference,"{""0"": null, ""1"": 89.0, ""2"": ""SECL"", ""3"": 0, ""4"": ""SECL"", ""5"": ""CHG"", ""6"": 0, ""7"": ""V"", ""8"": ""C"", ""9"": 0, ""10"": 1091244, ""11"": 0, ""12"": 0, ""13"": 0, ""14"": null, ""15"": null, ""16"": 0, ""17"": null, ""18"": null, ""19"": null, ""20"": null, ""21"": null, ""22"": null, ""23"": 0.0, ""24"": 1747460, ""25"": 1337510, ""26"": 1997520, ""27"": 90039100, ""28"": 9628910, ""29"": 104750500.0, ""30"": 957.7276135096092}",90,tab1a2021-link_m,coal-statistics-download-excel-7,coal_statistics,Download Excel,https://coal.gov.in/sites/default/files/2024-03/cdchap6.xlsx
source_reference,"{""0"": null, ""1"": 90.0, ""2"": ""SECL"", ""3"": 0, ""4"": ""SECL"", ""5"": ""TOT"", ""6"": 0, ""7"": ""V"", ""8"": ""C"", ""9"": 0, ""10"": 1091244, ""11"": 0, ""12"": 0, ""13"": 0, ""14"": null, ""15"": null, ""16"": 0, ""17"": null, ""18"": null, ""19"": null, ""20"": null, ""21"": null, ""22"": null, ""23"": 0.0, ""24"": 1747460, ""25"": 1337510, ""26"": 1997520, ""27"": 90039100, ""28"": 9628910, ""29"": 104750500.0, ""30"": 957.7276135096092}",91,tab1a2021-link_m,coal-statistics-download-excel-7,coal_statistics,Download Excel,https://coal.gov.in/sites/default/files/2024-03/cdchap6.xlsx
source_reference,"{""0"": null, ""1"": 91.0, ""2"": ""WCL"", ""3"": ""05"", ""4"": ""WCL"", ""5"": ""MP"", ""6"": ""20"", ""7"": ""O"", ""8"": ""C"", ""9"": null, ""10"": 3, ""11"": 3, ""12"": 685, ""13"": 688, ""14"": null, ""15"": null, ""16"": null, ""17"": null, ""18"": null, ""19"": null, ""20"": null, ""21"": null, ""22"": null, ""23"": 0.0, ""24"": null, ""25"": null, ""26"": null, ""27"": null, ""28"": null, ""29"": null, ""30"": null}",92,tab1a2021-link_m,coal-statistics-download-excel-7,coal_statistics,Download Excel,https://coal.gov.in/sites/default/files/2024-03/cdchap6.xlsx
source_reference,"{""0"": null, ""1"": 92.0, ""2"": ""WCL"", ""3"": ""05"", ""4"": ""WCL"", ""5"": ""MAH"", ""6"": ""21"", ""7"": ""O"", ""8"": ""C"", ""9"": 0, ""10"": 0, ""11"": 0, ""12"": 13608, ""13"": 13608, ""14"": null, ""15"": null, ""16"": null, ""17"": null, ""18"": null, ""19"": null, ""20"": null, ""21"": null, ""22"": null, ""23"": 0.0, ""24"": null, ""25"": null, ""26"": null, ""27"": null, ""28"": null, ""29"": null, ""30"": null}",93,tab1a2021-link_m,coal-statistics-download-excel-7,coal_statistics,Download Excel,https://coal.gov.in/sites/default/files/2024-03/cdchap6.xlsx
source_reference,"{""0"": null, ""1"": 93.0, ""2"": ""WCL"", ""3"": ""05"", ""4"": ""WCL"", ""5"": ""TOT"", ""6"": ""99"", ""7"": ""O"", ""8"": ""C"", ""9"": 0, ""10"": 3, ""11"": 3, ""12"": 14293, ""13"": 14296, ""14"": null, ""15"": null, ""16"": null, ""17"": null, ""18"": null, ""19"": null, ""20"": null, ""21"": null, ""22"": null, ""23"": 0.0, ""24"": null, ""25"": null, ""26"": null, ""27"": null, ""28"": null, ""29"": null, ""30"": null}",94,tab1a2021-link_m,coal-statistics-download-excel-7,coal_statistics,Download Excel,https://coal.gov.in/sites/default/files/2024-03/cdchap6.xlsx
source_reference,"{""0"": null, ""1"": 94.0, ""2"": ""WCL"", ""3"": ""05"", ""4"": ""WCL"", ""5"": ""MP"", ""6"": ""20"", ""7"": ""P"", ""8"": ""C"", ""9"": null, ""10"": 181, ""11"": 181, ""12"": 2839, ""13"": 3020, ""14"": null, ""15"": null, ""16"": null, ""17"": null, ""18"": null, ""19"": null, ""20"": null, ""21"": null, ""22"": null, ""23"": 0.0, ""24"": null, ""25"": null, ""26"": null, ""27"": null, ""28"": null, ""29"": null, ""30"": null}",95,tab1a2021-link_m,coal-statistics-download-excel-7,coal_statistics,Download Excel,https://coal.gov.in/sites/default/files/2024-03/cdchap6.xlsx
source_reference,"{""0"": null, ""1"": 95.0, ""2"": ""WCL"", ""3"": ""05"", ""4"": ""WCL"", ""5"": ""MAH"", ""6"": ""21"", ""7"": ""P"", ""8"": ""C"", ""9"": 0, ""10"": 0, ""11"": 0, ""12"": 47255, ""13"": 47255, ""14"": null, ""15"": null, ""16"": null, ""17"": null, ""18"": null, ""19"": null, ""20"": null, ""21"": null, ""22"": null, ""23"": 0.0, ""24"": null, ""25"": null, ""26"": null, ""27"": null, ""28"": null, ""29"": null, ""30"": null}",96,tab1a2021-link_m,coal-statistics-download-excel-7,coal_statistics,Download Excel,https://coal.gov.in/sites/default/files/2024-03/cdchap6.xlsx
source_reference,"{""0"": null, ""1"": 96.0, ""2"": ""WCL"", ""3"": ""05"", ""4"": ""WCL"", ""5"": ""TOT"", ""6"": ""99"", ""7"": ""P"", ""8"": ""C"", ""9"": 0, ""10"": 181, ""11"": 181, ""12"": 50094, ""13"": 50275, ""14"": null, ""15"": null, ""16"": null, ""17"": null, ""18"": null, ""19"": null, ""20"": null, ""21"": null, ""22"": null, ""23"": 0.0, ""24"": null, ""25"": null, ""26"": null, ""27"": null, ""28"": null, ""29"": null, ""30"": null}",97,tab1a2021-link_m,coal-statistics-download-excel-7,coal_statistics,Download Excel,https://coal.gov.in/sites/default/files/2024-03/cdchap6.xlsx
source_reference,"{""0"": null, ""1"": 97.0, ""2"": ""WCL"", ""3"": ""05"", ""4"": ""WCL"", ""5"": ""MP"", ""6"": ""20"", ""7"": ""D"", ""8"": ""C"", ""9"": null, ""10"": 184, ""11"": 184, ""12"": 3146, ""13"": 3330, ""14"": null, ""15"": null, ""16"": null, ""17"": null, ""18"": null, ""19"": null, ""20"": null, ""21"": null, ""22"": null, ""23"": 0.0, ""24"": null, ""25"": null, ""26"": null, ""27"": null, ""28"": null, ""29"": null, ""30"": null}",98,tab1a2021-link_m,coal-statistics-download-excel-7,coal_statistics,Download Excel,https://coal.gov.in/sites/default/files/2024-03/cdchap6.xlsx
source_reference,"{""0"": null, ""1"": 98.0, ""2"": ""WCL"", ""3"": ""05"", ""4"": ""WCL"", ""5"": ""MAH"", ""6"": ""21"", ""7"": ""D"", ""8"": ""C"", ""9"": 0, ""10"": 0, ""11"": 0, ""12"": 46358, ""13"": 46358, ""14"": null, ""15"": null, ""16"": null, ""17"": null, ""18"": null, ""19"": null, ""20"": null, ""21"": null, ""22"": null, ""23"": 0.0, ""24"": null, ""25"": null, ""26"": null, ""27"": null, ""28"": null, ""29"": null, ""30"": null}",99,tab1a2021-link_m,coal-statistics-download-excel-7,coal_statistics,Download Excel,https://coal.gov.in/sites/default/files/2024-03/cdchap6.xlsx
source_reference,"{""0"": null, ""1"": 99.0, ""2"": ""WCL"", ""3"": ""05"", ""4"": ""WCL"", ""5"": ""TOT"", ""6"": ""99"", ""7"": ""D"", ""8"": ""C"", ""9"": 0, ""10"": 184, ""11"": 184, ""12"": 49504, ""13"": 49688, ""14"": null, ""15"": null, ""16"": null, ""17"": null, ""18"": null, ""19"": null, ""20"": null, ""21"": null, ""22"": null, ""23"": 0.0, ""24"": null, ""25"": null, ""26"": null, ""27"": null, ""28"": null, ""29"": null, ""30"": null}",100,tab1a2021-link_m,coal-statistics-download-excel-7,coal_statistics,Download Excel,https://coal.gov.in/sites/default/files/2024-03/cdchap6.xlsx
source_reference,"{""0"": null, ""1"": 100.0, ""2"": ""WCL"", ""3"": ""05"", ""4"": ""WCL"", ""5"": ""MP"", ""6"": ""20"", ""7"": ""F"", ""8"": ""C"", ""9"": null, ""10"": 184, ""11"": 184, ""12"": 3147, ""13"": 3331, ""14"": null, ""15"": null, ""16"": null, ""17"": null, ""18"": null, ""19"": null, ""20"": null, ""21"": null, ""22"": null, ""23"": 0.0, ""24"": null, ""25"": null, ""26"": null, ""27"": null, ""28"": null, ""29"": null, ""30"": null}",101,tab1a2021-link_m,coal-statistics-download-excel-7,coal_statistics,Download Excel,https://coal.gov.in/sites/default/files/2024-03/cdchap6.xlsx
source_reference,"{""0"": null, ""1"": 101.0, ""2"": ""WCL"", ""3"": ""05"", ""4"": ""WCL"", ""5"": ""MAH"", ""6"": ""21"", ""7"": ""F"", ""8"": ""C"", ""9"": 0, ""10"": 0, ""11"": 0, ""12"": 46362, ""13"": 46362, ""14"": null, ""15"": null, ""16"": null, ""17"": null, ""18"": null, ""19"": null, ""20"": null, ""21"": null, ""22"": null, ""23"": 0.0, ""24"": null, ""25"": null, ""26"": null, ""27"": null, ""28"": null, ""29"": null, ""30"": null}",102,tab1a2021-link_m,coal-statistics-download-excel-7,coal_statistics,Download Excel,https://coal.gov.in/sites/default/files/2024-03/cdchap6.xlsx
source_reference,"{""0"": null, ""1"": 102.0, ""2"": ""WCL"", ""3"": ""05"", ""4"": ""WCL"", ""5"": ""TOT"", ""6"": ""99"", ""7"": ""F"", ""8"": ""C"", ""9"": 0, ""10"": 184, ""11"": 184, ""12"": 49509, ""13"": 49693, ""14"": null, ""15"": null, ""16"": null, ""17"": null, ""18"": null, ""19"": null, ""20"": null, ""21"": null, ""22"": null, ""23"": 0.0, ""24"": null, ""25"": null, ""26"": null, ""27"": null, ""28"": null, ""29"": null, ""30"": null}",103,tab1a2021-link_m,coal-statistics-download-excel-7,coal_statistics,Download Excel,https://coal.gov.in/sites/default/files/2024-03/cdchap6.xlsx
source_reference,"{""0"": null, ""1"": 103.0, ""2"": ""WCL"", ""3"": ""05"", ""4"": ""WCL"", ""5"": ""MP"", ""6"": ""20"", ""7"": ""S"", ""8"": ""C"", ""9"": 0, ""10"": 1, ""11"": 1, ""12"": 377, ""13"": 378, ""14"": null, ""15"": null, ""16"": null, ""17"": null, ""18"": null, ""19"": null, ""20"": null, ""21"": null, ""22"": null, ""23"": 0.0, ""24"": null, ""25"": null, ""26"": null, ""27"": null, ""28"": null, ""29"": null, ""30"": null}",104,tab1a2021-link_m,coal-statistics-download-excel-7,coal_statistics,Download Excel,https://coal.gov.in/sites/default/files/2024-03/cdchap6.xlsx
source_reference,"{""0"": null, ""1"": 104.0, ""2"": ""WCL"", ""3"": ""05"", ""4"": ""WCL"", ""5"": ""MAH"", ""6"": ""21"", ""7"": ""S"", ""8"": ""C"", ""9"": 0, ""10"": 0, ""11"": 0, ""12"": 14501, ""13"": 14501, ""14"": null, ""15"": null, ""16"": null, ""17"": null, ""18"": null, ""19"": null, ""20"": null, ""21"": null, ""22"": null, ""23"": 0.0, ""24"": null, ""25"": null, ""26"": null, ""27"": null, ""28"": null, ""29"": null, ""30"": null}",105,tab1a2021-link_m,coal-statistics-download-excel-7,coal_statistics,Download Excel,https://coal.gov.in/sites/default/files/2024-03/cdchap6.xlsx
source_reference,"{""0"": null, ""1"": 105.0, ""2"": ""WCL"", ""3"": ""05"", ""4"": ""WCL"", ""5"": ""TOT"", ""6"": ""99"", ""7"": ""S"", ""8"": ""C"", ""9"": 0, ""10"": 1, ""11"": 1, ""12"": 14878, ""13"": 14879, ""14"": null, ""15"": null, ""16"": null, ""17"": null, ""18"": null, ""19"": null, ""20"": null, ""21"": null, ""22"": null, ""23"": 0.0, ""24"": null, ""25"": null, ""26"": null, ""27"": null, ""28"": null, ""29"": null, ""30"": null}",106,tab1a2021-link_m,coal-statistics-download-excel-7,coal_statistics,Download Excel,https://coal.gov.in/sites/default/files/2024-03/cdchap6.xlsx
source_reference,"{""0"": null, ""1"": 106.0, ""2"": ""WCL"", ""3"": ""05"", ""4"": ""WCL"", ""5"": ""MP"", ""6"": ""20"", ""7"": ""V"", ""8"": ""C"", ""9"": 0, ""10"": null, ""11"": 0, ""12"": 0, ""13"": 0, ""14"": ""Estimated over previous value"", ""15"": null, ""16"": 0, ""17"": null, ""18"": null, ""19"": null, ""20"": null, ""21"": null, ""22"": null, ""23"": 0.0, ""24"": 0, ""25"": null, ""26"": null, ""27"": null, ""28"": null, ""29"": null, ""30"": null}",107,tab1a2021-link_m,coal-statistics-download-excel-7,coal_statistics,Download Excel,https://coal.gov.in/sites/default/files/2024-03/cdchap6.xlsx
source_reference,"{""0"": null, ""1"": 107.0, ""2"": ""WCL"", ""3"": ""05"", ""4"": ""WCL"", ""5"": ""MAH"", ""6"": ""21"", ""7"": ""V"", ""8"": ""C"", ""9"": null, ""10"": null, ""11"": 0, ""12"": 0, ""13"": 0, ""14"": ""Estimated over previous value"", ""15"": null, ""16"": 0, ""17"": null, ""18"": null, ""19"": null, ""20"": null, ""21"": null, ""22"": null, ""23"": 0.0, ""24"": 0, ""25"": null, ""26"": null, ""27"": null, ""28"": null, ""29"": null, ""30"": null}",108,tab1a2021-link_m,coal-statistics-download-excel-7,coal_statistics,Download Excel,https://coal.gov.in/sites/default/files/2024-03/cdchap6.xlsx
source_reference,"{""0"": null, ""1"": 108.0, ""2"": ""WCL"", ""3"": ""05"", ""4"": ""WCL"", ""5"": ""TOT"", ""6"": ""99"", ""7"": ""V"", ""8"": ""C"", ""9"": 0, ""10"": 0, ""11"": 0, ""12"": 0, ""13"": 0, ""14"": ""Estimated over previous value"", ""15"": null, ""16"": 0, ""17"": null, ""18"": null, ""19"": null, ""20"": null, ""21"": null, ""22"": null, ""23"": 0.0, ""24"": 0, ""25"": null, ""26"": null, ""27"": null, ""28"": null, ""29"": null, ""30"": null}",109,tab1a2021-link_m,coal-statistics-download-excel-7,coal_statistics,Download Excel,https://coal.gov.in/sites/default/files/2024-03/cdchap6.xlsx
source_reference,"{""0"": null, ""1"": 109.0, ""2"": ""DVC"", ""3"": ""30"", ""4"": ""DVC"", ""5"": ""JKD"", ""6"": 16, ""7"": ""O"", ""8"": ""C"", ""9"": null, ""10"": 0, ""11"": 0, ""12"": 0, ""13"": 0, ""14"": null, ""15"": null, ""16"": null, ""17"": null, ""18"": null, ""19"": null, ""20"": null, ""21"": null, ""22"": null, ""23"": 0.0, ""24"": null, ""25"": null, ""26"": null, ""27"": null, ""28"": null, ""29"": null, ""30"": null}",110,tab1a2021-link_m,coal-statistics-download-excel-7,coal_statistics,Download Excel,https://coal.gov.in/sites/default/files/2024-03/cdchap6.xlsx
source_reference,"{""0"": null, ""1"": 110.0, ""2"": ""DVC"", ""3"": ""30"", ""4"": ""DVC"", ""5"": ""JKD"", ""6"": 16, ""7"": ""P"", ""8"": ""C"", ""9"": null, ""10"": 0, ""11"": 0, ""12"": 0, ""13"": 0, ""14"": null, ""15"": null, ""16"": null, ""17"": null, ""18"": null, ""19"": null, ""20"": null, ""21"": null, ""22"": null, ""23"": 0.0, ""24"": null, ""25"": null, ""26"": null, ""27"": null, ""28"": null, ""29"": null, ""30"": null}",111,tab1a2021-link_m,coal-statistics-download-excel-7,coal_statistics,Download Excel,https://coal.gov.in/sites/default/files/2024-03/cdchap6.xlsx
source_reference,"{""0"": null, ""1"": 111.0, ""2"": ""DVC"", ""3"": ""30"", ""4"": ""DVC"", ""5"": ""JKD"", ""6"": 16, ""7"": ""D"", ""8"": ""C"", ""9"": null, ""10"": 0, ""11"": 0, ""12"": 0, ""13"": 0, ""14"": null, ""15"": null, ""16"": null, ""17"": null, ""18"": null, ""19"": null, ""20"": null, ""21"": null, ""22"": null, ""23"": 0.0, ""24"": null, ""25"": null, ""26"": null, ""27"": null, ""28"": null, ""29"": null, ""30"": null}",112,tab1a2021-link_m,coal-statistics-download-excel-7,coal_statistics,Download Excel,https://coal.gov.in/sites/default/files/2024-03/cdchap6.xlsx
source_reference,"{""0"": null, ""1"": 112.0, ""2"": ""DVC"", ""3"": ""30"", ""4"": ""DVC"", ""5"": ""JKD"", ""6"": 16, ""7"": ""F"", ""8"": ""C"", ""9"": null, ""10"": 0, ""11"": 0, ""12"": 0, ""13"": 0, ""14"": null, ""15"": null, ""16"": null, ""17"": null, ""18"": null, ""19"": null, ""20"": null, ""21"": null, ""22"": null, ""23"": 0.0, ""24"": null, ""25"": null, ""26"": null, ""27"": null, ""28"": null, ""29"": null, ""30"": null}",113,tab1a2021-link_m,coal-statistics-download-excel-7,coal_statistics,Download Excel,https://coal.gov.in/sites/default/files/2024-03/cdchap6.xlsx
source_reference,"{""0"": null, ""1"": 113.0, ""2"": ""DVC"", ""3"": ""30"", ""4"": ""DVC"", ""5"": ""JKD"", ""6"": 16, ""7"": ""S"", ""8"": ""C"", ""9"": null, ""10"": 0, ""11"": 60, ""12"": 0, ""13"": 60, ""14"": null, ""15"": null, ""16"": null, ""17"": null, ""18"": null, ""19"": null, ""20"": null, ""21"": null, ""22"": null, ""23"": 0.0, ""24"": null, ""25"": null, ""26"": null, ""27"": null, ""28"": null, ""29"": null, ""30"": null}",114,tab1a2021-link_m,coal-statistics-download-excel-7,coal_statistics,Download Excel,https://coal.gov.in/sites/default/files/2024-03/cdchap6.xlsx
source_reference,"{""0"": null, ""1"": 114.0, ""2"": ""DVC"", ""3"": ""30"", ""4"": ""DVC"", ""5"": ""JKD"", ""6"": ""16"", ""7"": ""V"", ""8"": ""C"", ""9"": null, ""10"": null, ""11"": 0, ""12"": 0, ""13"": 0, ""14"": null, ""15"": null, ""16"": null, ""17"": null, ""18"": null, ""19"": null, ""20"": null, ""21"": null, ""22"": null, ""23"": null, ""24"": null, ""25"": null, ""26"": null, ""27"": null, ""28"": null, ""29"": null, ""30"": null}",115,tab1a2021-link_m,coal-statistics-download-excel-7,coal_statistics,Download Excel,https://coal.gov.in/sites/default/files/2024-03/cdchap6.xlsx
source_reference,"{""0"": null, ""1"": 115.0, ""2"": ""GHCL"", ""3"": null, ""4"": ""Khadsaliya lignite Mine"", ""5"": ""GUJ"", ""6"": null, ""7"": ""O"", ""8"": ""L"", ""9"": 0, ""10"": 0, ""11"": 0, ""12"": 28, ""13"": 28, ""14"": null, ""15"": null, ""16"": null, ""17"": null, ""18"": null, ""19"": null, ""20"": null, ""21"": null, ""22"": null, ""23"": 0.0, ""24"": null, ""25"": null, ""26"": null, ""27"": null, ""28"": null, ""29"": null, ""30"": null}",116,tab1a2021-link_m,coal-statistics-download-excel-7,coal_statistics,Download Excel,https://coal.gov.in/sites/default/files/2024-03/cdchap6.xlsx
source_reference,"{""0"": null, ""1"": 116.0, ""2"": ""GHCL"", ""3"": null, ""4"": ""Khadsaliya lignite Mine"", ""5"": ""GUJ"", ""6"": null, ""7"": ""P"", ""8"": ""L"", ""9"": 0, ""10"": 0, ""11"": 0, ""12"": 21, ""13"": 21, ""14"": null, ""15"": null, ""16"": null, ""17"": null, ""18"": null, ""19"": null, ""20"": null, ""21"": null, ""22"": null, ""23"": 0.0, ""24"": null, ""25"": null, ""26"": null, ""27"": null, ""28"": null, ""29"": null, ""30"": null}",117,tab1a2021-link_m,coal-statistics-download-excel-7,coal_statistics,Download Excel,https://coal.gov.in/sites/default/files/2024-03/cdchap6.xlsx
source_reference,"{""0"": null, ""1"": 117.0, ""2"": ""GHCL"", ""3"": null, ""4"": ""Khadsaliya lignite Mine"", ""5"": ""GUJ"", ""6"": null, ""7"": ""D"", ""8"": ""L"", ""9"": 0, ""10"": 0, ""11"": 0, ""12"": 36, ""13"": 36, ""14"": null, ""15"": null, ""16"": null, ""17"": null, ""18"": null, ""19"": null, ""20"": null, ""21"": null, ""22"": null, ""23"": 0.0, ""24"": null, ""25"": null, ""26"": null, ""27"": null, ""28"": null, ""29"": null, ""30"": null}",118,tab1a2021-link_m,coal-statistics-download-excel-7,coal_statistics,Download Excel,https://coal.gov.in/sites/default/files/2024-03/cdchap6.xlsx
source_reference,"{""0"": null, ""1"": 118.0, ""2"": ""GHCL"", ""3"": null, ""4"": ""Khadsaliya lignite Mine"", ""5"": ""GUJ"", ""6"": null, ""7"": ""F"", ""8"": ""L"", ""9"": 0, ""10"": 0, ""11"": 0, ""12"": 36, ""13"": 36, ""14"": null, ""15"": null, ""16"": null, ""17"": null, ""18"": null, ""19"": null, ""20"": null, ""21"": null, ""22"": null, ""23"": 0.0, ""24"": null, ""25"": null, ""26"": null, ""27"": null, ""28"": null, ""29"": null, ""30"": null}",119,tab1a2021-link_m,coal-statistics-download-excel-7,coal_statistics,Download Excel,https://coal.gov.in/sites/default/files/2024-03/cdchap6.xlsx
source_reference,"{""0"": null, ""1"": 119.0, ""2"": ""GHCL"", ""3"": null, ""4"": ""Khadsaliya lignite Mine"", ""5"": ""GUJ"", ""6"": null, ""7"": ""S"", ""8"": ""L"", ""9"": 0, ""10"": 0, ""11"": 0, ""12"": 14, ""13"": 14, ""14"": null, ""15"": null, ""16"": null, ""17"": null, ""18"": null, ""19"": null, ""20"": null, ""21"": null, ""22"": null, ""23"": 0.0, ""24"": 13, ""25"": null, ""26"": null, ""27"": null, ""28"": null, ""29"": null, ""30"": null}",120,tab1a2021-link_m,coal-statistics-download-excel-7,coal_statistics,Download Excel,https://coal.gov.in/sites/default/files/2024-03/cdchap6.xlsx
source_reference,"{""0"": null, ""1"": 120.0, ""2"": ""GHCL"", ""3"": null, ""4"": ""Khadsaliya lignite Mine"", ""5"": ""GUJ"", ""6"": 0, ""7"": ""V"", ""8"": ""L"", ""9"": 0, ""10"": 0, ""11"": 0, ""12"": 83483, ""13"": 83483, ""14"": null, ""15"": null, ""16"": 3975.3809523809523, ""17"": null, ""18"": null, ""19"": null, ""20"": null, ""21"": null, ""22"": null, ""23"": 0.0, ""24"": 3975.3809523809523, ""25"": null, ""26"": null, ""27"": null, ""28"": null, ""29"": null, ""30"": null}",121,tab1a2021-link_m,coal-statistics-download-excel-7,coal_statistics,Download Excel,https://coal.gov.in/sites/default/files/2024-03/cdchap6.xlsx
source_reference,"{""0"": null, ""1"": 121.0, ""2"": ""GIPCL_VL"", ""3"": ""10"", ""4"": ""Valia Lignite Mine"", ""5"": ""GUJ"", ""6"": 16, ""7"": ""O"", ""8"": ""L"", ""9"": 0, ""10"": 0, ""11"": 0, ""12"": 0, ""13"": 0, ""14"": null, ""15"": null, ""16"": null, ""17"": null, ""18"": null, ""19"": null, ""20"": null, ""21"": null, ""22"": null, ""23"": 0.0, ""24"": null, ""25"": null, ""26"": null, ""27"": null, ""28"": null, ""29"": null, ""30"": null}",122,tab1a2021-link_m,coal-statistics-download-excel-7,coal_statistics,Download Excel,https://coal.gov.in/sites/default/files/2024-03/cdchap6.xlsx
source_reference,"{""0"": null, ""1"": 122.0, ""2"": ""GIPCL_VL"", ""3"": ""10"", ""4"": ""Valia Lignite Mine"", ""5"": ""GUJ"", ""6"": 16, ""7"": ""P"", ""8"": ""L"", ""9"": 0, ""10"": 0, ""11"": 0, ""12"": 3078, ""13"": 3078, ""14"": null, ""15"": null, ""16"": null, ""17"": null, ""18"": null, ""19"": null, ""20"": null, ""21"": null, ""22"": null, ""23"": 0.0, ""24"": null, ""25"": null, ""26"": null, ""27"": null, ""28"": null, ""29"": null, ""30"": null}",123,tab1a2021-link_m,coal-statistics-download-excel-7,coal_statistics,Download Excel,https://coal.gov.in/sites/default/files/2024-03/cdchap6.xlsx
source_reference,"{""0"": null, ""1"": 123.0, ""2"": ""GIPCL_VL"", ""3"": ""10"", ""4"": ""Valia Lignite Mine"", ""5"": ""GUJ"", ""6"": 16, ""7"": ""D"", ""8"": ""L"", ""9"": 0, ""10"": 0, ""11"": 0, ""12"": 3078, ""13"": 3078, ""14"": null, ""15"": null, ""16"": null, ""17"": null, ""18"": null, ""19"": null, ""20"": null, ""21"": null, ""22"": null, ""23"": 0.0, ""24"": null, ""25"": null, ""26"": null, ""27"": null, ""28"": null, ""29"": null, ""30"": null}",124,tab1a2021-link_m,coal-statistics-download-excel-7,coal_statistics,Download Excel,https://coal.gov.in/sites/default/files/2024-03/cdchap6.xlsx
source_reference,"{""0"": null, ""1"": 124.0, ""2"": ""GIPCL_VL"", ""3"": ""10"", ""4"": ""Valia Lignite Mine"", ""5"": ""GUJ"", ""6"": 16, ""7"": ""F"", ""8"": ""L"", ""9"": 0, ""10"": 0, ""11"": 0, ""12"": 0, ""13"": 0, ""14"": null, ""15"": null, ""16"": null, ""17"": null, ""18"": null, ""19"": null, ""20"": null, ""21"": null, ""22"": null, ""23"": 0.0, ""24"": null, ""25"": null, ""26"": null, ""27"": null, ""28"": null, ""29"": null, ""30"": null}",125,tab1a2021-link_m,coal-statistics-download-excel-7,coal_statistics,Download Excel,https://coal.gov.in/sites/default/files/2024-03/cdchap6.xlsx
source_reference,"{""0"": null, ""1"": 125.0, ""2"": ""GIPCL_VL"", ""3"": ""11"", ""4"": ""Valia Lignite Mine"", ""5"": ""GUJ"", ""6"": 17, ""7"": ""S"", ""8"": ""L"", ""9"": 0, ""10"": 0, ""11"": 0, ""12"": 0, ""13"": 0, ""14"": null, ""15"": null, ""16"": null, ""17"": null, ""18"": null, ""19"": null, ""20"": null, ""21"": null, ""22"": null, ""23"": 0.0, ""24"": null, ""25"": null, ""26"": null, ""27"": null, ""28"": null, ""29"": null, ""30"": null}",126,tab1a2021-link_m,coal-statistics-download-excel-7,coal_statistics,Download Excel,https://coal.gov.in/sites/default/files/2024-03/cdchap6.xlsx
source_reference,"{""0"": null, ""1"": 126.0, ""2"": ""GIPCL_VL"", ""3"": 0, ""4"": ""Valia Lignite Mine"", ""5"": ""GUJ"", ""6"": 0, ""7"": ""V"", ""8"": ""L"", ""9"": 0, ""10"": 0, ""11"": 0, ""12"": 0, ""13"": 0, ""14"": null, ""15"": null, ""16"": 855.1357702349869, ""17"": null, ""18"": null, ""19"": null, ""20"": null, ""21"": null, ""22"": null, ""23"": 0.0, ""24"": 0, ""25"": null, ""26"": null, ""27"": null, ""28"": null, ""29"": null, ""30"": null}",127,tab1a2021-link_m,coal-statistics-download-excel-7,coal_statistics,Download Excel,https://coal.gov.in/sites/default/files/2024-03/cdchap6.xlsx
source_reference,"{""0"": null, ""1"": 127.0, ""2"": ""GIPCL_VS"", ""3"": ""10"", ""4"": ""Vastan Lignite OC Mine"", ""5"": ""GUJ"", ""6"": 16, ""7"": ""O"", ""8"": ""L"", ""9"": 0, ""10"": 0, ""11"": 0, ""12"": 0, ""13"": 0, ""14"": null, ""15"": null, ""16"": null, ""17"": null, ""18"": null, ""19"": null, ""20"": null, ""21"": null, ""22"": null, ""23"": 0.0, ""24"": null, ""25"": null, ""26"": null, ""27"": null, ""28"": null, ""29"": null, ""30"": null}",128,tab1a2021-link_m,coal-statistics-download-excel-7,coal_statistics,Download Excel,https://coal.gov.in/sites/default/files/2024-03/cdchap6.xlsx
source_reference,"{""0"": null, ""1"": 128.0, ""2"": ""GIPCL_VS"", ""3"": ""10"", ""4"": ""Vastan Lignite OC Mine"", ""5"": ""GUJ"", ""6"": 16, ""7"": ""P"", ""8"": ""L"", ""9"": 0, ""10"": 0, ""11"": 0, ""12"": 430, ""13"": 430, ""14"": null, ""15"": null, ""16"": null, ""17"": null, ""18"": null, ""19"": null, ""20"": null, ""21"": null, ""22"": null, ""23"": 0.0, ""24"": null, ""25"": null, ""26"": null, ""27"": null, ""28"": null, ""29"": null, ""30"": null}",129,tab1a2021-link_m,coal-statistics-download-excel-7,coal_statistics,Download Excel,https://coal.gov.in/sites/default/files/2024-03/cdchap6.xlsx
source_reference,"{""0"": null, ""1"": 129.0, ""2"": ""GIPCL_VS"", ""3"": ""10"", ""4"": ""Vastan Lignite OC Mine"", ""5"": ""GUJ"", ""6"": 16, ""7"": ""D"", ""8"": ""L"", ""9"": 0, ""10"": 0, ""11"": 0, ""12"": 430, ""13"": 430, ""14"": null, ""15"": null, ""16"": null, ""17"": null, ""18"": null, ""19"": null, ""20"": null, ""21"": null, ""22"": null, ""23"": 0.0, ""24"": null, ""25"": null, ""26"": null, ""27"": null, ""28"": null, ""29"": null, ""30"": null}",130,tab1a2021-link_m,coal-statistics-download-excel-7,coal_statistics,Download Excel,https://coal.gov.in/sites/default/files/2024-03/cdchap6.xlsx
source_reference,"{""0"": null, ""1"": 130.0, ""2"": ""GIPCL_VS"", ""3"": ""10"", ""4"": ""Vastan Lignite OC Mine"", ""5"": ""GUJ"", ""6"": 16, ""7"": ""F"", ""8"": ""L"", ""9"": 0, ""10"": 0, ""11"": 0, ""12"": 0, ""13"": 0, ""14"": null, ""15"": null, ""16"": null, ""17"": null, ""18"": null, ""19"": null, ""20"": null, ""21"": null, ""22"": null, ""23"": 0.0, ""24"": null, ""25"": null, ""26"": null, ""27"": null, ""28"": null, ""29"": null, ""30"": null}",131,tab1a2021-link_m,coal-statistics-download-excel-7,coal_statistics,Download Excel,https://coal.gov.in/sites/default/files/2024-03/cdchap6.xlsx
source_reference,"{""0"": null, ""1"": 131.0, ""2"": ""GIPCL_VS"", ""3"": ""11"", ""4"": ""Vastan Lignite OC Mine"", ""5"": ""GUJ"", ""6"": 17, ""7"": ""S"", ""8"": ""L"", ""9"": 0, ""10"": 0, ""11"": 0, ""12"": 0, ""13"": 0, ""14"": null, ""15"": null, ""16"": null, ""17"": null, ""18"": null, ""19"": null, ""20"": null, ""21"": null, ""22"": null, ""23"": 0.0, ""24"": null, ""25"": null, ""26"": null, ""27"": null, ""28"": null, ""29"": null, ""30"": null}",132,tab1a2021-link_m,coal-statistics-download-excel-7,coal_statistics,Download Excel,https://coal.gov.in/sites/default/files/2024-03/cdchap6.xlsx
source_reference,"{""0"": null, ""1"": 132.0, ""2"": ""GIPCL_VS"", ""3"": 0, ""4"": ""Vastan Lignite OC Mine"", ""5"": ""GUJ"", ""6"": 0, ""7"": ""V"", ""8"": ""L"", ""9"": 0, ""10"": 0, ""11"": 0, ""12"": 0, ""13"": 0, ""14"": null, ""15"": null, ""16"": 1293.9064748201438, ""17"": null, ""18"": null, ""19"": null, ""20"": null, ""21"": null, ""22"": null, ""23"": 0.0, ""24"": 0, ""25"": null, ""26"": null, ""27"": null, ""28"": null, ""29"": null, ""30"": null}",133,tab1a2021-link_m,coal-statistics-download-excel-7,coal_statistics,Download Excel,https://coal.gov.in/sites/default/files/2024-03/cdchap6.xlsx
source_reference,"{""0"": null, ""1"": 133.0, ""2"": ""GIPCL_MN"", ""3"": ""10"", ""4"": ""Mangrol Lignite Mine"", ""5"": ""GUJ"", ""6"": 16, ""7"": ""O"", ""8"": ""L"", ""9"": 0, ""10"": 0, ""11"": 0, ""12"": 0, ""13"": 0, ""14"": null, ""15"": null, ""16"": null, ""17"": null, ""18"": null, ""19"": null, ""20"": null, ""21"": null, ""22"": null, ""23"": 0.0, ""24"": null, ""25"": null, ""26"": null, ""27"": null, ""28"": null, ""29"": null, ""30"": null}",134,tab1a2021-link_m,coal-statistics-download-excel-7,coal_statistics,Download Excel,https://coal.gov.in/sites/default/files/2024-03/cdchap6.xlsx
source_reference,"{""0"": null, ""1"": 134.0, ""2"": ""GIPCL_MN"", ""3"": ""10"", ""4"": ""Mangrol Lignite Mine"", ""5"": ""GUJ"", ""6"": 16, ""7"": ""P"", ""8"": ""L"", ""9"": 0, ""10"": 0, ""11"": 0, ""12"": 0, ""13"": 0, ""14"": null, ""15"": null, ""16"": null, ""17"": null, ""18"": null, ""19"": null, ""20"": null, ""21"": null, ""22"": null, ""23"": 0.0, ""24"": null, ""25"": null, ""26"": null, ""27"": null, ""28"": null, ""29"": null, ""30"": null}",135,tab1a2021-link_m,coal-statistics-download-excel-7,coal_statistics,Download Excel,https://coal.gov.in/sites/default/files/2024-03/cdchap6.xlsx
source_reference,"{""0"": null, ""1"": 135.0, ""2"": ""GIPCL_MN"", ""3"": ""10"", ""4"": ""Mangrol Lignite Mine"", ""5"": ""GUJ"", ""6"": 16, ""7"": ""D"", ""8"": ""L"", ""9"": 0, ""10"": 0, ""11"": 0, ""12"": 0, ""13"": 0, ""14"": null, ""15"": null, ""16"": null, ""17"": null, ""18"": null, ""19"": null, ""20"": null, ""21"": null, ""22"": null, ""23"": 0.0, ""24"": null, ""25"": null, ""26"": null, ""27"": null, ""28"": null, ""29"": null, ""30"": null}",136,tab1a2021-link_m,coal-statistics-download-excel-7,coal_statistics,Download Excel,https://coal.gov.in/sites/default/files/2024-03/cdchap6.xlsx
source_reference,"{""0"": null, ""1"": 136.0, ""2"": ""GIPCL_MN"", ""3"": ""10"", ""4"": ""Mangrol Lignite Mine"", ""5"": ""GUJ"", ""6"": 16, ""7"": ""F"", ""8"": ""L"", ""9"": 0, ""10"": 0, ""11"": 0, ""12"": 0, ""13"": 0, ""14"": null, ""15"": null, ""16"": null, ""17"": null, ""18"": null, ""19"": null, ""20"": null, ""21"": null, ""22"": null, ""23"": 0.0, ""24"": null, ""25"": null, ""26"": null, ""27"": null, ""28"": null, ""29"": null, ""30"": null}",137,tab1a2021-link_m,coal-statistics-download-excel-7,coal_statistics,Download Excel,https://coal.gov.in/sites/default/files/2024-03/cdchap6.xlsx
source_reference,"{""0"": null, ""1"": 137.0, ""2"": ""GIPCL_MN"", ""3"": ""11"", ""4"": ""Mangrol Lignite Mine"", ""5"": ""GUJ"", ""6"": 17, ""7"": ""S"", ""8"": ""L"", ""9"": 0, ""10"": 0, ""11"": 0, ""12"": 0, ""13"": 0, ""14"": null, ""15"": null, ""16"": null, ""17"": null, ""18"": null, ""19"": null, ""20"": null, ""21"": null, ""22"": null, ""23"": 0.0, ""24"": null, ""25"": null, ""26"": null, ""27"": null, ""28"": null, ""29"": null, ""30"": null}",138,tab1a2021-link_m,coal-statistics-download-excel-7,coal_statistics,Download Excel,https://coal.gov.in/sites/default/files/2024-03/cdchap6.xlsx
source_reference,"{""0"": null, ""1"": 138.0, ""2"": ""GIPCL_MN"", ""3"": 0, ""4"": ""Mangrol Lignite Mine"", ""5"": ""GUJ"", ""6"": 0, ""7"": ""V"", ""8"": ""L"", ""9"": 0, ""10"": 0, ""11"": 0, ""12"": 0, ""13"": 0, ""14"": null, ""15"": null, ""16"": null, ""17"": null, ""18"": null, ""19"": null, ""20"": null, ""21"": null, ""22"": null, ""23"": 0.0, ""24"": null, ""25"": null, ""26"": null, ""27"": null, ""28"": null, ""29"": null, ""30"": null}",139,tab1a2021-link_m,coal-statistics-download-excel-7,coal_statistics,Download Excel,https://coal.gov.in/sites/default/files/2024-03/cdchap6.xlsx
source_reference,"{""0"": null, ""1"": 139.0, ""2"": ""GMDCL"", ""3"": ""10"", ""4"": ""Rajpardi,Panandro,Tadkesar,Mata-No-Madh,Surka,Umarsar"", ""5"": ""GUJ"", ""6"": null, ""7"": ""O"", ""8"": ""L"", ""9"": 0, ""10"": 0, ""11"": 0, ""12"": 0, ""13"": 0, ""14"": null, ""15"": ""GMDCL"", ""16"": null, ""17"": null, ""18"": null, ""19"": null, ""20"": ""RAJ"", ""21"": ""Panandhro"", ""22"": ""Tadkeshwar"", ""23"": 0.0, ""24"": null, ""25"": ""Mata No Madh"", ""26"": ""Suekha N"", ""27"": null, ""28"": null, ""29"": null, ""30"": null}",140,tab1a2021-link_m,coal-statistics-download-excel-7,coal_statistics,Download Excel,https://coal.gov.in/sites/default/files/2024-03/cdchap6.xlsx
source_reference,"{""0"": null, ""1"": 140.0, ""2"": ""GMDCL"", ""3"": ""11"", ""4"": ""Rajpardi,Panandro,Tadkesar,Mata-No-Madh,Surka,Umarsar"", ""5"": ""RAJ"", ""6"": null, ""7"": ""O"", ""8"": ""L"", ""9"": 0, ""10"": 0, ""11"": 0, ""12"": 0, ""13"": 0, ""14"": null, ""15"": null, ""16"": null, ""17"": null, ""18"": null, ""19"": null, ""20"": null, ""21"": null, ""22"": null, ""23"": 0.0, ""24"": null, ""25"": null, ""26"": null, ""27"": null, ""28"": null, ""29"": null, ""30"": null}",141,tab1a2021-link_m,coal-statistics-download-excel-7,coal_statistics,Download Excel,https://coal.gov.in/sites/default/files/2024-03/cdchap6.xlsx
source_reference,"{""0"": null, ""1"": 141.0, ""2"": ""GMDCL"", ""3"": null, ""4"": ""Rajpardi,Panandro,Tadkesar,Mata-No-Madh,Surka,Umarsar"", ""5"": ""TOT"", ""6"": null, ""7"": ""O"", ""8"": ""L"", ""9"": 0, ""10"": 0, ""11"": 0, ""12"": 0, ""13"": 0, ""14"": null, ""15"": null, ""16"": null, ""17"": null, ""18"": null, ""19"": null, ""20"": null, ""21"": null, ""22"": null, ""23"": 0.0, ""24"": null, ""25"": null, ""26"": null, ""27"": null, ""28"": null, ""29"": null, ""30"": null}",142,tab1a2021-link_m,coal-statistics-download-excel-7,coal_statistics,Download Excel,https://coal.gov.in/sites/default/files/2024-03/cdchap6.xlsx
source_reference,"{""0"": null, ""1"": 142.0, ""2"": ""GMDCL"", ""3"": ""10"", ""4"": ""Rajpardi,Panandro,Tadkesar,Mata-No-Madh,Surka,Umarsar"", ""5"": ""GUJ"", ""6"": null, ""7"": ""P"", ""8"": ""L"", ""9"": 0, ""10"": 0, ""11"": 0, ""12"": 6004, ""13"": 6004, ""14"": null, ""15"": ""P"", ""16"": null, ""17"": null, ""18"": null, ""19"": null, ""20"": 102, ""21"": 2979, ""22"": 798, ""23"": 0.0, ""24"": null, ""25"": 1369, ""26"": 878, ""27"": 6126, ""28"": null, ""29"": null, ""30"": null}",143,tab1a2021-link_m,coal-statistics-download-excel-7,coal_statistics,Download Excel,https://coal.gov.in/sites/default/files/2024-03/cdchap6.xlsx
source_reference,"{""0"": null, ""1"": 143.0, ""2"": ""GMDCL"", ""3"": null, ""4"": ""Rajpardi,Panandro,Tadkesar,Mata-No-Madh,Surka,Umarsar"", ""5"": ""RAJ"", ""6"": null, ""7"": ""P"", ""8"": ""L"", ""9"": null, ""10"": null, ""11"": 0, ""12"": 0, ""13"": 0, ""14"": null, ""15"": null, ""16"": null, ""17"": null, ""18"": null, ""19"": null, ""20"": null, ""21"": null, ""22"": null, ""23"": 0.0, ""24"": null, ""25"": null, ""26"": null, ""27"": null, ""28"": null, ""29"": null, ""30"": null}",144,tab1a2021-link_m,coal-statistics-download-excel-7,coal_statistics,Download Excel,https://coal.gov.in/sites/default/files/2024-03/cdchap6.xlsx
source_reference,"{""0"": null, ""1"": 144.0, ""2"": ""GMDCL"", ""3"": null, ""4"": ""Rajpardi,Panandro,Tadkesar,Mata-No-Madh,Surka,Umarsar"", ""5"": ""TOT"", ""6"": null, ""7"": ""P"", ""8"": ""L"", ""9"": 0, ""10"": 0, ""11"": 0, ""12"": 0, ""13"": 0, ""14"": null, ""15"": null, ""16"": null, ""17"": null, ""18"": null, ""19"": null, ""20"": 102, ""21"": 2979, ""22"": 798, ""23"": 0.0, ""24"": null, ""25"": 1369, ""26"": 878, ""27"": 6126, ""28"": null, ""29"": null, ""30"": null}",145,tab1a2021-link_m,coal-statistics-download-excel-7,coal_statistics,Download Excel,https://coal.gov.in/sites/default/files/2024-03/cdchap6.xlsx
source_reference,"{""0"": null, ""1"": 145.0, ""2"": ""GMDCL"", ""3"": ""10"", ""4"": ""Rajpardi,Panandro,Tadkesar,Mata-No-Madh,Surka,Umarsar"", ""5"": ""GUJ"", ""6"": null, ""7"": ""D"", ""8"": ""L"", ""9"": 0, ""10"": 0, ""11"": 0, ""12"": 6004, ""13"": 6004, ""14"": null, ""15"": ""D"", ""16"": null, ""17"": null, ""18"": null, ""19"": null, ""20"": 102, ""21"": 2979, ""22"": 798, ""23"": 0.0, ""24"": null, ""25"": 1369, ""26"": 878, ""27"": 6126, ""28"": null, ""29"": null, ""30"": null}",146,tab1a2021-link_m,coal-statistics-download-excel-7,coal_statistics,Download Excel,https://coal.gov.in/sites/default/files/2024-03/cdchap6.xlsx
source_reference,"{""0"": null, ""1"": 146.0, ""2"": ""GMDCL"", ""3"": null, ""4"": ""Rajpardi,Panandro,Tadkesar,Mata-No-Madh,Surka,Umarsar"", ""5"": ""RAJ"", ""6"": null, ""7"": ""D"", ""8"": ""L"", ""9"": null, ""10"": null, ""11"": 0, ""12"": 0, ""13"": 0, ""14"": null, ""15"": null, ""16"": null, ""17"": null, ""18"": null, ""19"": null, ""20"": null, ""21"": null, ""22"": null, ""23"": 0.0, ""24"": null, ""25"": null, ""26"": 6, ""27"": 6, ""28"": null, ""29"": null, ""30"": null}",147,tab1a2021-link_m,coal-statistics-download-excel-7,coal_statistics,Download Excel,https://coal.gov.in/sites/default/files/2024-03/cdchap6.xlsx
source_reference,"{""0"": null, ""1"": 147.0, ""2"": ""GMDCL"", ""3"": null, ""4"": ""Rajpardi,Panandro,Tadkesar,Mata-No-Madh,Surka,Umarsar"", ""5"": ""TOT"", ""6"": null, ""7"": ""D"", ""8"": ""L"", ""9"": 0, ""10"": 0, ""11"": 0, ""12"": 0, ""13"": 0, ""14"": null, ""15"": null, ""16"": null, ""17"": null, ""18"": null, ""19"": null, ""20"": 102, ""21"": 2979, ""22"": 798, ""23"": 0.0, ""24"": null, ""25"": 1369, ""26"": 884, ""27"": 6132, ""28"": null, ""29"": null, ""30"": null}",148,tab1a2021-link_m,coal-statistics-download-excel-7,coal_statistics,Download Excel,https://coal.gov.in/sites/default/files/2024-03/cdchap6.xlsx
source_reference,"{""0"": null, ""1"": 148.0, ""2"": ""GMDCL"", ""3"": ""10"", ""4"": ""Rajpardi,Panandro,Tadkesar,Mata-No-Madh,Surka,Umarsar"", ""5"": ""GUJ"", ""6"": null, ""7"": ""F"", ""8"": ""L"", ""9"": 0, ""10"": 0, ""11"": 0, ""12"": 0, ""13"": 0, ""14"": null, ""15"": ""S"", ""16"": null, ""17"": null, ""18"": null, ""19"": null, ""20"": 102, ""21"": 2979, ""22"": 798, ""23"": 0.0, ""24"": null, ""25"": 1369, ""26"": 884, ""27"": 6132, ""28"": null, ""29"": null, ""30"": null}",149,tab1a2021-link_m,coal-statistics-download-excel-7,coal_statistics,Download Excel,https://coal.gov.in/sites/default/files/2024-03/cdchap6.xlsx
source_reference,"{""0"": null, ""1"": 149.0, ""2"": ""GMDCL"", ""3"": null, ""4"": ""Rajpardi,Panandro,Tadkesar,Mata-No-Madh,Surka,Umarsar"", ""5"": ""RAJ"", ""6"": null, ""7"": ""F"", ""8"": ""L"", ""9"": null, ""10"": null, ""11"": 0, ""12"": 0, ""13"": 0, ""14"": null, ""15"": null, ""16"": null, ""17"": null, ""18"": null, ""19"": null, ""20"": null, ""21"": null, ""22"": null, ""23"": 0.0, ""24"": null, ""25"": null, ""26"": null, ""27"": 0, ""28"": null, ""29"": null, ""30"": null}",150,tab1a2021-link_m,coal-statistics-download-excel-7,coal_statistics,Download Excel,https://coal.gov.in/sites/default/files/2024-03/cdchap6.xlsx
source_reference,"{""0"": null, ""1"": 150.0, ""2"": ""GMDCL"", ""3"": null, ""4"": ""Rajpardi,Panandro,Tadkesar,Mata-No-Madh,Surka,Umarsar"", ""5"": ""TOT"", ""6"": null, ""7"": ""F"", ""8"": ""L"", ""9"": 0, ""10"": 0, ""11"": 0, ""12"": 0, ""13"": 0, ""14"": null, ""15"": null, ""16"": null, ""17"": null, ""18"": null, ""19"": null, ""20"": 102, ""21"": 2979, ""22"": 798, ""23"": 0.0, ""24"": null, ""25"": 1369, ""26"": 884, ""27"": 6132, ""28"": null, ""29"": null, ""30"": null}",151,tab1a2021-link_m,coal-statistics-download-excel-7,coal_statistics,Download Excel,https://coal.gov.in/sites/default/files/2024-03/cdchap6.xlsx
source_reference,"{""0"": null, ""1"": 151.0, ""2"": ""GMDCL"", ""3"": ""11"", ""4"": ""Rajpardi,Panandro,Tadkesar,Mata-No-Madh,Surka,Umarsar"", ""5"": ""GUJ"", ""6"": null, ""7"": ""S"", ""8"": ""L"", ""9"": 0, ""10"": 0, ""11"": 0, ""12"": 0, ""13"": 0, ""14"": null, ""15"": ""V"", ""16"": null, ""17"": null, ""18"": null, ""19"": null, ""20"": null, ""21"": 6000000, ""22"": 0, ""23"": 0.0, ""24"": null, ""25"": 0, ""26"": null, ""27"": 6000000, ""28"": null, ""29"": null, ""30"": null}",152,tab1a2021-link_m,coal-statistics-download-excel-7,coal_statistics,Download Excel,https://coal.gov.in/sites/default/files/2024-03/cdchap6.xlsx
source_reference,"{""0"": null, ""1"": 152.0, ""2"": ""GMDCL"", ""3"": null, ""4"": ""Rajpardi,Panandro,Tadkesar,Mata-No-Madh,Surka,Umarsar"", ""5"": ""RAJ"", ""6"": null, ""7"": ""S"", ""8"": ""L"", ""9"": null, ""10"": null, ""11"": 0, ""12"": 0, ""13"": 0, ""14"": null, ""15"": null, ""16"": null, ""17"": null, ""18"": null, ""19"": null, ""20"": null, ""21"": null, ""22"": null, ""23"": 0.0, ""24"": null, ""25"": null, ""26"": null, ""27"": 0, ""28"": null, ""29"": null, ""30"": null}",153,tab1a2021-link_m,coal-statistics-download-excel-7,coal_statistics,Download Excel,https://coal.gov.in/sites/default/files/2024-03/cdchap6.xlsx
source_reference,"{""0"": null, ""1"": 153.0, ""2"": ""GMDCL"", ""3"": null, ""4"": ""Rajpardi,Panandro,Tadkesar,Mata-No-Madh,Surka,Umarsar"", ""5"": ""TOT"", ""6"": null, ""7"": ""S"", ""8"": ""L"", ""9"": 0, ""10"": 0, ""11"": 0, ""12"": 0, ""13"": 0, ""14"": null, ""15"": null, ""16"": null, ""17"": null, ""18"": null, ""19"": null, ""20"": null, ""21"": 6000000, ""22"": 0, ""23"": 0.0, ""24"": null, ""25"": 0, ""26"": 0, ""27"": 6000000, ""28"": null, ""29"": null, ""30"": null}",154,tab1a2021-link_m,coal-statistics-download-excel-7,coal_statistics,Download Excel,https://coal.gov.in/sites/default/files/2024-03/cdchap6.xlsx
source_reference,"{""0"": null, ""1"": 154.0, ""2"": ""GMDCL"", ""3"": 0, ""4"": ""Rajpardi,Panandro,Tadkesar,Mata-No-Madh,Surka,Umarsar"", ""5"": ""GUJ"", ""6"": 0, ""7"": ""V"", ""8"": ""L"", ""9"": 0, ""10"": 0, ""11"": 0, ""12"": 0, ""13"": 0, ""14"": null, ""15"": null, ""16"": 1284.9647836711226, ""17"": null, ""18"": null, ""19"": null, ""20"": null, ""21"": null, ""22"": null, ""23"": 0.0, ""24"": null, ""25"": null, ""26"": null, ""27"": null, ""28"": null, ""29"": null, ""30"": null}",155,tab1a2021-link_m,coal-statistics-download-excel-7,coal_statistics,Download Excel,https://coal.gov.in/sites/default/files/2024-03/cdchap6.xlsx
source_reference,"{""0"": null, ""1"": 155.0, ""2"": ""GMDCL"", ""3"": null, ""4"": ""Rajpardi,Panandro,Tadkesar,Mata-No-Madh,Surka,Umarsar"", ""5"": ""RAJ"", ""6"": null, ""7"": ""V"", ""8"": ""L"", ""9"": null, ""10"": null, ""11"": 0, ""12"": 0, ""13"": 0, ""14"": null, ""15"": null, ""16"": null, ""17"": null, ""18"": null, ""19"": null, ""20"": null, ""21"": null, ""22"": null, ""23"": 0.0, ""24"": null, ""25"": null, ""26"": null, ""27"": null, ""28"": null, ""29"": null, ""30"": null}",156,tab1a2021-link_m,coal-statistics-download-excel-7,coal_statistics,Download Excel,https://coal.gov.in/sites/default/files/2024-03/cdchap6.xlsx
source_reference,"{""0"": null, ""1"": 156.0, ""2"": ""GMDCL"", ""3"": null, ""4"": ""Rajpardi,Panandro,Tadkesar,Mata-No-Madh,Surka,Umarsar"", ""5"": ""TOT"", ""6"": null, ""7"": ""V"", ""8"": ""L"", ""9"": 0, ""10"": 0, ""11"": 0, ""12"": 0, ""13"": 0, ""14"": null, ""15"": null, ""16"": 1284.9647836711226, ""17"": null, ""18"": null, ""19"": null, ""20"": null, ""21"": null, ""22"": null, ""23"": 0.0, ""24"": null, ""25"": null, ""26"": null, ""27"": null, ""28"": null, ""29"": null, ""30"": null}",157,tab1a2021-link_m,coal-statistics-download-excel-7,coal_statistics,Download Excel,https://coal.gov.in/sites/default/files/2024-03/cdchap6.xlsx
source_reference,"{""0"": null, ""1"": 157.0, ""2"": ""IISCOC"", ""3"": 31, ""4"": ""Chasnala"", ""5"": ""JKD"", ""6"": null, ""7"": ""O"", ""8"": ""C"", ""9"": 0, ""10"": 0, ""11"": 0, ""12"": 0, ""13"": 0, ""14"": null, ""15"": null, ""16"": null, ""17"": null, ""18"": null, ""19"": null, ""20"": null, ""21"": null, ""22"": null, ""23"": 0.0, ""24"": null, ""25"": null, ""26"": null, ""27"": null, ""28"": null, ""29"": null, ""30"": null}",158,tab1a2021-link_m,coal-statistics-download-excel-7,coal_statistics,Download Excel,https://coal.gov.in/sites/default/files/2024-03/cdchap6.xlsx
source_reference,"{""0"": null, ""1"": 158.0, ""2"": ""IISCOC"", ""3"": 31, ""4"": ""Chasnala"", ""5"": ""JKD"", ""6"": null, ""7"": ""P"", ""8"": ""C"", ""9"": 49, ""10"": 0, ""11"": 49, ""12"": 0, ""13"": 49, ""14"": null, ""15"": null, ""16"": null, ""17"": null, ""18"": null, ""19"": null, ""20"": null, ""21"": null, ""22"": null, ""23"": 0.0, ""24"": null, ""25"": null, ""26"": null, ""27"": null, ""28"": null, ""29"": null, ""30"": null}",159,tab1a2021-link_m,coal-statistics-download-excel-7,coal_statistics,Download Excel,https://coal.gov.in/sites/default/files/2024-03/cdchap6.xlsx
source_reference,"{""0"": null, ""1"": 159.0, ""2"": ""IISCOC"", ""3"": 31, ""4"": ""Chasnala"", ""5"": ""JKD"", ""6"": null, ""7"": ""D"", ""8"": ""C"", ""9"": 49, ""10"": 0, ""11"": 49, ""12"": 0, ""13"": 49, ""14"": null, ""15"": null, ""16"": null, ""17"": null, ""18"": null, ""19"": null, ""20"": null, ""21"": null, ""22"": null, ""23"": 0.0, ""24"": null, ""25"": null, ""26"": null, ""27"": null, ""28"": null, ""29"": null, ""30"": null}",160,tab1a2021-link_m,coal-statistics-download-excel-7,coal_statistics,Download Excel,https://coal.gov.in/sites/default/files/2024-03/cdchap6.xlsx
source_reference,"{""0"": null, ""1"": 160.0, ""2"": ""IISCOC"", ""3"": 31, ""4"": ""Chasnala"", ""5"": ""JKD"", ""6"": null, ""7"": ""F"", ""8"": ""C"", ""9"": 49, ""10"": 0, ""11"": 49, ""12"": 0, ""13"": 49, ""14"": null, ""15"": null, ""16"": null, ""17"": null, ""18"": null, ""19"": null, ""20"": null, ""21"": null, ""22"": null, ""23"": 0.0, ""24"": null, ""25"": null, ""26"": null, ""27"": null, ""28"": null, ""29"": null, ""30"": null}",161,tab1a2021-link_m,coal-statistics-download-excel-7,coal_statistics,Download Excel,https://coal.gov.in/sites/default/files/2024-03/cdchap6.xlsx
source_reference,"{""0"": null, ""1"": 161.0, ""2"": ""IISCOC"", ""3"": 31, ""4"": ""Chasnala"", ""5"": ""JKD"", ""6"": null, ""7"": ""S"", ""8"": ""C"", ""9"": 0, ""10"": 0, ""11"": 0, ""12"": 0, ""13"": 0, ""14"": null, ""15"": null, ""16"": null, ""17"": null, ""18"": null, ""19"": null, ""20"": null, ""21"": null, ""22"": null, ""23"": 0.0, ""24"": null, ""25"": null, ""26"": null, ""27"": null, ""28"": null, ""29"": null, ""30"": null}",162,tab1a2021-link_m,coal-statistics-download-excel-7,coal_statistics,Download Excel,https://coal.gov.in/sites/default/files/2024-03/cdchap6.xlsx
source_reference,"{""0"": null, ""1"": 162.0, ""2"": ""IISCOC"", ""3"": ""31"", ""4"": ""Chasnala"", ""5"": ""JKD"", ""6"": ""16"", ""7"": ""V"", ""8"": ""C"", ""9"": 1136337, ""10"": 0, ""11"": 162429, ""12"": 0, ""13"": 162429, ""14"": null, ""15"": null, ""16"": 3314.877551020408, ""17"": null, ""18"": null, ""19"": null, ""20"": null, ""21"": null, ""22"": null, ""23"": 0.0, ""24"": 3314.877551020408, ""25"": null, ""26"": null, ""27"": null, ""28"": null, ""29"": null, ""30"": null}",163,tab1a2021-link_m,coal-statistics-download-excel-7,coal_statistics,Download Excel,https://coal.gov.in/sites/default/files/2024-03/cdchap6.xlsx
source_reference,"{""0"": null, ""1"": 163.0, ""2"": ""IISCOJ"", ""3"": 31, ""4"": ""Jitpur"", ""5"": ""JKD"", ""6"": null, ""7"": ""O"", ""8"": ""C"", ""9"": 0, ""10"": 0, ""11"": 0, ""12"": 0, ""13"": 0, ""14"": null, ""15"": null, ""16"": null, ""17"": null, ""18"": null, ""19"": null, ""20"": null, ""21"": null, ""22"": null, ""23"": 0.0, ""24"": null, ""25"": null, ""26"": null, ""27"": null, ""28"": null, ""29"": null, ""30"": null}",164,tab1a2021-link_m,coal-statistics-download-excel-7,coal_statistics,Download Excel,https://coal.gov.in/sites/default/files/2024-03/cdchap6.xlsx
source_reference,"{""0"": null, ""1"": 164.0, ""2"": ""IISCOJ"", ""3"": 31, ""4"": ""Jitpur"", ""5"": ""JKD"", ""6"": null, ""7"": ""P"", ""8"": ""C"", ""9"": 43, ""10"": 0, ""11"": 43, ""12"": 0, ""13"": 43, ""14"": null, ""15"": null, ""16"": null, ""17"": null, ""18"": null, ""19"": null, ""20"": null, ""21"": null, ""22"": null, ""23"": 0.0, ""24"": null, ""25"": null, ""26"": null, ""27"": null, ""28"": null, ""29"": null, ""30"": null}",165,tab1a2021-link_m,coal-statistics-download-excel-7,coal_statistics,Download Excel,https://coal.gov.in/sites/default/files/2024-03/cdchap6.xlsx
source_reference,"{""0"": null, ""1"": 165.0, ""2"": ""IISCOJ"", ""3"": 31, ""4"": ""Jitpur"", ""5"": ""JKD"", ""6"": null, ""7"": ""D"", ""8"": ""C"", ""9"": 43, ""10"": 0, ""11"": 43, ""12"": 0, ""13"": 43, ""14"": null, ""15"": null, ""16"": null, ""17"": null, ""18"": null, ""19"": null, ""20"": null, ""21"": null, ""22"": null, ""23"": 0.0, ""24"": null, ""25"": null, ""26"": null, ""27"": null, ""28"": null, ""29"": null, ""30"": null}",166,tab1a2021-link_m,coal-statistics-download-excel-7,coal_statistics,Download Excel,https://coal.gov.in/sites/default/files/2024-03/cdchap6.xlsx
source_reference,"{""0"": null, ""1"": 166.0, ""2"": ""IISCOJ"", ""3"": 31, ""4"": ""Jitpur"", ""5"": ""JKD"", ""6"": null, ""7"": ""F"", ""8"": ""C"", ""9"": 43, ""10"": 0, ""11"": 43, ""12"": 0, ""13"": 43, ""14"": null, ""15"": null, ""16"": null, ""17"": null, ""18"": null, ""19"": null, ""20"": null, ""21"": null, ""22"": null, ""23"": 0.0, ""24"": null, ""25"": null, ""26"": null, ""27"": null, ""28"": null, ""29"": null, ""30"": null}",167,tab1a2021-link_m,coal-statistics-download-excel-7,coal_statistics,Download Excel,https://coal.gov.in/sites/default/files/2024-03/cdchap6.xlsx
source_reference,"{""0"": null, ""1"": 167.0, ""2"": ""IISCOJ"", ""3"": 31, ""4"": ""Jitpur"", ""5"": ""JKD"", ""6"": null, ""7"": ""S"", ""8"": ""C"", ""9"": 0, ""10"": 0, ""11"": 0, ""12"": 0, ""13"": 0, ""14"": null, ""15"": null, ""16"": null, ""17"": null, ""18"": null, ""19"": null, ""20"": null, ""21"": null, ""22"": null, ""23"": 0.0, ""24"": null, ""25"": null, ""26"": null, ""27"": null, ""28"": null, ""29"": null, ""30"": null}",168,tab1a2021-link_m,coal-statistics-download-excel-7,coal_statistics,Download Excel,https://coal.gov.in/sites/default/files/2024-03/cdchap6.xlsx
source_reference,"{""0"": null, ""1"": 168.0, ""2"": ""IISCOJ"", ""3"": ""31"", ""4"": ""Jitpur"", ""5"": ""JKD"", ""6"": ""16"", ""7"": ""V"", ""8"": ""C"", ""9"": 248083, ""10"": 0, ""11"": 151768, ""12"": 0, ""13"": 151768, ""14"": null, ""15"": null, ""16"": 3529.4883720930234, ""17"": null, ""18"": null, ""19"": null, ""20"": null, ""21"": null, ""22"": null, ""23"": 0.0, ""24"": 3529.4883720930234, ""25"": null, ""26"": null, ""27"": null, ""28"": null, ""29"": null, ""30"": null}",169,tab1a2021-link_m,coal-statistics-download-excel-7,coal_statistics,Download Excel,https://coal.gov.in/sites/default/files/2024-03/cdchap6.xlsx
source_reference,"{""0"": null, ""1"": 169.0, ""2"": ""IISCOR"", ""3"": ""32"", ""4"": ""Ramnagar"", ""5"": ""WB"", ""6"": 20, ""7"": ""O"", ""8"": ""C"", ""9"": 0, ""10"": 0, ""11"": 0, ""12"": 4, ""13"": 4, ""14"": null, ""15"": null, ""16"": null, ""17"": null, ""18"": null, ""19"": null, ""20"": null, ""21"": null, ""22"": null, ""23"": 0.0, ""24"": null, ""25"": null, ""26"": null, ""27"": null, ""28"": null, ""29"": null, ""30"": null}",170,tab1a2021-link_m,coal-statistics-download-excel-7,coal_statistics,Download Excel,https://coal.gov.in/sites/default/files/2024-03/cdchap6.xlsx
source_reference,"{""0"": null, ""1"": 170.0, ""2"": ""IISCOR"", ""3"": ""32"", ""4"": ""Ramnagar"", ""5"": ""WB"", ""6"": 20, ""7"": ""P"", ""8"": ""C"", ""9"": 0, ""10"": 0, ""11"": 0, ""12"": 99, ""13"": 99, ""14"": null, ""15"": null, ""16"": null, ""17"": null, ""18"": null, ""19"": null, ""20"": null, ""21"": null, ""22"": null, ""23"": 0.0, ""24"": null, ""25"": null, ""26"": null, ""27"": null, ""28"": null, ""29"": null, ""30"": null}",171,tab1a2021-link_m,coal-statistics-download-excel-7,coal_statistics,Download Excel,https://coal.gov.in/sites/default/files/2024-03/cdchap6.xlsx
source_reference,"{""0"": null, ""1"": 171.0, ""2"": ""IISCOR"", ""3"": ""32"", ""4"": ""Ramnagar"", ""5"": ""WB"", ""6"": 20, ""7"": ""D"", ""8"": ""C"", ""9"": 0, ""10"": 0, ""11"": 0, ""12"": 100, ""13"": 100, ""14"": null, ""15"": null, ""16"": null, ""17"": null, ""18"": null, ""19"": null, ""20"": null, ""21"": null, ""22"": null, ""23"": 0.0, ""24"": null, ""25"": null, ""26"": null, ""27"": null, ""28"": null, ""29"": null, ""30"": null}",172,tab1a2021-link_m,coal-statistics-download-excel-7,coal_statistics,Download Excel,https://coal.gov.in/sites/default/files/2024-03/cdchap6.xlsx
source_reference,"{""0"": null, ""1"": 172.0, ""2"": ""IISCOR"", ""3"": ""32"", ""4"": ""Ramnagar"", ""5"": ""WB"", ""6"": 20, ""7"": ""F"", ""8"": ""C"", ""9"": 0, ""10"": 0, ""11"": 0, ""12"": 100, ""13"": 100, ""14"": null, ""15"": null, ""16"": null, ""17"": null, ""18"": null, ""19"": null, ""20"": null, ""21"": null, ""22"": null, ""23"": 0.0, ""24"": null, ""25"": null, ""26"": null, ""27"": null, ""28"": null, ""29"": null, ""30"": null}",173,tab1a2021-link_m,coal-statistics-download-excel-7,coal_statistics,Download Excel,https://coal.gov.in/sites/default/files/2024-03/cdchap6.xlsx
source_reference,"{""0"": null, ""1"": 173.0, ""2"": ""IISCOR"", ""3"": ""32"", ""4"": ""Ramnagar"", ""5"": ""WB"", ""6"": 20, ""7"": ""S"", ""8"": ""C"", ""9"": 0, ""10"": 0, ""11"": 0, ""12"": 3, ""13"": 3, ""14"": null, ""15"": null, ""16"": null, ""17"": null, ""18"": null, ""19"": null, ""20"": null, ""21"": null, ""22"": null, ""23"": 0.0, ""24"": null, ""25"": null, ""26"": null, ""27"": null, ""28"": null, ""29"": null, ""30"": null}",174,tab1a2021-link_m,coal-statistics-download-excel-7,coal_statistics,Download Excel,https://coal.gov.in/sites/default/files/2024-03/cdchap6.xlsx
source_reference,"{""0"": null, ""1"": 174.0, ""2"": ""IISCOR"", ""3"": ""32"", ""4"": ""Ramnagar"", ""5"": ""WB"", ""6"": ""35"", ""7"": ""V"", ""8"": ""C"", ""9"": 0, ""10"": 0, ""11"": 0, ""12"": 435349, ""13"": 435349, ""14"": 4397.464646464647, ""15"": null, ""16"": 4397.464646464647, ""17"": null, ""18"": null, ""19"": null, ""20"": null, ""21"": null, ""22"": null, ""23"": 0.0, ""24"": 4397.464646464647, ""25"": null, ""26"": null, ""27"": null, ""28"": null, ""29"": null, ""30"": null}",175,tab1a2021-link_m,coal-statistics-download-excel-7,coal_statistics,Download Excel,https://coal.gov.in/sites/default/files/2024-03/cdchap6.xlsx
source_reference,"{""0"": null, ""1"": 175.0, ""2"": ""SAIL"", ""3"": ""32"", ""4"": ""Tasra"", ""5"": ""JKD"", ""6"": 20, ""7"": ""O"", ""8"": ""C"", ""9"": 0, ""10"": 0, ""11"": 0, ""12"": 0, ""13"": 0, ""14"": null, ""15"": null, ""16"": null, ""17"": null, ""18"": null, ""19"": null, ""20"": null, ""21"": null, ""22"": null, ""23"": 0.0, ""24"": null, ""25"": null, ""26"": null, ""27"": null, ""28"": null, ""29"": null, ""30"": null}",176,tab1a2021-link_m,coal-statistics-download-excel-7,coal_statistics,Download Excel,https://coal.gov.in/sites/default/files/2024-03/cdchap6.xlsx
source_reference,"{""0"": null, ""1"": 176.0, ""2"": ""SAIL"", ""3"": ""32"", ""4"": ""Tasra"", ""5"": ""JKD"", ""6"": 20, ""7"": ""P"", ""8"": ""C"", ""9"": 0, ""10"": 0, ""11"": 0, ""12"": 0, ""13"": 0, ""14"": null, ""15"": null, ""16"": null, ""17"": null, ""18"": null, ""19"": null, ""20"": null, ""21"": null, ""22"": null, ""23"": 0.0, ""24"": null, ""25"": null, ""26"": null, ""27"": null, ""28"": null, ""29"": null, ""30"": null}",177,tab1a2021-link_m,coal-statistics-download-excel-7,coal_statistics,Download Excel,https://coal.gov.in/sites/default/files/2024-03/cdchap6.xlsx
source_reference,"{""0"": null, ""1"": 177.0, ""2"": ""SAIL"", ""3"": ""32"", ""4"": ""Tasra"", ""5"": ""JKD"", ""6"": 20, ""7"": ""D"", ""8"": ""C"", ""9"": 0, ""10"": 0, ""11"": 0, ""12"": 0, ""13"": 0, ""14"": null, ""15"": null, ""16"": null, ""17"": null, ""18"": null, ""19"": null, ""20"": null, ""21"": null, ""22"": null, ""23"": 0.0, ""24"": null, ""25"": null, ""26"": null, ""27"": null, ""28"": null, ""29"": null, ""30"": null}",178,tab1a2021-link_m,coal-statistics-download-excel-7,coal_statistics,Download Excel,https://coal.gov.in/sites/default/files/2024-03/cdchap6.xlsx
source_reference,"{""0"": null, ""1"": 178.0, ""2"": ""SAIL"", ""3"": ""32"", ""4"": ""Tasra"", ""5"": ""JKD"", ""6"": 20, ""7"": ""F"", ""8"": ""C"", ""9"": 0, ""10"": 0, ""11"": 0, ""12"": 0, ""13"": 0, ""14"": null, ""15"": null, ""16"": null, ""17"": null, ""18"": null, ""19"": null, ""20"": null, ""21"": null, ""22"": null, ""23"": 0.0, ""24"": null, ""25"": null, ""26"": null, ""27"": null, ""28"": null, ""29"": null, ""30"": null}",179,tab1a2021-link_m,coal-statistics-download-excel-7,coal_statistics,Download Excel,https://coal.gov.in/sites/default/files/2024-03/cdchap6.xlsx
source_reference,"{""0"": null, ""1"": 179.0, ""2"": ""SAIL"", ""3"": ""32"", ""4"": ""Tasra"", ""5"": ""JKD"", ""6"": 20, ""7"": ""S"", ""8"": ""C"", ""9"": 0, ""10"": 0, ""11"": 0, ""12"": 0, ""13"": 0, ""14"": null, ""15"": null, ""16"": null, ""17"": null, ""18"": null, ""19"": null, ""20"": null, ""21"": null, ""22"": null, ""23"": 0.0, ""24"": null, ""25"": null, ""26"": null, ""27"": null, ""28"": null, ""29"": null, ""30"": null}",180,tab1a2021-link_m,coal-statistics-download-excel-7,coal_statistics,Download Excel,https://coal.gov.in/sites/default/files/2024-03/cdchap6.xlsx
source_reference,"{""0"": null, ""1"": 180.0, ""2"": ""SAIL"", ""3"": ""32"", ""4"": ""Tasra"", ""5"": ""JKD"", ""6"": ""35"", ""7"": ""V"", ""8"": ""C"", ""9"": 0, ""10"": 0, ""11"": 0, ""12"": 0, ""13"": 0, ""14"": null, ""15"": null, ""16"": null, ""17"": null, ""18"": null, ""19"": null, ""20"": null, ""21"": null, ""22"": null, ""23"": 0.0, ""24"": null, ""25"": null, ""26"": null, ""27"": null, ""28"": null, ""29"": null, ""30"": null}",181,tab1a2021-link_m,coal-statistics-download-excel-7,coal_statistics,Download Excel,https://coal.gov.in/sites/default/files/2024-03/cdchap6.xlsx
source_reference,"{""0"": null, ""1"": 181.0, ""2"": ""JKML"", ""3"": ""10"", ""4"": ""JKML"", ""5"": ""J&K"", ""6"": 21, ""7"": ""O"", ""8"": ""C"", ""9"": 0, ""10"": 0, ""11"": 0, ""12"": 7, ""13"": 7, ""14"": ""This Figures is Provisional"", ""15"": null, ""16"": null, ""17"": null, ""18"": null, ""19"": null, ""20"": null, ""21"": null, ""22"": null, ""23"": 0.0, ""24"": null, ""25"": null, ""26"": null, ""27"": null, ""28"": null, ""29"": null, ""30"": null}",182,tab1a2021-link_m,coal-statistics-download-excel-7,coal_statistics,Download Excel,https://coal.gov.in/sites/default/files/2024-03/cdchap6.xlsx
source_reference,"{""0"": null, ""1"": 182.0, ""2"": ""JKML"", ""3"": ""10"", ""4"": ""JKML"", ""5"": ""J&K"", ""6"": 21, ""7"": ""P"", ""8"": ""C"", ""9"": 0, ""10"": 0, ""11"": 0, ""12"": 12, ""13"": 12, ""14"": null, ""15"": null, ""16"": null, ""17"": null, ""18"": null, ""19"": null, ""20"": null, ""21"": null, ""22"": null, ""23"": 0.0, ""24"": null, ""25"": null, ""26"": null, ""27"": null, ""28"": null, ""29"": null, ""30"": null}",183,tab1a2021-link_m,coal-statistics-download-excel-7,coal_statistics,Download Excel,https://coal.gov.in/sites/default/files/2024-03/cdchap6.xlsx
source_reference,"{""0"": null, ""1"": 183.0, ""2"": ""JKML"", ""3"": ""10"", ""4"": ""JKML"", ""5"": ""J&K"", ""6"": 21, ""7"": ""D"", ""8"": ""C"", ""9"": 0, ""10"": 0, ""11"": 0, ""12"": 12, ""13"": 12, ""14"": null, ""15"": null, ""16"": null, ""17"": null, ""18"": null, ""19"": null, ""20"": null, ""21"": null, ""22"": null, ""23"": 0.0, ""24"": null, ""25"": null, ""26"": null, ""27"": null, ""28"": null, ""29"": null, ""30"": null}",184,tab1a2021-link_m,coal-statistics-download-excel-7,coal_statistics,Download Excel,https://coal.gov.in/sites/default/files/2024-03/cdchap6.xlsx
source_reference,"{""0"": null, ""1"": 184.0, ""2"": ""JKML"", ""3"": ""10"", ""4"": ""JKML"", ""5"": ""J&K"", ""6"": 21, ""7"": ""F"", ""8"": ""C"", ""9"": 0, ""10"": 0, ""11"": 0, ""12"": 0, ""13"": 0, ""14"": null, ""15"": null, ""16"": null, ""17"": null, ""18"": null, ""19"": null, ""20"": null, ""21"": null, ""22"": null, ""23"": 0.0, ""24"": null, ""25"": null, ""26"": null, ""27"": null, ""28"": null, ""29"": null, ""30"": null}",185,tab1a2021-link_m,coal-statistics-download-excel-7,coal_statistics,Download Excel,https://coal.gov.in/sites/default/files/2024-03/cdchap6.xlsx
source_reference,"{""0"": null, ""1"": 185.0, ""2"": ""JKML"", ""3"": ""10"", ""4"": ""JKML"", ""5"": ""J&K"", ""6"": 21, ""7"": ""S"", ""8"": ""C"", ""9"": 0, ""10"": 0, ""11"": 0, ""12"": 7, ""13"": 7, ""14"": null, ""15"": null, ""16"": null, ""17"": null, ""18"": null, ""19"": null, ""20"": null, ""21"": null, ""22"": null, ""23"": 0.0, ""24"": null, ""25"": null, ""26"": null, ""27"": null, ""28"": null, ""29"": null, ""30"": null}",186,tab1a2021-link_m,coal-statistics-download-excel-7,coal_statistics,Download Excel,https://coal.gov.in/sites/default/files/2024-03/cdchap6.xlsx
source_reference,"{""0"": null, ""1"": 186.0, ""2"": ""JKML"", ""3"": 0, ""4"": ""JKML"", ""5"": ""J&K"", ""6"": 0, ""7"": ""V"", ""8"": ""C"", ""9"": 0, ""10"": 0, ""11"": 0, ""12"": 0, ""13"": 0, ""14"": null, ""15"": null, ""16"": 0, ""17"": null, ""18"": null, ""19"": null, ""20"": null, ""21"": null, ""22"": null, ""23"": 0.0, ""24"": 0, ""25"": null, ""26"": null, ""27"": null, ""28"": null, ""29"": null, ""30"": null}",187,tab1a2021-link_m,coal-statistics-download-excel-7,coal_statistics,Download Excel,https://coal.gov.in/sites/default/files/2024-03/cdchap6.xlsx
source_reference,"{""0"": null, ""1"": 187.0, ""2"": ""JSMDCL"", ""3"": ""11"", ""4"": ""Shikni OC"", ""5"": ""JKD"", ""6"": ""07"", ""7"": ""O"", ""8"": ""C"", ""9"": 0, ""10"": 0, ""11"": 0, ""12"": 5, ""13"": 5, ""14"": null, ""15"": null, ""16"": null, ""17"": null, ""18"": null, ""19"": null, ""20"": null, ""21"": null, ""22"": null, ""23"": 0.0, ""24"": null, ""25"": null, ""26"": null, ""27"": null, ""28"": null, ""29"": null, ""30"": null}",188,tab1a2021-link_m,coal-statistics-download-excel-7,coal_statistics,Download Excel,https://coal.gov.in/sites/default/files/2024-03/cdchap6.xlsx
source_reference,"{""0"": null, ""1"": 188.0, ""2"": ""JSMDCL"", ""3"": ""11"", ""4"": ""Shikni OC"", ""5"": ""JKD"", ""6"": ""07"", ""7"": ""P"", ""8"": ""C"", ""9"": 0, ""10"": 0, ""11"": 0, ""12"": 79, ""13"": 79, ""14"": null, ""15"": null, ""16"": null, ""17"": null, ""18"": null, ""19"": null, ""20"": null, ""21"": null, ""22"": null, ""23"": 0.0, ""24"": null, ""25"": null, ""26"": null, ""27"": null, ""28"": null, ""29"": null, ""30"": null}",189,tab1a2021-link_m,coal-statistics-download-excel-7,coal_statistics,Download Excel,https://coal.gov.in/sites/default/files/2024-03/cdchap6.xlsx
source_reference,"{""0"": null, ""1"": 189.0, ""2"": ""JSMDCL"", ""3"": ""11"", ""4"": ""Shikni OC"", ""5"": ""JKD"", ""6"": ""07"", ""7"": ""D"", ""8"": ""C"", ""9"": 0, ""10"": 0, ""11"": 0, ""12"": 69, ""13"": 69, ""14"": null, ""15"": null, ""16"": null, ""17"": null, ""18"": null, ""19"": null, ""20"": null, ""21"": null, ""22"": null, ""23"": 0.0, ""24"": null, ""25"": null, ""26"": null, ""27"": null, ""28"": null, ""29"": null, ""30"": null}",190,tab1a2021-link_m,coal-statistics-download-excel-7,coal_statistics,Download Excel,https://coal.gov.in/sites/default/files/2024-03/cdchap6.xlsx
source_reference,"{""0"": null, ""1"": 190.0, ""2"": ""JSMDCL"", ""3"": ""11"", ""4"": ""Shikni OC"", ""5"": ""JKD"", ""6"": ""07"", ""7"": ""F"", ""8"": ""C"", ""9"": 0, ""10"": 0, ""11"": 0, ""12"": 0, ""13"": 0, ""14"": null, ""15"": null, ""16"": null, ""17"": null, ""18"": null, ""19"": null, ""20"": null, ""21"": null, ""22"": null, ""23"": 0.0, ""24"": null, ""25"": null, ""26"": null, ""27"": null, ""28"": null, ""29"": null, ""30"": null}",191,tab1a2021-link_m,coal-statistics-download-excel-7,coal_statistics,Download Excel,https://coal.gov.in/sites/default/files/2024-03/cdchap6.xlsx
source_reference,"{""0"": null, ""1"": 191.0, ""2"": ""JSMDCL"", ""3"": ""11"", ""4"": ""Shikni OC"", ""5"": ""JKD"", ""6"": ""07"", ""7"": ""S"", ""8"": ""C"", ""9"": 0, ""10"": 0, ""11"": 0, ""12"": 15, ""13"": 15, ""14"": null, ""15"": null, ""16"": null, ""17"": null, ""18"": null, ""19"": null, ""20"": null, ""21"": null, ""22"": null, ""23"": 0.0, ""24"": null, ""25"": null, ""26"": null, ""27"": null, ""28"": null, ""29"": null, ""30"": null}",192,tab1a2021-link_m,coal-statistics-download-excel-7,coal_statistics,Download Excel,https://coal.gov.in/sites/default/files/2024-03/cdchap6.xlsx
source_reference,"{""0"": null, ""1"": 192.0, ""2"": ""JSMDCL"", ""3"": ""11"", ""4"": ""Shikni OC"", ""5"": ""JKD"", ""6"": ""16"", ""7"": ""V"", ""8"": ""C"", ""9"": 0, ""10"": 0, ""11"": 0, ""12"": 115826, ""13"": 115826, ""14"": null, ""15"": null, ""16"": 1466.1518987341772, ""17"": null, ""18"": null, ""19"": null, ""20"": null, ""21"": null, ""22"": null, ""23"": 0.0, ""24"": 1466.1518987341772, ""25"": null, ""26"": null, ""27"": null, ""28"": null, ""29"": null, ""30"": null}",193,tab1a2021-link_m,coal-statistics-download-excel-7,coal_statistics,Download Excel,https://coal.gov.in/sites/default/files/2024-03/cdchap6.xlsx
source_reference,"{""0"": null, ""1"": 199.0, ""2"": ""NLCL_I"", ""3"": ""10"", ""4"": ""Mine-I"", ""5"": ""TN"", ""6"": ""04"", ""7"": ""O"", ""8"": ""L"", ""9"": 0, ""10"": 0, ""11"": 0, ""12"": 1577.84, ""13"": 1577.84, ""14"": null, ""15"": null, ""16"": null, ""17"": null, ""18"": null, ""19"": null, ""20"": null, ""21"": null, ""22"": null, ""23"": 0.0, ""24"": null, ""25"": null, ""26"": null, ""27"": null, ""28"": null, ""29"": null, ""30"": null}",194,tab1a2021-link_m,coal-statistics-download-excel-7,coal_statistics,Download Excel,https://coal.gov.in/sites/default/files/2024-03/cdchap6.xlsx
source_reference,"{""0"": null, ""1"": 200.0, ""2"": ""NLCL_I"", ""3"": ""11"", ""4"": ""Mine-I"", ""5"": ""TN"", ""6"": null, ""7"": ""P"", ""8"": ""L"", ""9"": null, ""10"": null, ""11"": 0, ""12"": 6289.517999999999, ""13"": 6289.517999999999, ""14"": null, ""15"": null, ""16"": null, ""17"": null, ""18"": null, ""19"": null, ""20"": null, ""21"": null, ""22"": null, ""23"": 0.0, ""24"": null, ""25"": null, ""26"": null, ""27"": null, ""28"": null, ""29"": null, ""30"": null}",195,tab1a2021-link_m,coal-statistics-download-excel-7,coal_statistics,Download Excel,https://coal.gov.in/sites/default/files/2024-03/cdchap6.xlsx
source_reference,"{""0"": null, ""1"": 201.0, ""2"": ""NLCL_I"", ""3"": ""12"", ""4"": ""Mine-I"", ""5"": ""TN"", ""6"": null, ""7"": ""D"", ""8"": ""L"", ""9"": 0, ""10"": 0, ""11"": 0, ""12"": 6406, ""13"": 6406, ""14"": null, ""15"": null, ""16"": null, ""17"": null, ""18"": null, ""19"": null, ""20"": null, ""21"": null, ""22"": null, ""23"": 0.0, ""24"": null, ""25"": null, ""26"": null, ""27"": null, ""28"": null, ""29"": null, ""30"": null}",196,tab1a2021-link_m,coal-statistics-download-excel-7,coal_statistics,Download Excel,https://coal.gov.in/sites/default/files/2024-03/cdchap6.xlsx
source_reference,"{""0"": null, ""1"": 202.0, ""2"": ""NLCL_I"", ""3"": ""13"", ""4"": ""Mine-I"", ""5"": ""TN"", ""6"": ""04"", ""7"": ""F"", ""8"": ""L"", ""9"": 0, ""10"": 0, ""11"": 0, ""12"": 6406, ""13"": 6406, ""14"": null, ""15"": null, ""16"": null, ""17"": null, ""18"": null, ""19"": null, ""20"": null, ""21"": null, ""22"": null, ""23"": 0.0, ""24"": null, ""25"": null, ""26"": null, ""27"": null, ""28"": null, ""29"": null, ""30"": null}",197,tab1a2021-link_m,coal-statistics-download-excel-7,coal_statistics,Download Excel,https://coal.gov.in/sites/default/files/2024-03/cdchap6.xlsx
source_reference,"{""0"": null, ""1"": 203.0, ""2"": ""NLCL_I"", ""3"": ""14"", ""4"": ""Mine-I"", ""5"": ""TN"", ""6"": null, ""7"": ""S"", ""8"": ""L"", ""9"": null, ""10"": null, ""11"": 0, ""12"": 1461.57676, ""13"": 1461.57676, ""14"": null, ""15"": null, ""16"": null, ""17"": null, ""18"": null, ""19"": null, ""20"": null, ""21"": null, ""22"": null, ""23"": 0.0, ""24"": null, ""25"": null, ""26"": null, ""27"": null, ""28"": null, ""29"": null, ""30"": null}",198,tab1a2021-link_m,coal-statistics-download-excel-7,coal_statistics,Download Excel,https://coal.gov.in/sites/default/files/2024-03/cdchap6.xlsx
source_reference,"{""0"": null, ""1"": 204.0, ""2"": ""NLCL_I"", ""3"": ""15"", ""4"": ""Mine-I"", ""5"": ""TN"", ""6"": null, ""7"": ""V"", ""8"": ""L"", ""9"": 0, ""10"": 0, ""11"": 0, ""12"": 12893512, ""13"": 12893512, ""14"": null, ""15"": null, ""16"": 2050.00001589947, ""17"": null, ""18"": null, ""19"": null, ""20"": null, ""21"": null, ""22"": null, ""23"": 0.0, ""24"": null, ""25"": null, ""26"": null, ""27"": null, ""28"": null, ""29"": null, ""30"": null}",199,tab1a2021-link_m,coal-statistics-download-excel-7,coal_statistics,Download Excel,https://coal.gov.in/sites/default/files/2024-03/cdchap6.xlsx
source_reference,"{""0"": null, ""1"": 199.0, ""2"": ""NLCL_1A"", ""3"": null, ""4"": ""Mine-1A"", ""5"": ""TN"", ""6"": ""04"", ""7"": ""O"", ""8"": ""L"", ""9"": 0, ""10"": 0, ""11"": 0, ""12"": 1698.45501, ""13"": 1698.45501, ""14"": null, ""15"": null, ""16"": null, ""17"": null, ""18"": null, ""19"": null, ""20"": null, ""21"": null, ""22"": null, ""23"": 0.0, ""24"": null, ""25"": null, ""26"": null, ""27"": null, ""28"": null, ""29"": null, ""30"": null}",200,tab1a2021-link_m,coal-statistics-download-excel-7,coal_statistics,Download Excel,https://coal.gov.in/sites/default/files/2024-03/cdchap6.xlsx
source_reference,"{""0"": null, ""1"": 200.0, ""2"": ""NLCL_1A"", ""3"": null, ""4"": ""Mine-1A"", ""5"": ""TN"", ""6"": null, ""7"": ""P"", ""8"": ""L"", ""9"": null, ""10"": null, ""11"": 0, ""12"": 2573.945068, ""13"": 2573.945068, ""14"": null, ""15"": null, ""16"": null, ""17"": null, ""18"": null, ""19"": null, ""20"": null, ""21"": null, ""22"": null, ""23"": 0.0, ""24"": null, ""25"": null, ""26"": null, ""27"": null, ""28"": null, ""29"": null, ""30"": null}",201,tab1a2021-link_m,coal-statistics-download-excel-7,coal_statistics,Download Excel,https://coal.gov.in/sites/default/files/2024-03/cdchap6.xlsx
source_reference,"{""0"": null, ""1"": 201.0, ""2"": ""NLCL_1A"", ""3"": null, ""4"": ""Mine-1A"", ""5"": ""TN"", ""6"": null, ""7"": ""D"", ""8"": ""L"", ""9"": 0, ""10"": 0, ""11"": 0, ""12"": 2472.77038, ""13"": 2472.77038, ""14"": null, ""15"": null, ""16"": null, ""17"": null, ""18"": null, ""19"": null, ""20"": null, ""21"": null, ""22"": null, ""23"": 0.0, ""24"": null, ""25"": null, ""26"": null, ""27"": null, ""28"": null, ""29"": null, ""30"": null}",202,tab1a2021-link_m,coal-statistics-download-excel-7,coal_statistics,Download Excel,https://coal.gov.in/sites/default/files/2024-03/cdchap6.xlsx
source_reference,"{""0"": null, ""1"": 202.0, ""2"": ""NLCL_1A"", ""3"": null, ""4"": ""Mine-1A"", ""5"": ""TN"", ""6"": ""04"", ""7"": ""F"", ""8"": ""L"", ""9"": 0, ""10"": 0, ""11"": 0, ""12"": 2472.77038, ""13"": 2472.77038, ""14"": null, ""15"": null, ""16"": null, ""17"": null, ""18"": null, ""19"": null, ""20"": null, ""21"": null, ""22"": null, ""23"": 0.0, ""24"": null, ""25"": null, ""26"": null, ""27"": null, ""28"": null, ""29"": null, ""30"": null}",203,tab1a2021-link_m,coal-statistics-download-excel-7,coal_statistics,Download Excel,https://coal.gov.in/sites/default/files/2024-03/cdchap6.xlsx
source_reference,"{""0"": null, ""1"": 203.0, ""2"": ""NLCL_1A"", ""3"": null, ""4"": ""Mine-1A"", ""5"": ""TN"", ""6"": null, ""7"": ""S"", ""8"": ""L"", ""9"": null, ""10"": null, ""11"": 0, ""12"": 1799.6296979999997, ""13"": 1799.6296979999997, ""14"": null, ""15"": null, ""16"": null, ""17"": null, ""18"": null, ""19"": null, ""20"": null, ""21"": null, ""22"": null, ""23"": 0.0, ""24"": null, ""25"": null, ""26"": null, ""27"": null, ""28"": null, ""29"": null, ""30"": null}",204,tab1a2021-link_m,coal-statistics-download-excel-7,coal_statistics,Download Excel,https://coal.gov.in/sites/default/files/2024-03/cdchap6.xlsx
source_reference,"{""0"": null, ""1"": 204.0, ""2"": ""NLCL_1A"", ""3"": null, ""4"": ""Mine-1A"", ""5"": ""TN"", ""6"": null, ""7"": ""V"", ""8"": ""L"", ""9"": 0, ""10"": 0, ""11"": 0, ""12"": 5276587, ""13"": 5276587, ""14"": null, ""15"": null, ""16"": 2049.99984871472, ""17"": null, ""18"": null, ""19"": null, ""20"": null, ""21"": null, ""22"": null, ""23"": 0.0, ""24"": null, ""25"": null, ""26"": null, ""27"": null, ""28"": null, ""29"": null, ""30"": null}",205,tab1a2021-link_m,coal-statistics-download-excel-7,coal_statistics,Download Excel,https://coal.gov.in/sites/default/files/2024-03/cdchap6.xlsx
source_reference,"{""0"": null, ""1"": 199.0, ""2"": ""NLCL_II"", ""3"": null, ""4"": ""Mine_II"", ""5"": ""TN"", ""6"": ""04"", ""7"": ""O"", ""8"": ""L"", ""9"": 0, ""10"": 0, ""11"": 0, ""12"": 1783.256337, ""13"": 1783.256337, ""14"": null, ""15"": null, ""16"": null, ""17"": null, ""18"": null, ""19"": null, ""20"": null, ""21"": null, ""22"": null, ""23"": 0.0, ""24"": null, ""25"": null, ""26"": null, ""27"": null, ""28"": null, ""29"": null, ""30"": null}",206,tab1a2021-link_m,coal-statistics-download-excel-7,coal_statistics,Download Excel,https://coal.gov.in/sites/default/files/2024-03/cdchap6.xlsx
source_reference,"{""0"": null, ""1"": 200.0, ""2"": ""NLCL_II"", ""3"": null, ""4"": ""Mine_II"", ""5"": ""TN"", ""6"": null, ""7"": ""P"", ""8"": ""L"", ""9"": null, ""10"": null, ""11"": 0, ""12"": 9162.45289, ""13"": 9162.45289, ""14"": null, ""15"": null, ""16"": null, ""17"": null, ""18"": null, ""19"": null, ""20"": null, ""21"": null, ""22"": null, ""23"": 0.0, ""24"": null, ""25"": null, ""26"": null, ""27"": null, ""28"": null, ""29"": null, ""30"": null}",207,tab1a2021-link_m,coal-statistics-download-excel-7,coal_statistics,Download Excel,https://coal.gov.in/sites/default/files/2024-03/cdchap6.xlsx
source_reference,"{""0"": null, ""1"": 201.0, ""2"": ""NLCL_II"", ""3"": null, ""4"": ""Mine_II"", ""5"": ""TN"", ""6"": null, ""7"": ""D"", ""8"": ""L"", ""9"": 0, ""10"": 0, ""11"": 0, ""12"": 9637.175212, ""13"": 9637.175212, ""14"": null, ""15"": null, ""16"": null, ""17"": null, ""18"": null, ""19"": null, ""20"": null, ""21"": null, ""22"": null, ""23"": 0.0, ""24"": null, ""25"": null, ""26"": null, ""27"": null, ""28"": null, ""29"": null, ""30"": null}",208,tab1a2021-link_m,coal-statistics-download-excel-7,coal_statistics,Download Excel,https://coal.gov.in/sites/default/files/2024-03/cdchap6.xlsx
source_reference,"{""0"": null, ""1"": 202.0, ""2"": ""NLCL_II"", ""3"": null, ""4"": ""Mine_II"", ""5"": ""TN"", ""6"": ""04"", ""7"": ""F"", ""8"": ""L"", ""9"": 0, ""10"": 0, ""11"": 0, ""12"": 9637.175212, ""13"": 9637.175212, ""14"": null, ""15"": null, ""16"": null, ""17"": null, ""18"": null, ""19"": null, ""20"": null, ""21"": null, ""22"": null, ""23"": 0.0, ""24"": null, ""25"": null, ""26"": null, ""27"": null, ""28"": null, ""29"": null, ""30"": null}",209,tab1a2021-link_m,coal-statistics-download-excel-7,coal_statistics,Download Excel,https://coal.gov.in/sites/default/files/2024-03/cdchap6.xlsx
source_reference,"{""0"": null, ""1"": 203.0, ""2"": ""NLCL_II"", ""3"": null, ""4"": ""Mine_II"", ""5"": ""TN"", ""6"": null, ""7"": ""S"", ""8"": ""L"", ""9"": null, ""10"": null, ""11"": 0, ""12"": 1308.534015, ""13"": 1308.534015, ""14"": null, ""15"": null, ""16"": null, ""17"": null, ""18"": null, ""19"": null, ""20"": null, ""21"": null, ""22"": null, ""23"": 0.0, ""24"": null, ""25"": null, ""26"": null, ""27"": null, ""28"": null, ""29"": null, ""30"": null}",210,tab1a2021-link_m,coal-statistics-download-excel-7,coal_statistics,Download Excel,https://coal.gov.in/sites/default/files/2024-03/cdchap6.xlsx
source_reference,"{""0"": null, ""1"": 204.0, ""2"": ""NLCL_II"", ""3"": null, ""4"": ""Mine_II"", ""5"": ""TN"", ""6"": null, ""7"": ""V"", ""8"": ""L"", ""9"": 0, ""10"": 0, ""11"": 0, ""12"": 18783028, ""13"": 18783028, ""14"": null, ""15"": null, ""16"": 2049.9999536696114, ""17"": null, ""18"": null, ""19"": null, ""20"": null, ""21"": null, ""22"": null, ""23"": 0.0, ""24"": null, ""25"": null, ""26"": null, ""27"": null, ""28"": null, ""29"": null, ""30"": null}",211,tab1a2021-link_m,coal-statistics-download-excel-7,coal_statistics,Download Excel,https://coal.gov.in/sites/default/files/2024-03/cdchap6.xlsx
source_reference,"{""0"": null, ""1"": 199.0, ""2"": ""NLCL_B"", ""3"": null, ""4"": ""Barsingsar"", ""5"": ""RAJ"", ""6"": ""04"", ""7"": ""O"", ""8"": ""L"", ""9"": 0, ""10"": 0, ""11"": 0, ""12"": null, ""13"": 0, ""14"": null, ""15"": null, ""16"": null, ""17"": null, ""18"": null, ""19"": null, ""20"": null, ""21"": null, ""22"": null, ""23"": 0.0, ""24"": null, ""25"": null, ""26"": null, ""27"": null, ""28"": null, ""29"": null, ""30"": null}",212,tab1a2021-link_m,coal-statistics-download-excel-7,coal_statistics,Download Excel,https://coal.gov.in/sites/default/files/2024-03/cdchap6.xlsx
source_reference,"{""0"": null, ""1"": 200.0, ""2"": ""NLCL_B"", ""3"": null, ""4"": ""Barsingsar"", ""5"": ""RAJ"", ""6"": null, ""7"": ""P"", ""8"": ""L"", ""9"": null, ""10"": null, ""11"": 0, ""12"": 1236.5061799999999, ""13"": 1236.5061799999999, ""14"": null, ""15"": null, ""16"": null, ""17"": null, ""18"": null, ""19"": null, ""20"": null, ""21"": null, ""22"": null, ""23"": 0.0, ""24"": null, ""25"": null, ""26"": null, ""27"": null, ""28"": null, ""29"": null, ""30"": null}",213,tab1a2021-link_m,coal-statistics-download-excel-7,coal_statistics,Download Excel,https://coal.gov.in/sites/default/files/2024-03/cdchap6.xlsx
source_reference,"{""0"": null, ""1"": 201.0, ""2"": ""NLCL_B"", ""3"": null, ""4"": ""Barsingsar"", ""5"": ""RAJ"", ""6"": null, ""7"": ""D"", ""8"": ""L"", ""9"": 0, ""10"": 0, ""11"": 0, ""12"": 1236.5061799999999, ""13"": 1236.5061799999999, ""14"": null, ""15"": null, ""16"": null, ""17"": null, ""18"": null, ""19"": null, ""20"": null, ""21"": null, ""22"": null, ""23"": 0.0, ""24"": null, ""25"": null, ""26"": null, ""27"": null, ""28"": null, ""29"": null, ""30"": null}",214,tab1a2021-link_m,coal-statistics-download-excel-7,coal_statistics,Download Excel,https://coal.gov.in/sites/default/files/2024-03/cdchap6.xlsx
source_reference,"{""0"": null, ""1"": 202.0, ""2"": ""NLCL_B"", ""3"": null, ""4"": ""Barsingsar"", ""5"": ""RAJ"", ""6"": ""04"", ""7"": ""F"", ""8"": ""L"", ""9"": 0, ""10"": 0, ""11"": 0, ""12"": 1236.5061799999999, ""13"": 1236.5061799999999, ""14"": null, ""15"": null, ""16"": null, ""17"": null, ""18"": null, ""19"": null, ""20"": null, ""21"": null, ""22"": null, ""23"": 0.0, ""24"": null, ""25"": null, ""26"": null, ""27"": null, ""28"": null, ""29"": null, ""30"": null}",215,tab1a2021-link_m,coal-statistics-download-excel-7,coal_statistics,Download Excel,https://coal.gov.in/sites/default/files/2024-03/cdchap6.xlsx
source_reference,"{""0"": null, ""1"": 203.0, ""2"": ""NLCL_B"", ""3"": null, ""4"": ""Barsingsar"", ""5"": ""RAJ"", ""6"": null, ""7"": ""S"", ""8"": ""L"", ""9"": null, ""10"": null, ""11"": 0, ""12"": 0, ""13"": 0, ""14"": null, ""15"": null, ""16"": null, ""17"": null, ""18"": null, ""19"": null, ""20"": null, ""21"": null, ""22"": null, ""23"": 0.0, ""24"": null, ""25"": null, ""26"": null, ""27"": null, ""28"": null, ""29"": null, ""30"": null}",216,tab1a2021-link_m,coal-statistics-download-excel-7,coal_statistics,Download Excel,https://coal.gov.in/sites/default/files/2024-03/cdchap6.xlsx
source_reference,"{""0"": null, ""1"": 204.0, ""2"": ""NLCL_B"", ""3"": null, ""4"": ""Barsingsar"", ""5"": ""RAJ"", ""6"": null, ""7"": ""V"", ""8"": ""L"", ""9"": 0, ""10"": 0, ""11"": 0, ""12"": 1200647, ""13"": 1200647, ""14"": null, ""15"": null, ""16"": 970.9995950040461, ""17"": null, ""18"": null, ""19"": null, ""20"": null, ""21"": null, ""22"": null, ""23"": 0.0, ""24"": null, ""25"": null, ""26"": null, ""27"": null, ""28"": null, ""29"": null, ""30"": null}",217,tab1a2021-link_m,coal-statistics-download-excel-7,coal_statistics,Download Excel,https://coal.gov.in/sites/default/files/2024-03/cdchap6.xlsx
source_reference,"{""0"": null, ""1"": 217.0, ""2"": ""RSMML"", ""3"": ""10"", ""4"": ""Giral, Matasukh, Sonari"", ""5"": ""RAJ"", ""6"": null, ""7"": ""O"", ""8"": ""L"", ""9"": null, ""10"": null, ""11"": 0, ""12"": 0, ""13"": 0, ""14"": null, ""15"": null, ""16"": "" "", ""17"": null, ""18"": null, ""19"": null, ""20"": null, ""21"": null, ""22"": null, ""23"": 0.0, ""24"": null, ""25"": null, ""26"": null, ""27"": null, ""28"": null, ""29"": null, ""30"": null}",218,tab1a2021-link_m,coal-statistics-download-excel-7,coal_statistics,Download Excel,https://coal.gov.in/sites/default/files/2024-03/cdchap6.xlsx
source_reference,"{""0"": null, ""1"": 218.0, ""2"": ""RSMML"", ""3"": ""10"", ""4"": ""Giral, Matasukh, Sonari"", ""5"": ""RAJ"", ""6"": null, ""7"": ""P"", ""8"": ""L"", ""9"": null, ""10"": null, ""11"": 0, ""12"": 830, ""13"": 830, ""14"": null, ""15"": null, ""16"": null, ""17"": null, ""18"": null, ""19"": null, ""20"": null, ""21"": null, ""22"": null, ""23"": 0.0, ""24"": null, ""25"": null, ""26"": null, ""27"": null, ""28"": null, ""29"": null, ""30"": null}",219,tab1a2021-link_m,coal-statistics-download-excel-7,coal_statistics,Download Excel,https://coal.gov.in/sites/default/files/2024-03/cdchap6.xlsx
source_reference,"{""0"": null, ""1"": 219.0, ""2"": ""RSMML"", ""3"": ""10"", ""4"": ""Giral, Matasukh, Sonari"", ""5"": ""RAJ"", ""6"": null, ""7"": ""D"", ""8"": ""L"", ""9"": null, ""10"": null, ""11"": 0, ""12"": 830, ""13"": 830, ""14"": null, ""15"": null, ""16"": null, ""17"": null, ""18"": null, ""19"": null, ""20"": null, ""21"": null, ""22"": null, ""23"": 0.0, ""24"": null, ""25"": null, ""26"": null, ""27"": null, ""28"": null, ""29"": null, ""30"": null}",220,tab1a2021-link_m,coal-statistics-download-excel-7,coal_statistics,Download Excel,https://coal.gov.in/sites/default/files/2024-03/cdchap6.xlsx
source_reference,"{""0"": null, ""1"": 220.0, ""2"": ""RSMML"", ""3"": ""10"", ""4"": ""Giral, Matasukh, Sonari"", ""5"": ""RAJ"", ""6"": null, ""7"": ""F"", ""8"": ""L"", ""9"": null, ""10"": null, ""11"": 0, ""12"": 0, ""13"": 0, ""14"": null, ""15"": null, ""16"": null, ""17"": null, ""18"": null, ""19"": null, ""20"": null, ""21"": null, ""22"": null, ""23"": 0.0, ""24"": null, ""25"": null, ""26"": null, ""27"": null, ""28"": null, ""29"": null, ""30"": null}",221,tab1a2021-link_m,coal-statistics-download-excel-7,coal_statistics,Download Excel,https://coal.gov.in/sites/default/files/2024-03/cdchap6.xlsx
source_reference,"{""0"": null, ""1"": 221.0, ""2"": ""RSMML"", ""3"": ""10"", ""4"": ""Giral, Matasukh, Sonari"", ""5"": ""RAJ"", ""6"": null, ""7"": ""S"", ""8"": ""L"", ""9"": null, ""10"": null, ""11"": 0, ""12"": 0, ""13"": 0, ""14"": null, ""15"": null, ""16"": null, ""17"": null, ""18"": null, ""19"": null, ""20"": null, ""21"": null, ""22"": null, ""23"": 0.0, ""24"": null, ""25"": null, ""26"": null, ""27"": null, ""28"": null, ""29"": null, ""30"": null}",222,tab1a2021-link_m,coal-statistics-download-excel-7,coal_statistics,Download Excel,https://coal.gov.in/sites/default/files/2024-03/cdchap6.xlsx
source_reference,"{""0"": null, ""1"": 222.0, ""2"": ""RSMML"", ""3"": ""10"", ""4"": ""Giral, Matasukh, Sonari"", ""5"": ""RAJ"", ""6"": 0, ""7"": ""V"", ""8"": ""L"", ""9"": null, ""10"": null, ""11"": 0, ""12"": 0, ""13"": 0, ""14"": null, ""15"": null, ""16"": 1931.5075949367088, ""17"": null, ""18"": null, ""19"": null, ""20"": null, ""21"": null, ""22"": null, ""23"": 0.0, ""24"": 0, ""25"": 1436.3475154270868, ""26"": null, ""27"": null, ""28"": null, ""29"": null, ""30"": null}",223,tab1a2021-link_m,coal-statistics-download-excel-7,coal_statistics,Download Excel,https://coal.gov.in/sites/default/files/2024-03/cdchap6.xlsx
source_reference,"{""0"": null, ""1"": 223.0, ""2"": ""BLMCL_K"", ""3"": ""10"", ""4"": ""Kapurdi Lignite Mine"", ""5"": ""RAJ"", ""6"": null, ""7"": ""O"", ""8"": ""L"", ""9"": 0, ""10"": 0, ""11"": null, ""12"": 388, ""13"": 388, ""14"": null, ""15"": null, ""16"": null, ""17"": null, ""18"": null, ""19"": null, ""20"": null, ""21"": null, ""22"": null, ""23"": 0.0, ""24"": null, ""25"": null, ""26"": null, ""27"": null, ""28"": null, ""29"": null, ""30"": null}",224,tab1a2021-link_m,coal-statistics-download-excel-7,coal_statistics,Download Excel,https://coal.gov.in/sites/default/files/2024-03/cdchap6.xlsx
source_reference,"{""0"": null, ""1"": 224.0, ""2"": ""BLMCL_K"", ""3"": ""10"", ""4"": ""Kapurdi Lignite Mine"", ""5"": ""RAJ"", ""6"": null, ""7"": ""P"", ""8"": ""L"", ""9"": 0, ""10"": 0, ""11"": null, ""12"": 4500, ""13"": 4500, ""14"": null, ""15"": null, ""16"": null, ""17"": null, ""18"": null, ""19"": null, ""20"": null, ""21"": null, ""22"": null, ""23"": 0.0, ""24"": null, ""25"": null, ""26"": null, ""27"": null, ""28"": null, ""29"": null, ""30"": null}",225,tab1a2021-link_m,coal-statistics-download-excel-7,coal_statistics,Download Excel,https://coal.gov.in/sites/default/files/2024-03/cdchap6.xlsx
source_reference,"{""0"": null, ""1"": 225.0, ""2"": ""BLMCL_K"", ""3"": ""10"", ""4"": ""Kapurdi Lignite Mine"", ""5"": ""RAJ"", ""6"": null, ""7"": ""D"", ""8"": ""L"", ""9"": 0, ""10"": 0, ""11"": null, ""12"": 4645, ""13"": 4645, ""14"": null, ""15"": null, ""16"": null, ""17"": null, ""18"": null, ""19"": null, ""20"": null, ""21"": null, ""22"": null, ""23"": 0.0, ""24"": null, ""25"": null, ""26"": null, ""27"": null, ""28"": null, ""29"": null, ""30"": null}",226,tab1a2021-link_m,coal-statistics-download-excel-7,coal_statistics,Download Excel,https://coal.gov.in/sites/default/files/2024-03/cdchap6.xlsx
source_reference,"{""0"": null, ""1"": 226.0, ""2"": ""BLMCL_K"", ""3"": ""10"", ""4"": ""Kapurdi Lignite Mine"", ""5"": ""RAJ"", ""6"": null, ""7"": ""F"", ""8"": ""L"", ""9"": 0, ""10"": 0, ""11"": null, ""12"": 4645, ""13"": 4645, ""14"": null, ""15"": null, ""16"": null, ""17"": null, ""18"": null, ""19"": null, ""20"": null, ""21"": null, ""22"": null, ""23"": 0.0, ""24"": null, ""25"": null, ""26"": null, ""27"": null, ""28"": null, ""29"": null, ""30"": null}",227,tab1a2021-link_m,coal-statistics-download-excel-7,coal_statistics,Download Excel,https://coal.gov.in/sites/default/files/2024-03/cdchap6.xlsx
source_reference,"{""0"": null, ""1"": 227.0, ""2"": ""BLMCL_K"", ""3"": ""11"", ""4"": ""Kapurdi Lignite Mine"", ""5"": ""RAJ"", ""6"": null, ""7"": ""S"", ""8"": ""L"", ""9"": 0, ""10"": 0, ""11"": null, ""12"": 243, ""13"": 243, ""14"": null, ""15"": null, ""16"": null, ""17"": null, ""18"": null, ""19"": null, ""20"": null, ""21"": null, ""22"": null, ""23"": 0.0, ""24"": null, ""25"": null, ""26"": null, ""27"": null, ""28"": null, ""29"": null, ""30"": null}",228,tab1a2021-link_m,coal-statistics-download-excel-7,coal_statistics,Download Excel,https://coal.gov.in/sites/default/files/2024-03/cdchap6.xlsx
source_reference,"{""0"": null, ""1"": 228.0, ""2"": ""BLMCL_K"", ""3"": 0, ""4"": ""Kapurdi Lignite Mine"", ""5"": ""RAJ"", ""6"": 0, ""7"": ""V"", ""8"": ""L"", ""9"": 0, ""10"": 0, ""11"": null, ""12"": 8677815, ""13"": 8677815, ""14"": null, ""15"": null, ""16"": 1928.4033333333334, ""17"": null, ""18"": null, ""19"": null, ""20"": null, ""21"": null, ""22"": null, ""23"": 0.0, ""24"": 1928.4033333333334, ""25"": null, ""26"": null, ""27"": null, ""28"": null, ""29"": null, ""30"": null}",229,tab1a2021-link_m,coal-statistics-download-excel-7,coal_statistics,Download Excel,https://coal.gov.in/sites/default/files/2024-03/cdchap6.xlsx
source_reference,"{""0"": null, ""1"": 223.0, ""2"": ""BLMCL_J"", ""3"": ""10"", ""4"": ""Jalipa Lignite Mine"", ""5"": ""RAJ"", ""6"": null, ""7"": ""O"", ""8"": ""L"", ""9"": 0, ""10"": 0, ""11"": null, ""12"": 0, ""13"": 0, ""14"": null, ""15"": null, ""16"": null, ""17"": null, ""18"": null, ""19"": null, ""20"": null, ""21"": null, ""22"": null, ""23"": 0.0, ""24"": null, ""25"": null, ""26"": null, ""27"": null, ""28"": null, ""29"": null, ""30"": null}",230,tab1a2021-link_m,coal-statistics-download-excel-7,coal_statistics,Download Excel,https://coal.gov.in/sites/default/files/2024-03/cdchap6.xlsx
source_reference,"{""0"": null, ""1"": 224.0, ""2"": ""BLMCL_J"", ""3"": ""10"", ""4"": ""Jalipa Lignite Mine"", ""5"": ""RAJ"", ""6"": null, ""7"": ""P"", ""8"": ""L"", ""9"": 0, ""10"": 0, ""11"": null, ""12"": 1518, ""13"": 1518, ""14"": null, ""15"": null, ""16"": null, ""17"": null, ""18"": null, ""19"": null, ""20"": null, ""21"": null, ""22"": null, ""23"": 0.0, ""24"": null, ""25"": null, ""26"": null, ""27"": null, ""28"": null, ""29"": null, ""30"": null}",231,tab1a2021-link_m,coal-statistics-download-excel-7,coal_statistics,Download Excel,https://coal.gov.in/sites/default/files/2024-03/cdchap6.xlsx
source_reference,"{""0"": null, ""1"": 225.0, ""2"": ""BLMCL_J"", ""3"": ""10"", ""4"": ""Jalipa Lignite Mine"", ""5"": ""RAJ"", ""6"": null, ""7"": ""D"", ""8"": ""L"", ""9"": 0, ""10"": 0, ""11"": null, ""12"": 1518, ""13"": 1518, ""14"": null, ""15"": null, ""16"": null, ""17"": null, ""18"": null, ""19"": null, ""20"": null, ""21"": null, ""22"": null, ""23"": 0.0, ""24"": null, ""25"": null, ""26"": null, ""27"": null, ""28"": null, ""29"": null, ""30"": null}",232,tab1a2021-link_m,coal-statistics-download-excel-7,coal_statistics,Download Excel,https://coal.gov.in/sites/default/files/2024-03/cdchap6.xlsx
source_reference,"{""0"": null, ""1"": 226.0, ""2"": ""BLMCL_J"", ""3"": ""10"", ""4"": ""Jalipa Lignite Mine"", ""5"": ""RAJ"", ""6"": null, ""7"": ""F"", ""8"": ""L"", ""9"": 0, ""10"": 0, ""11"": null, ""12"": 1518, ""13"": 1518, ""14"": null, ""15"": null, ""16"": null, ""17"": null, ""18"": null, ""19"": null, ""20"": null, ""21"": null, ""22"": null, ""23"": 0.0, ""24"": null, ""25"": null, ""26"": null, ""27"": null, ""28"": null, ""29"": null, ""30"": null}",233,tab1a2021-link_m,coal-statistics-download-excel-7,coal_statistics,Download Excel,https://coal.gov.in/sites/default/files/2024-03/cdchap6.xlsx
source_reference,"{""0"": null, ""1"": 227.0, ""2"": ""BLMCL_J"", ""3"": ""11"", ""4"": ""Jalipa Lignite Mine"", ""5"": ""RAJ"", ""6"": null, ""7"": ""S"", ""8"": ""L"", ""9"": 0, ""10"": 0, ""11"": null, ""12"": 0, ""13"": 0, ""14"": null, ""15"": null, ""16"": null, ""17"": null, ""18"": null, ""19"": null, ""20"": null, ""21"": null, ""22"": null, ""23"": 0.0, ""24"": null, ""25"": null, ""26"": null, ""27"": null, ""28"": null, ""29"": null, ""30"": null}",234,tab1a2021-link_m,coal-statistics-download-excel-7,coal_statistics,Download Excel,https://coal.gov.in/sites/default/files/2024-03/cdchap6.xlsx
source_reference,"{""0"": null, ""1"": 228.0, ""2"": ""BLMCL_J"", ""3"": 0, ""4"": ""Jalipa Lignite Mine"", ""5"": ""RAJ"", ""6"": 0, ""7"": ""V"", ""8"": ""L"", ""9"": 0, ""10"": 0, ""11"": null, ""12"": 2875141, ""13"": 2875141, ""14"": null, ""15"": null, ""16"": 1894.032279314888, ""17"": null, ""18"": null, ""19"": null, ""20"": null, ""21"": null, ""22"": null, ""23"": 0.0, ""24"": 1894.032279314888, ""25"": null, ""26"": null, ""27"": null, ""28"": null, ""29"": null, ""30"": null}",235,tab1a2021-link_m,coal-statistics-download-excel-7,coal_statistics,Download Excel,https://coal.gov.in/sites/default/files/2024-03/cdchap6.xlsx
source_reference,"{""0"": null, ""1"": 229.0, ""2"": ""SCCL"", ""3"": ""09"", ""4"": ""SCCL"", ""5"": ""TLNG"", ""6"": null, ""7"": ""O"", ""8"": ""C"", ""9"": 0, ""10"": 0, ""11"": 0, ""12"": 3188.438447, ""13"": 3188.438447, ""14"": null, ""15"": null, ""16"": null, ""17"": null, ""18"": null, ""19"": null, ""20"": null, ""21"": null, ""22"": null, ""23"": 0.0, ""24"": null, ""25"": null, ""26"": null, ""27"": null, ""28"": null, ""29"": null, ""30"": null}",236,tab1a2021-link_m,coal-statistics-download-excel-7,coal_statistics,Download Excel,https://coal.gov.in/sites/default/files/2024-03/cdchap6.xlsx
source_reference,"{""0"": null, ""1"": 230.0, ""2"": ""SCCL"", ""3"": ""09"", ""4"": ""SCCL"", ""5"": ""TLNG"", ""6"": null, ""7"": ""P"", ""8"": ""C"", ""9"": 0, ""10"": 0, ""11"": 0, ""12"": 50580, ""13"": 50580, ""14"": null, ""15"": null, ""16"": null, ""17"": null, ""18"": null, ""19"": null, ""20"": null, ""21"": null, ""22"": null, ""23"": 0.0, ""24"": null, ""25"": null, ""26"": null, ""27"": null, ""28"": null, ""29"": null, ""30"": null}",237,tab1a2021-link_m,coal-statistics-download-excel-7,coal_statistics,Download Excel,https://coal.gov.in/sites/default/files/2024-03/cdchap6.xlsx
source_reference,"{""0"": null, ""1"": 231.0, ""2"": ""SCCL"", ""3"": ""09"", ""4"": ""SCCL"", ""5"": ""TLNG"", ""6"": null, ""7"": ""D"", ""8"": ""C"", ""9"": 0, ""10"": 0, ""11"": 0, ""12"": 48513, ""13"": 48513, ""14"": null, ""15"": null, ""16"": null, ""17"": null, ""18"": null, ""19"": null, ""20"": null, ""21"": null, ""22"": null, ""23"": 0.0, ""24"": null, ""25"": null, ""26"": null, ""27"": null, ""28"": null, ""29"": null, ""30"": null}",238,tab1a2021-link_m,coal-statistics-download-excel-7,coal_statistics,Download Excel,https://coal.gov.in/sites/default/files/2024-03/cdchap6.xlsx
source_reference,"{""0"": null, ""1"": 232.0, ""2"": ""SCCL"", ""3"": ""09"", ""4"": ""SCCL"", ""5"": ""TLNG"", ""6"": null, ""7"": ""F"", ""8"": ""C"", ""9"": 0, ""10"": 0, ""11"": 0, ""12"": 48513, ""13"": 48513, ""14"": null, ""15"": null, ""16"": null, ""17"": null, ""18"": null, ""19"": null, ""20"": null, ""21"": null, ""22"": null, ""23"": 0.0, ""24"": null, ""25"": null, ""26"": null, ""27"": null, ""28"": null, ""29"": null, ""30"": null}",239,tab1a2021-link_m,coal-statistics-download-excel-7,coal_statistics,Download Excel,https://coal.gov.in/sites/default/files/2024-03/cdchap6.xlsx
source_reference,"{""0"": null, ""1"": 233.0, ""2"": ""SCCL"", ""3"": ""09"", ""4"": ""SCCL"", ""5"": ""TLNG"", ""6"": null, ""7"": ""S"", ""8"": ""C"", ""9"": 0, ""10"": 0, ""11"": 0, ""12"": 5239, ""13"": 5239, ""14"": null, ""15"": null, ""16"": null, ""17"": null, ""18"": null, ""19"": null, ""20"": null, ""21"": null, ""22"": null, ""23"": 0.0, ""24"": null, ""25"": null, ""26"": null, ""27"": null, ""28"": null, ""29"": null, ""30"": null}",240,tab1a2021-link_m,coal-statistics-download-excel-7,coal_statistics,Download Excel,https://coal.gov.in/sites/default/files/2024-03/cdchap6.xlsx
source_reference,"{""0"": null, ""1"": 234.0, ""2"": ""SCCL"", ""3"": ""09"", ""4"": ""SCCL"", ""5"": ""TLNG"", ""6"": ""02"", ""7"": ""V"", ""8"": ""C"", ""9"": 0, ""10"": 0, ""11"": 0, ""12"": 119869032, ""13"": 119869032, ""14"": null, ""15"": null, ""16"": 2369.8899169632264, ""17"": null, ""18"": null, ""19"": null, ""20"": null, ""21"": null, ""22"": null, ""23"": 0.0, ""24"": 2369.8899169632264, ""25"": null, ""26"": null, ""27"": null, ""28"": null, ""29"": null, ""30"": null}",241,tab1a2021-link_m,coal-statistics-download-excel-7,coal_statistics,Download Excel,https://coal.gov.in/sites/default/files/2024-03/cdchap6.xlsx
source_reference,"{""0"": null, ""1"": 235.0, ""2"": ""SIL"", ""3"": null, ""4"": ""Belgaon"", ""5"": ""MAH"", ""6"": null, ""7"": ""O"", ""8"": ""C"", ""9"": 0, ""10"": 0, ""11"": 0, ""12"": 63, ""13"": 63, ""14"": null, ""15"": null, ""16"": null, ""17"": null, ""18"": null, ""19"": null, ""20"": null, ""21"": null, ""22"": null, ""23"": 0.0, ""24"": null, ""25"": null, ""26"": null, ""27"": null, ""28"": null, ""29"": null, ""30"": null}",242,tab1a2021-link_m,coal-statistics-download-excel-7,coal_statistics,Download Excel,https://coal.gov.in/sites/default/files/2024-03/cdchap6.xlsx
source_reference,"{""0"": null, ""1"": 236.0, ""2"": ""SIL"", ""3"": null, ""4"": ""Belgaon"", ""5"": ""MAH"", ""6"": null, ""7"": ""P"", ""8"": ""C"", ""9"": 0, ""10"": 0, ""11"": 0, ""12"": 68, ""13"": 68, ""14"": null, ""15"": null, ""16"": null, ""17"": null, ""18"": null, ""19"": null, ""20"": null, ""21"": null, ""22"": null, ""23"": 0.0, ""24"": null, ""25"": null, ""26"": null, ""27"": null, ""28"": null, ""29"": null, ""30"": null}",243,tab1a2021-link_m,coal-statistics-download-excel-7,coal_statistics,Download Excel,https://coal.gov.in/sites/default/files/2024-03/cdchap6.xlsx
source_reference,"{""0"": null, ""1"": 237.0, ""2"": ""SIL"", ""3"": null, ""4"": ""Belgaon"", ""5"": ""MAH"", ""6"": null, ""7"": ""D"", ""8"": ""C"", ""9"": 0, ""10"": 0, ""11"": 0, ""12"": 100, ""13"": 100, ""14"": null, ""15"": null, ""16"": null, ""17"": null, ""18"": null, ""19"": null, ""20"": null, ""21"": null, ""22"": null, ""23"": 0.0, ""24"": null, ""25"": null, ""26"": null, ""27"": null, ""28"": null, ""29"": null, ""30"": null}",244,tab1a2021-link_m,coal-statistics-download-excel-7,coal_statistics,Download Excel,https://coal.gov.in/sites/default/files/2024-03/cdchap6.xlsx
source_reference,"{""0"": null, ""1"": 238.0, ""2"": ""SIL"", ""3"": null, ""4"": ""Belgaon"", ""5"": ""MAH"", ""6"": null, ""7"": ""F"", ""8"": ""C"", ""9"": 0, ""10"": 0, ""11"": 0, ""12"": 100, ""13"": 100, ""14"": null, ""15"": null, ""16"": null, ""17"": null, ""18"": null, ""19"": null, ""20"": null, ""21"": null, ""22"": null, ""23"": 0.0, ""24"": null, ""25"": null, ""26"": null, ""27"": null, ""28"": null, ""29"": null, ""30"": null}",245,tab1a2021-link_m,coal-statistics-download-excel-7,coal_statistics,Download Excel,https://coal.gov.in/sites/default/files/2024-03/cdchap6.xlsx
source_reference,"{""0"": null, ""1"": 239.0, ""2"": ""SIL"", ""3"": null, ""4"": ""Belgaon"", ""5"": ""MAH"", ""6"": null, ""7"": ""S"", ""8"": ""C"", ""9"": 0, ""10"": 0, ""11"": 0, ""12"": 31, ""13"": 31, ""14"": null, ""15"": null, ""16"": null, ""17"": null, ""18"": null, ""19"": null, ""20"": null, ""21"": null, ""22"": null, ""23"": 0.0, ""24"": null, ""25"": null, ""26"": null, ""27"": null, ""28"": null, ""29"": null, ""30"": null}",246,tab1a2021-link_m,coal-statistics-download-excel-7,coal_statistics,Download Excel,https://coal.gov.in/sites/default/files/2024-03/cdchap6.xlsx
source_reference,"{""0"": null, ""1"": 240.0, ""2"": ""SIL"", ""3"": 0, ""4"": ""Belgaon"", ""5"": ""MAH"", ""6"": 0, ""7"": ""V"", ""8"": ""C"", ""9"": 0, ""10"": 0, ""11"": 0, ""12"": 0, ""13"": 0, ""14"": null, ""15"": null, ""16"": 0, ""17"": null, ""18"": null, ""19"": null, ""20"": null, ""21"": null, ""22"": null, ""23"": 0.0, ""24"": 0, ""25"": null, ""26"": null, ""27"": null, ""28"": null, ""29"": null, ""30"": null}",247,tab1a2021-link_m,coal-statistics-download-excel-7,coal_statistics,Download Excel,https://coal.gov.in/sites/default/files/2024-03/cdchap6.xlsx
source_reference,"{""0"": null, ""1"": 241.0, ""2"": ""TSLJH"", ""3"": ""54"", ""4"": ""Jharia"", ""5"": ""JKD"", ""6"": null, ""7"": ""O"", ""8"": ""C"", ""9"": 1, ""10"": null, ""11"": 1, ""12"": 0, ""13"": 1, ""14"": null, ""15"": null, ""16"": null, ""17"": null, ""18"": null, ""19"": null, ""20"": null, ""21"": null, ""22"": null, ""23"": 0.0, ""24"": null, ""25"": null, ""26"": null, ""27"": null, ""28"": null, ""29"": null, ""30"": null}",248,tab1a2021-link_m,coal-statistics-download-excel-7,coal_statistics,Download Excel,https://coal.gov.in/sites/default/files/2024-03/cdchap6.xlsx
source_reference,"{""0"": null, ""1"": 242.0, ""2"": ""TSLJH"", ""3"": ""54"", ""4"": ""Jharia"", ""5"": ""JKD"", ""6"": null, ""7"": ""P"", ""8"": ""C"", ""9"": 901, ""10"": null, ""11"": 901, ""12"": 0, ""13"": 901, ""14"": null, ""15"": null, ""16"": null, ""17"": null, ""18"": null, ""19"": null, ""20"": null, ""21"": null, ""22"": null, ""23"": 0.0, ""24"": null, ""25"": null, ""26"": null, ""27"": null, ""28"": null, ""29"": null, ""30"": null}",249,tab1a2021-link_m,coal-statistics-download-excel-7,coal_statistics,Download Excel,https://coal.gov.in/sites/default/files/2024-03/cdchap6.xlsx
source_reference,"{""0"": null, ""1"": 243.0, ""2"": ""TSLJH"", ""3"": ""54"", ""4"": ""Jharia"", ""5"": ""JKD"", ""6"": null, ""7"": ""D"", ""8"": ""C"", ""9"": 901, ""10"": null, ""11"": 901, ""12"": 0, ""13"": 901, ""14"": null, ""15"": null, ""16"": null, ""17"": null, ""18"": null, ""19"": null, ""20"": null, ""21"": null, ""22"": null, ""23"": 0.0, ""24"": null, ""25"": null, ""26"": null, ""27"": null, ""28"": null, ""29"": null, ""30"": null}",250,tab1a2021-link_m,coal-statistics-download-excel-7,coal_statistics,Download Excel,https://coal.gov.in/sites/default/files/2024-03/cdchap6.xlsx
source_reference,"{""0"": null, ""1"": 244.0, ""2"": ""TSLJH"", ""3"": ""54"", ""4"": ""Jharia"", ""5"": ""JKD"", ""6"": null, ""7"": ""F"", ""8"": ""C"", ""9"": 901, ""10"": null, ""11"": 901, ""12"": 0, ""13"": 901, ""14"": null, ""15"": null, ""16"": null, ""17"": null, ""18"": null, ""19"": null, ""20"": null, ""21"": null, ""22"": null, ""23"": 0.0, ""24"": null, ""25"": null, ""26"": null, ""27"": null, ""28"": null, ""29"": null, ""30"": null}",251,tab1a2021-link_m,coal-statistics-download-excel-7,coal_statistics,Download Excel,https://coal.gov.in/sites/default/files/2024-03/cdchap6.xlsx
source_reference,"{""0"": null, ""1"": 245.0, ""2"": ""TSLJH"", ""3"": ""54"", ""4"": ""Jharia"", ""5"": ""JKD"", ""6"": null, ""7"": ""S"", ""8"": ""C"", ""9"": 1, ""10"": null, ""11"": 1, ""12"": 0, ""13"": 1, ""14"": null, ""15"": null, ""16"": null, ""17"": null, ""18"": null, ""19"": null, ""20"": null, ""21"": null, ""22"": null, ""23"": 0.0, ""24"": null, ""25"": null, ""26"": null, ""27"": null, ""28"": null, ""29"": null, ""30"": null}",252,tab1a2021-link_m,coal-statistics-download-excel-7,coal_statistics,Download Excel,https://coal.gov.in/sites/default/files/2024-03/cdchap6.xlsx
source_reference,"{""0"": null, ""1"": 246.0, ""2"": ""TSLJH"", ""3"": ""54"", ""4"": ""Jharia"", ""5"": ""JKD"", ""6"": ""16"", ""7"": ""V"", ""8"": ""C"", ""9"": 1502799.6695917605, ""10"": null, ""11"": 1502799.6695917605, ""12"": 0, ""13"": 1502799.6695917605, ""14"": null, ""15"": null, ""16"": 1667.9241615890794, ""17"": null, ""18"": null, ""19"": null, ""20"": null, ""21"": null, ""22"": null, ""23"": 0.0, ""24"": 1667.9241615890794, ""25"": null, ""26"": null, ""27"": null, ""28"": null, ""29"": null, ""30"": null}",253,tab1a2021-link_m,coal-statistics-download-excel-7,coal_statistics,Download Excel,https://coal.gov.in/sites/default/files/2024-03/cdchap6.xlsx
source_reference,"{""0"": null, ""1"": 247.0, ""2"": ""TSLWB"", ""3"": ""55"", ""4"": ""West Bokaro"", ""5"": ""JKD"", ""6"": null, ""7"": ""O"", ""8"": ""C"", ""9"": 12, ""10"": null, ""11"": 12, ""12"": 0, ""13"": 12, ""14"": null, ""15"": null, ""16"": null, ""17"": null, ""18"": null, ""19"": null, ""20"": null, ""21"": null, ""22"": null, ""23"": 0.0, ""24"": null, ""25"": null, ""26"": null, ""27"": null, ""28"": null, ""29"": null, ""30"": null}",254,tab1a2021-link_m,coal-statistics-download-excel-7,coal_statistics,Download Excel,https://coal.gov.in/sites/default/files/2024-03/cdchap6.xlsx
source_reference,"{""0"": null, ""1"": 248.0, ""2"": ""TSLWB"", ""3"": ""55"", ""4"": ""West Bokaro"", ""5"": ""JKD"", ""6"": null, ""7"": ""P"", ""8"": ""C"", ""9"": 4952, ""10"": null, ""11"": 4952, ""12"": 0, ""13"": 4952, ""14"": null, ""15"": null, ""16"": null, ""17"": null, ""18"": null, ""19"": null, ""20"": null, ""21"": null, ""22"": null, ""23"": 0.0, ""24"": null, ""25"": null, ""26"": null, ""27"": null, ""28"": null, ""29"": null, ""30"": null}",255,tab1a2021-link_m,coal-statistics-download-excel-7,coal_statistics,Download Excel,https://coal.gov.in/sites/default/files/2024-03/cdchap6.xlsx
source_reference,"{""0"": null, ""1"": 249.0, ""2"": ""TSLWB"", ""3"": ""55"", ""4"": ""West Bokaro"", ""5"": ""JKD"", ""6"": null, ""7"": ""D"", ""8"": ""C"", ""9"": 4949, ""10"": null, ""11"": 4949, ""12"": 0, ""13"": 4949, ""14"": null, ""15"": null, ""16"": null, ""17"": null, ""18"": null, ""19"": null, ""20"": null, ""21"": null, ""22"": null, ""23"": 0.0, ""24"": null, ""25"": null, ""26"": null, ""27"": null, ""28"": null, ""29"": null, ""30"": null}",256,tab1a2021-link_m,coal-statistics-download-excel-7,coal_statistics,Download Excel,https://coal.gov.in/sites/default/files/2024-03/cdchap6.xlsx
source_reference,"{""0"": null, ""1"": 250.0, ""2"": ""TSLWB"", ""3"": ""55"", ""4"": ""West Bokaro"", ""5"": ""JKD"", ""6"": null, ""7"": ""F"", ""8"": ""C"", ""9"": 4949, ""10"": null, ""11"": 4949, ""12"": 0, ""13"": 4949, ""14"": null, ""15"": null, ""16"": null, ""17"": null, ""18"": null, ""19"": null, ""20"": null, ""21"": null, ""22"": null, ""23"": 0.0, ""24"": null, ""25"": null, ""26"": null, ""27"": null, ""28"": null, ""29"": null, ""30"": null}",257,tab1a2021-link_m,coal-statistics-download-excel-7,coal_statistics,Download Excel,https://coal.gov.in/sites/default/files/2024-03/cdchap6.xlsx
source_reference,"{""0"": null, ""1"": 251.0, ""2"": ""TSLWB"", ""3"": ""55"", ""4"": ""West Bokaro"", ""5"": ""JKD"", ""6"": null, ""7"": ""S"", ""8"": ""C"", ""9"": 15, ""10"": null, ""11"": 15, ""12"": 0, ""13"": 15, ""14"": null, ""15"": null, ""16"": null, ""17"": null, ""18"": null, ""19"": null, ""20"": null, ""21"": null, ""22"": null, ""23"": 0.0, ""24"": null, ""25"": null, ""26"": null, ""27"": null, ""28"": null, ""29"": null, ""30"": null}",258,tab1a2021-link_m,coal-statistics-download-excel-7,coal_statistics,Download Excel,https://coal.gov.in/sites/default/files/2024-03/cdchap6.xlsx
source_reference,"{""0"": null, ""1"": 252.0, ""2"": ""TSLWB"", ""3"": ""55"", ""4"": ""West Bokaro"", ""5"": ""JKD"", ""6"": ""16"", ""7"": ""V"", ""8"": ""C"", ""9"": 7533338, ""10"": null, ""11"": 7533338, ""12"": 0, ""13"": 7533338, ""14"": null, ""15"": null, ""16"": 1521.2718093699516, ""17"": null, ""18"": null, ""19"": null, ""20"": null, ""21"": null, ""22"": null, ""23"": 0.0, ""24"": 1521.2718093699516, ""25"": null, ""26"": null, ""27"": null, ""28"": null, ""29"": null, ""30"": null}",259,tab1a2021-link_m,coal-statistics-download-excel-7,coal_statistics,Download Excel,https://coal.gov.in/sites/default/files/2024-03/cdchap6.xlsx
source_reference,"{""0"": null, ""1"": 253.0, ""2"": ""VSLPPL"", ""3"": null, ""4"": ""Gurha East Mine"", ""5"": ""RAJ"", ""6"": null, ""7"": ""O"", ""8"": ""L"", ""9"": 0, ""10"": 0, ""11"": 0, ""12"": 20, ""13"": 20, ""14"": null, ""15"": null, ""16"": null, ""17"": null, ""18"": null, ""19"": null, ""20"": null, ""21"": null, ""22"": null, ""23"": 0.0, ""24"": null, ""25"": null, ""26"": null, ""27"": null, ""28"": null, ""29"": null, ""30"": null}",260,tab1a2021-link_m,coal-statistics-download-excel-7,coal_statistics,Download Excel,https://coal.gov.in/sites/default/files/2024-03/cdchap6.xlsx
source_reference,"{""0"": null, ""1"": 254.0, ""2"": ""VSLPPL"", ""3"": null, ""4"": ""Gurha East Mine"", ""5"": ""RAJ"", ""6"": null, ""7"": ""P"", ""8"": ""L"", ""9"": 0, ""10"": 0, ""11"": 0, ""12"": 971, ""13"": 971, ""14"": null, ""15"": null, ""16"": null, ""17"": null, ""18"": null, ""19"": null, ""20"": null, ""21"": null, ""22"": null, ""23"": 0.0, ""24"": null, ""25"": null, ""26"": null, ""27"": null, ""28"": null, ""29"": null, ""30"": null}",261,tab1a2021-link_m,coal-statistics-download-excel-7,coal_statistics,Download Excel,https://coal.gov.in/sites/default/files/2024-03/cdchap6.xlsx
source_reference,"{""0"": null, ""1"": 255.0, ""2"": ""VSLPPL"", ""3"": null, ""4"": ""Gurha East Mine"", ""5"": ""RAJ"", ""6"": null, ""7"": ""D"", ""8"": ""L"", ""9"": 0, ""10"": 0, ""11"": 0, ""12"": 927, ""13"": 927, ""14"": null, ""15"": null, ""16"": null, ""17"": null, ""18"": null, ""19"": null, ""20"": null, ""21"": null, ""22"": null, ""23"": 0.0, ""24"": null, ""25"": null, ""26"": null, ""27"": null, ""28"": null, ""29"": null, ""30"": null}",262,tab1a2021-link_m,coal-statistics-download-excel-7,coal_statistics,Download Excel,https://coal.gov.in/sites/default/files/2024-03/cdchap6.xlsx
source_reference,"{""0"": null, ""1"": 256.0, ""2"": ""VSLPPL"", ""3"": null, ""4"": ""Gurha East Mine"", ""5"": ""RAJ"", ""6"": null, ""7"": ""F"", ""8"": ""L"", ""9"": 0, ""10"": 0, ""11"": 0, ""12"": 927, ""13"": 927, ""14"": null, ""15"": null, ""16"": null, ""17"": null, ""18"": null, ""19"": null, ""20"": null, ""21"": null, ""22"": null, ""23"": 0.0, ""24"": null, ""25"": null, ""26"": null, ""27"": null, ""28"": null, ""29"": null, ""30"": null}",263,tab1a2021-link_m,coal-statistics-download-excel-7,coal_statistics,Download Excel,https://coal.gov.in/sites/default/files/2024-03/cdchap6.xlsx
source_reference,"{""0"": null, ""1"": 257.0, ""2"": ""VSLPPL"", ""3"": null, ""4"": ""Gurha East Mine"", ""5"": ""RAJ"", ""6"": null, ""7"": ""S"", ""8"": ""L"", ""9"": 0, ""10"": 0, ""11"": 0, ""12"": 64, ""13"": 64, ""14"": null, ""15"": null, ""16"": null, ""17"": null, ""18"": null, ""19"": null, ""20"": null, ""21"": null, ""22"": null, ""23"": 0.0, ""24"": null, ""25"": null, ""26"": null, ""27"": null, ""28"": null, ""29"": null, ""30"": null}",264,tab1a2021-link_m,coal-statistics-download-excel-7,coal_statistics,Download Excel,https://coal.gov.in/sites/default/files/2024-03/cdchap6.xlsx
source_reference,"{""0"": null, ""1"": 258.0, ""2"": ""VSLPPL"", ""3"": null, ""4"": ""Gurha East Mine"", ""5"": ""RAJ"", ""6"": null, ""7"": ""V"", ""8"": ""L"", ""9"": 0, ""10"": 0, ""11"": 0, ""12"": 0, ""13"": 0, ""14"": null, ""15"": null, ""16"": 887.6488095238095, ""17"": null, ""18"": null, ""19"": null, ""20"": null, ""21"": null, ""22"": null, ""23"": 0.0, ""24"": 0, ""25"": null, ""26"": null, ""27"": null, ""28"": null, ""29"": null, ""30"": null}",265,tab1a2021-link_m,coal-statistics-download-excel-7,coal_statistics,Download Excel,https://coal.gov.in/sites/default/files/2024-03/cdchap6.xlsx
source_reference,"{""0"": null, ""1"": 259.0, ""2"": ""SPL"", ""3"": null, ""4"": ""Moher & Moher Amlohri Extn"", ""5"": ""MP"", ""6"": null, ""7"": ""O"", ""8"": ""C"", ""9"": 0, ""10"": 0, ""11"": 0, ""12"": 181, ""13"": 181, ""14"": null, ""15"": null, ""16"": null, ""17"": null, ""18"": null, ""19"": null, ""20"": null, ""21"": null, ""22"": null, ""23"": 0.0, ""24"": null, ""25"": null, ""26"": null, ""27"": null, ""28"": null, ""29"": null, ""30"": null}",266,tab1a2021-link_m,coal-statistics-download-excel-7,coal_statistics,Download Excel,https://coal.gov.in/sites/default/files/2024-03/cdchap6.xlsx
source_reference,"{""0"": null, ""1"": 260.0, ""2"": ""SPL"", ""3"": null, ""4"": ""Moher & Moher Amlohri Extn"", ""5"": ""MP"", ""6"": null, ""7"": ""P"", ""8"": ""C"", ""9"": 0, ""10"": 0, ""11"": 0, ""12"": 18570, ""13"": 18570, ""14"": null, ""15"": null, ""16"": null, ""17"": null, ""18"": null, ""19"": null, ""20"": null, ""21"": null, ""22"": null, ""23"": 0.0, ""24"": null, ""25"": null, ""26"": null, ""27"": null, ""28"": null, ""29"": null, ""30"": null}",267,tab1a2021-link_m,coal-statistics-download-excel-7,coal_statistics,Download Excel,https://coal.gov.in/sites/default/files/2024-03/cdchap6.xlsx
source_reference,"{""0"": null, ""1"": 261.0, ""2"": ""SPL"", ""3"": null, ""4"": ""Moher & Moher Amlohri Extn"", ""5"": ""MP"", ""6"": null, ""7"": ""D"", ""8"": ""C"", ""9"": 0, ""10"": 0, ""11"": 0, ""12"": 18068, ""13"": 18068, ""14"": null, ""15"": null, ""16"": null, ""17"": null, ""18"": null, ""19"": null, ""20"": null, ""21"": null, ""22"": null, ""23"": 0.0, ""24"": null, ""25"": null, ""26"": null, ""27"": null, ""28"": null, ""29"": null, ""30"": null}",268,tab1a2021-link_m,coal-statistics-download-excel-7,coal_statistics,Download Excel,https://coal.gov.in/sites/default/files/2024-03/cdchap6.xlsx
source_reference,"{""0"": null, ""1"": 262.0, ""2"": ""SPL"", ""3"": null, ""4"": ""Moher & Moher Amlohri Extn"", ""5"": ""MP"", ""6"": null, ""7"": ""F"", ""8"": ""C"", ""9"": 0, ""10"": 0, ""11"": 0, ""12"": 18068, ""13"": 18068, ""14"": null, ""15"": null, ""16"": null, ""17"": null, ""18"": null, ""19"": null, ""20"": null, ""21"": null, ""22"": null, ""23"": 0.0, ""24"": null, ""25"": null, ""26"": null, ""27"": null, ""28"": null, ""29"": null, ""30"": null}",269,tab1a2021-link_m,coal-statistics-download-excel-7,coal_statistics,Download Excel,https://coal.gov.in/sites/default/files/2024-03/cdchap6.xlsx
source_reference,"{""0"": null, ""1"": 263.0, ""2"": ""SPL"", ""3"": null, ""4"": ""Moher & Moher Amlohri Extn"", ""5"": ""MP"", ""6"": null, ""7"": ""S"", ""8"": ""C"", ""9"": 0, ""10"": 0, ""11"": 0, ""12"": 683, ""13"": 683, ""14"": null, ""15"": null, ""16"": null, ""17"": null, ""18"": null, ""19"": null, ""20"": null, ""21"": null, ""22"": null, ""23"": 0.0, ""24"": null, ""25"": null, ""26"": null, ""27"": null, ""28"": null, ""29"": null, ""30"": null}",270,tab1a2021-link_m,coal-statistics-download-excel-7,coal_statistics,Download Excel,https://coal.gov.in/sites/default/files/2024-03/cdchap6.xlsx
source_reference,"{""0"": null, ""1"": 264.0, ""2"": ""SPL"", ""3"": null, ""4"": ""Moher & Moher Amlohri Extn"", ""5"": ""MP"", ""6"": null, ""7"": ""V"", ""8"": ""C"", ""9"": 0, ""10"": 0, ""11"": 0, ""12"": 0, ""13"": 0, ""14"": 0, ""15"": null, ""16"": 0, ""17"": null, ""18"": null, ""19"": null, ""20"": null, ""21"": null, ""22"": null, ""23"": 0.0, ""24"": 0, ""25"": null, ""26"": null, ""27"": null, ""28"": null, ""29"": null, ""30"": null}",271,tab1a2021-link_m,coal-statistics-download-excel-7,coal_statistics,Download Excel,https://coal.gov.in/sites/default/files/2024-03/cdchap6.xlsx
source_reference,"{""0"": 0.0, ""1"": 265.0, ""2"": ""RRVUNL"", ""3"": null, ""4"": ""Parsa E & Kanta Basan"", ""5"": ""CHG"", ""6"": null, ""7"": ""O"", ""8"": ""C"", ""9"": 0, ""10"": 0, ""11"": 0, ""12"": 0, ""13"": 0, ""14"": null, ""15"": null, ""16"": null, ""17"": null, ""18"": null, ""19"": null, ""20"": null, ""21"": null, ""22"": null, ""23"": 0.0, ""24"": null, ""25"": null, ""26"": null, ""27"": 0, ""28"": null, ""29"": null, ""30"": null}",272,tab1a2021-link_m,coal-statistics-download-excel-7,coal_statistics,Download Excel,https://coal.gov.in/sites/default/files/2024-03/cdchap6.xlsx
source_reference,"{""0"": null, ""1"": 266.0, ""2"": ""RRVUNL"", ""3"": null, ""4"": ""Parsa E & Kanta Basan"", ""5"": ""CHG"", ""6"": null, ""7"": ""P"", ""8"": ""C"", ""9"": 0, ""10"": 0, ""11"": 0, ""12"": 15000, ""13"": 15000, ""14"": null, ""15"": null, ""16"": null, ""17"": null, ""18"": null, ""19"": null, ""20"": null, ""21"": null, ""22"": null, ""23"": 0.0, ""24"": null, ""25"": null, ""26"": null, ""27"": null, ""28"": null, ""29"": null, ""30"": null}",273,tab1a2021-link_m,coal-statistics-download-excel-7,coal_statistics,Download Excel,https://coal.gov.in/sites/default/files/2024-03/cdchap6.xlsx
source_reference,"{""0"": null, ""1"": 267.0, ""2"": ""RRVUNL"", ""3"": null, ""4"": ""Parsa E & Kanta Basan"", ""5"": ""CHG"", ""6"": null, ""7"": ""D"", ""8"": ""C"", ""9"": 0, ""10"": 0, ""11"": 0, ""12"": 15000, ""13"": 15000, ""14"": null, ""15"": null, ""16"": null, ""17"": "" "", ""18"": null, ""19"": null, ""20"": null, ""21"": null, ""22"": null, ""23"": 0.0, ""24"": null, ""25"": null, ""26"": null, ""27"": null, ""28"": null, ""29"": null, ""30"": null}",274,tab1a2021-link_m,coal-statistics-download-excel-7,coal_statistics,Download Excel,https://coal.gov.in/sites/default/files/2024-03/cdchap6.xlsx
source_reference,"{""0"": null, ""1"": 268.0, ""2"": ""RRVUNL"", ""3"": null, ""4"": ""Parsa E & Kanta Basan"", ""5"": ""CHG"", ""6"": null, ""7"": ""F"", ""8"": ""C"", ""9"": 0, ""10"": 0, ""11"": 0, ""12"": 15000, ""13"": 15000, ""14"": null, ""15"": null, ""16"": null, ""17"": null, ""18"": null, ""19"": null, ""20"": null, ""21"": null, ""22"": null, ""23"": 0.0, ""24"": null, ""25"": null, ""26"": null, ""27"": null, ""28"": null, ""29"": null, ""30"": null}",275,tab1a2021-link_m,coal-statistics-download-excel-7,coal_statistics,Download Excel,https://coal.gov.in/sites/default/files/2024-03/cdchap6.xlsx
source_reference,"{""0"": null, ""1"": 269.0, ""2"": ""RRVUNL"", ""3"": null, ""4"": ""Parsa E & Kanta Basan"", ""5"": ""CHG"", ""6"": null, ""7"": ""S"", ""8"": ""C"", ""9"": 0, ""10"": 0, ""11"": 0, ""12"": 0, ""13"": 0, ""14"": null, ""15"": null, ""16"": null, ""17"": null, ""18"": null, ""19"": null, ""20"": null, ""21"": null, ""22"": null, ""23"": 0.0, ""24"": null, ""25"": null, ""26"": null, ""27"": null, ""28"": null, ""29"": null, ""30"": null}",276,tab1a2021-link_m,coal-statistics-download-excel-7,coal_statistics,Download Excel,https://coal.gov.in/sites/default/files/2024-03/cdchap6.xlsx
source_reference,"{""0"": null, ""1"": 270.0, ""2"": ""RRVUNL"", ""3"": null, ""4"": ""Parsa E & Kanta Basan"", ""5"": ""CHG"", ""6"": null, ""7"": ""V"", ""8"": ""C"", ""9"": 0, ""10"": 0, ""11"": 0, ""12"": 58849108, ""13"": 58849108, ""14"": null, ""15"": null, ""16"": 3923.273866666667, ""17"": null, ""18"": null, ""19"": null, ""20"": null, ""21"": null, ""22"": null, ""23"": 0.0, ""24"": 3923.273866666667, ""25"": null, ""26"": null, ""27"": null, ""28"": null, ""29"": null, ""30"": null}",277,tab1a2021-link_m,coal-statistics-download-excel-7,coal_statistics,Download Excel,https://coal.gov.in/sites/default/files/2024-03/cdchap6.xlsx
source_reference,"{""0"": null, ""1"": 271.0, ""2"": ""GMR"", ""3"": null, ""4"": ""Talabira I"", ""5"": ""ODI"", ""6"": null, ""7"": ""O"", ""8"": ""C"", ""9"": 0, ""10"": 0, ""11"": 0, ""12"": 0, ""13"": 0, ""14"": null, ""15"": null, ""16"": null, ""17"": null, ""18"": null, ""19"": null, ""20"": null, ""21"": null, ""22"": null, ""23"": 0.0, ""24"": null, ""25"": null, ""26"": null, ""27"": null, ""28"": null, ""29"": null, ""30"": null}",278,tab1a2021-link_m,coal-statistics-download-excel-7,coal_statistics,Download Excel,https://coal.gov.in/sites/default/files/2024-03/cdchap6.xlsx
source_reference,"{""0"": null, ""1"": 272.0, ""2"": ""GMR"", ""3"": null, ""4"": ""Talabira I"", ""5"": ""ODI"", ""6"": null, ""7"": ""P"", ""8"": ""C"", ""9"": 0, ""10"": 0, ""11"": 0, ""12"": 0, ""13"": 0, ""14"": null, ""15"": null, ""16"": null, ""17"": null, ""18"": null, ""19"": null, ""20"": null, ""21"": null, ""22"": null, ""23"": 0.0, ""24"": null, ""25"": null, ""26"": null, ""27"": null, ""28"": null, ""29"": null, ""30"": null}",279,tab1a2021-link_m,coal-statistics-download-excel-7,coal_statistics,Download Excel,https://coal.gov.in/sites/default/files/2024-03/cdchap6.xlsx
source_reference,"{""0"": null, ""1"": 273.0, ""2"": ""GMR"", ""3"": null, ""4"": ""Talabira I"", ""5"": ""ODI"", ""6"": null, ""7"": ""D"", ""8"": ""C"", ""9"": 0, ""10"": 0, ""11"": 0, ""12"": 0, ""13"": 0, ""14"": null, ""15"": null, ""16"": null, ""17"": null, ""18"": null, ""19"": null, ""20"": null, ""21"": null, ""22"": null, ""23"": 0.0, ""24"": null, ""25"": null, ""26"": null, ""27"": null, ""28"": null, ""29"": null, ""30"": null}",280,tab1a2021-link_m,coal-statistics-download-excel-7,coal_statistics,Download Excel,https://coal.gov.in/sites/default/files/2024-03/cdchap6.xlsx
source_reference,"{""0"": null, ""1"": 274.0, ""2"": ""GMR"", ""3"": null, ""4"": ""Talabira I"", ""5"": ""ODI"", ""6"": null, ""7"": ""F"", ""8"": ""C"", ""9"": 0, ""10"": 0, ""11"": 0, ""12"": 0, ""13"": 0, ""14"": null, ""15"": null, ""16"": null, ""17"": null, ""18"": null, ""19"": null, ""20"": null, ""21"": null, ""22"": null, ""23"": 0.0, ""24"": null, ""25"": null, ""26"": null, ""27"": null, ""28"": null, ""29"": null, ""30"": null}",281,tab1a2021-link_m,coal-statistics-download-excel-7,coal_statistics,Download Excel,https://coal.gov.in/sites/default/files/2024-03/cdchap6.xlsx
source_reference,"{""0"": null, ""1"": 275.0, ""2"": ""GMR"", ""3"": null, ""4"": ""Talabira I"", ""5"": ""ODI"", ""6"": null, ""7"": ""S"", ""8"": ""C"", ""9"": 0, ""10"": 0, ""11"": 0, ""12"": 0, ""13"": 0, ""14"": null, ""15"": null, ""16"": null, ""17"": null, ""18"": null, ""19"": null, ""20"": null, ""21"": null, ""22"": null, ""23"": 0.0, ""24"": null, ""25"": null, ""26"": null, ""27"": null, ""28"": null, ""29"": null, ""30"": null}",282,tab1a2021-link_m,coal-statistics-download-excel-7,coal_statistics,Download Excel,https://coal.gov.in/sites/default/files/2024-03/cdchap6.xlsx
source_reference,"{""0"": null, ""1"": 276.0, ""2"": ""GMR"", ""3"": null, ""4"": ""Talabira I"", ""5"": ""ODI"", ""6"": null, ""7"": ""V"", ""8"": ""C"", ""9"": 0, ""10"": 0, ""11"": 0, ""12"": 0, ""13"": 0, ""14"": null, ""15"": null, ""16"": null, ""17"": null, ""18"": null, ""19"": null, ""20"": null, ""21"": null, ""22"": null, ""23"": 0.0, ""24"": null, ""25"": null, ""26"": null, ""27"": null, ""28"": null, ""29"": null, ""30"": null}",283,tab1a2021-link_m,coal-statistics-download-excel-7,coal_statistics,Download Excel,https://coal.gov.in/sites/default/files/2024-03/cdchap6.xlsx
source_reference,"{""0"": null, ""1"": 277.0, ""2"": ""CESC"", ""3"": null, ""4"": ""Sarshatali"", ""5"": ""WB"", ""6"": null, ""7"": ""O"", ""8"": ""C"", ""9"": 0, ""10"": 0, ""11"": 0, ""12"": 219, ""13"": 219, ""14"": null, ""15"": null, ""16"": null, ""17"": null, ""18"": null, ""19"": null, ""20"": null, ""21"": null, ""22"": null, ""23"": 0.0, ""24"": null, ""25"": null, ""26"": null, ""27"": null, ""28"": null, ""29"": null, ""30"": null}",284,tab1a2021-link_m,coal-statistics-download-excel-7,coal_statistics,Download Excel,https://coal.gov.in/sites/default/files/2024-03/cdchap6.xlsx
source_reference,"{""0"": null, ""1"": 278.0, ""2"": ""CESC"", ""3"": null, ""4"": ""Sarshatali"", ""5"": ""WB"", ""6"": null, ""7"": ""P"", ""8"": ""C"", ""9"": 0, ""10"": 0, ""11"": 0, ""12"": 2079, ""13"": 2079, ""14"": null, ""15"": null, ""16"": null, ""17"": null, ""18"": null, ""19"": null, ""20"": null, ""21"": null, ""22"": null, ""23"": 0.0, ""24"": null, ""25"": null, ""26"": null, ""27"": null, ""28"": null, ""29"": null, ""30"": null}",285,tab1a2021-link_m,coal-statistics-download-excel-7,coal_statistics,Download Excel,https://coal.gov.in/sites/default/files/2024-03/cdchap6.xlsx
source_reference,"{""0"": null, ""1"": 279.0, ""2"": ""CESC"", ""3"": null, ""4"": ""Sarshatali"", ""5"": ""WB"", ""6"": null, ""7"": ""D"", ""8"": ""C"", ""9"": 0, ""10"": 0, ""11"": 0, ""12"": 1964, ""13"": 1964, ""14"": null, ""15"": null, ""16"": null, ""17"": null, ""18"": null, ""19"": null, ""20"": null, ""21"": null, ""22"": null, ""23"": 0.0, ""24"": null, ""25"": null, ""26"": null, ""27"": null, ""28"": null, ""29"": null, ""30"": null}",286,tab1a2021-link_m,coal-statistics-download-excel-7,coal_statistics,Download Excel,https://coal.gov.in/sites/default/files/2024-03/cdchap6.xlsx
source_reference,"{""0"": null, ""1"": 280.0, ""2"": ""CESC"", ""3"": null, ""4"": ""Sarshatali"", ""5"": ""WB"", ""6"": null, ""7"": ""F"", ""8"": ""C"", ""9"": 0, ""10"": 0, ""11"": 0, ""12"": 1964, ""13"": 1964, ""14"": null, ""15"": null, ""16"": null, ""17"": null, ""18"": null, ""19"": null, ""20"": null, ""21"": null, ""22"": null, ""23"": 0.0, ""24"": null, ""25"": null, ""26"": null, ""27"": null, ""28"": null, ""29"": null, ""30"": null}",287,tab1a2021-link_m,coal-statistics-download-excel-7,coal_statistics,Download Excel,https://coal.gov.in/sites/default/files/2024-03/cdchap6.xlsx
source_reference,"{""0"": null, ""1"": 281.0, ""2"": ""CESC"", ""3"": null, ""4"": ""Sarshatali"", ""5"": ""WB"", ""6"": null, ""7"": ""S"", ""8"": ""C"", ""9"": 0, ""10"": 0, ""11"": 0, ""12"": 334, ""13"": 334, ""14"": null, ""15"": null, ""16"": null, ""17"": null, ""18"": null, ""19"": null, ""20"": null, ""21"": null, ""22"": null, ""23"": 0.0, ""24"": null, ""25"": null, ""26"": null, ""27"": null, ""28"": null, ""29"": null, ""30"": null}",288,tab1a2021-link_m,coal-statistics-download-excel-7,coal_statistics,Download Excel,https://coal.gov.in/sites/default/files/2024-03/cdchap6.xlsx
source_reference,"{""0"": null, ""1"": 282.0, ""2"": ""CESC"", ""3"": null, ""4"": ""Sarshatali"", ""5"": ""WB"", ""6"": null, ""7"": ""V"", ""8"": ""C"", ""9"": 0, ""10"": 0, ""11"": 0, ""12"": 2027000, ""13"": 2027000, ""14"": null, ""15"": null, ""16"": 974.987974987975, ""17"": null, ""18"": null, ""19"": null, ""20"": null, ""21"": null, ""22"": null, ""23"": 0.0, ""24"": 974.987974987975, ""25"": null, ""26"": null, ""27"": null, ""28"": null, ""29"": null, ""30"": null}",289,tab1a2021-link_m,coal-statistics-download-excel-7,coal_statistics,Download Excel,https://coal.gov.in/sites/default/files/2024-03/cdchap6.xlsx
source_reference,"{""0"": null, ""1"": 283.0, ""2"": ""JPVL"", ""3"": null, ""4"": ""Amelia North"", ""5"": ""MP"", ""6"": null, ""7"": ""O"", ""8"": ""C"", ""9"": 0, ""10"": 0, ""11"": 0, ""12"": 1, ""13"": 1, ""14"": null, ""15"": null, ""16"": null, ""17"": null, ""18"": null, ""19"": null, ""20"": null, ""21"": null, ""22"": null, ""23"": 0.0, ""24"": null, ""25"": null, ""26"": null, ""27"": null, ""28"": null, ""29"": null, ""30"": null}",290,tab1a2021-link_m,coal-statistics-download-excel-7,coal_statistics,Download Excel,https://coal.gov.in/sites/default/files/2024-03/cdchap6.xlsx
source_reference,"{""0"": null, ""1"": 284.0, ""2"": ""JPVL"", ""3"": null, ""4"": ""Amelia North"", ""5"": ""MP"", ""6"": null, ""7"": ""P"", ""8"": ""C"", ""9"": 0, ""10"": 0, ""11"": 0, ""12"": 2800, ""13"": 2800, ""14"": null, ""15"": null, ""16"": null, ""17"": null, ""18"": null, ""19"": null, ""20"": null, ""21"": null, ""22"": null, ""23"": 0.0, ""24"": null, ""25"": null, ""26"": null, ""27"": null, ""28"": null, ""29"": null, ""30"": null}",291,tab1a2021-link_m,coal-statistics-download-excel-7,coal_statistics,Download Excel,https://coal.gov.in/sites/default/files/2024-03/cdchap6.xlsx
source_reference,"{""0"": null, ""1"": 285.0, ""2"": ""JPVL"", ""3"": null, ""4"": ""Amelia North"", ""5"": ""MP"", ""6"": null, ""7"": ""D"", ""8"": ""C"", ""9"": 0, ""10"": 0, ""11"": 0, ""12"": 2801, ""13"": 2801, ""14"": null, ""15"": null, ""16"": null, ""17"": null, ""18"": null, ""19"": null, ""20"": null, ""21"": null, ""22"": null, ""23"": 0.0, ""24"": null, ""25"": null, ""26"": null, ""27"": null, ""28"": null, ""29"": null, ""30"": null}",292,tab1a2021-link_m,coal-statistics-download-excel-7,coal_statistics,Download Excel,https://coal.gov.in/sites/default/files/2024-03/cdchap6.xlsx
source_reference,"{""0"": null, ""1"": 286.0, ""2"": ""JPVL"", ""3"": null, ""4"": ""Amelia North"", ""5"": ""MP"", ""6"": null, ""7"": ""F"", ""8"": ""C"", ""9"": 0, ""10"": 0, ""11"": 0, ""12"": 2801, ""13"": 2801, ""14"": null, ""15"": null, ""16"": null, ""17"": null, ""18"": null, ""19"": null, ""20"": null, ""21"": null, ""22"": null, ""23"": 0.0, ""24"": null, ""25"": null, ""26"": null, ""27"": null, ""28"": null, ""29"": null, ""30"": null}",293,tab1a2021-link_m,coal-statistics-download-excel-7,coal_statistics,Download Excel,https://coal.gov.in/sites/default/files/2024-03/cdchap6.xlsx
source_reference,"{""0"": null, ""1"": 287.0, ""2"": ""JPVL"", ""3"": null, ""4"": ""Amelia North"", ""5"": ""MP"", ""6"": null, ""7"": ""S"", ""8"": ""C"", ""9"": 0, ""10"": 0, ""11"": 0, ""12"": 1, ""13"": 1, ""14"": null, ""15"": null, ""16"": null, ""17"": null, ""18"": null, ""19"": null, ""20"": null, ""21"": null, ""22"": null, ""23"": 0.0, ""24"": null, ""25"": null, ""26"": null, ""27"": null, ""28"": null, ""29"": null, ""30"": null}",294,tab1a2021-link_m,coal-statistics-download-excel-7,coal_statistics,Download Excel,https://coal.gov.in/sites/default/files/2024-03/cdchap6.xlsx
source_reference,"{""0"": null, ""1"": 288.0, ""2"": ""JPVL"", ""3"": null, ""4"": ""Amelia North"", ""5"": ""MP"", ""6"": null, ""7"": ""V"", ""8"": ""C"", ""9"": 0, ""10"": 0, ""11"": 0, ""12"": 3292785, ""13"": 3292785, ""14"": null, ""15"": null, ""16"": 1175.994642857143, ""17"": null, ""18"": null, ""19"": null, ""20"": null, ""21"": null, ""22"": null, ""23"": 0.0, ""24"": 1175.994642857143, ""25"": null, ""26"": null, ""27"": null, ""28"": null, ""29"": null, ""30"": null}",295,tab1a2021-link_m,coal-statistics-download-excel-7,coal_statistics,Download Excel,https://coal.gov.in/sites/default/files/2024-03/cdchap6.xlsx
source_reference,"{""0"": null, ""1"": 289.0, ""2"": ""BALCO"", ""3"": null, ""4"": ""Chotia II"", ""5"": ""CHG"", ""6"": null, ""7"": ""O"", ""8"": ""C"", ""9"": 0, ""10"": 0, ""11"": 0, ""12"": 230, ""13"": 230, ""14"": null, ""15"": null, ""16"": null, ""17"": null, ""18"": null, ""19"": null, ""20"": null, ""21"": null, ""22"": null, ""23"": 0.0, ""24"": null, ""25"": null, ""26"": null, ""27"": null, ""28"": null, ""29"": null, ""30"": null}",296,tab1a2021-link_m,coal-statistics-download-excel-7,coal_statistics,Download Excel,https://coal.gov.in/sites/default/files/2024-03/cdchap6.xlsx
source_reference,"{""0"": null, ""1"": 290.0, ""2"": ""BALCO"", ""3"": null, ""4"": ""Chotia II"", ""5"": ""CHG"", ""6"": null, ""7"": ""P"", ""8"": ""C"", ""9"": 0, ""10"": 0, ""11"": 0, ""12"": 2, ""13"": 2, ""14"": null, ""15"": null, ""16"": null, ""17"": null, ""18"": null, ""19"": null, ""20"": null, ""21"": null, ""22"": null, ""23"": 0.0, ""24"": null, ""25"": null, ""26"": null, ""27"": null, ""28"": null, ""29"": null, ""30"": null}",297,tab1a2021-link_m,coal-statistics-download-excel-7,coal_statistics,Download Excel,https://coal.gov.in/sites/default/files/2024-03/cdchap6.xlsx
source_reference,"{""0"": null, ""1"": 291.0, ""2"": ""BALCO"", ""3"": null, ""4"": ""Chotia II"", ""5"": ""CHG"", ""6"": null, ""7"": ""D"", ""8"": ""C"", ""9"": 0, ""10"": 0, ""11"": 0, ""12"": 231, ""13"": 231, ""14"": null, ""15"": null, ""16"": null, ""17"": null, ""18"": null, ""19"": null, ""20"": null, ""21"": null, ""22"": null, ""23"": 0.0, ""24"": null, ""25"": null, ""26"": null, ""27"": null, ""28"": null, ""29"": null, ""30"": null}",298,tab1a2021-link_m,coal-statistics-download-excel-7,coal_statistics,Download Excel,https://coal.gov.in/sites/default/files/2024-03/cdchap6.xlsx
source_reference,"{""0"": null, ""1"": 292.0, ""2"": ""BALCO"", ""3"": null, ""4"": ""Chotia II"", ""5"": ""CHG"", ""6"": null, ""7"": ""F"", ""8"": ""C"", ""9"": 0, ""10"": 0, ""11"": 0, ""12"": 231, ""13"": 231, ""14"": null, ""15"": null, ""16"": null, ""17"": null, ""18"": null, ""19"": null, ""20"": null, ""21"": null, ""22"": null, ""23"": 0.0, ""24"": null, ""25"": null, ""26"": null, ""27"": null, ""28"": null, ""29"": null, ""30"": null}",299,tab1a2021-link_m,coal-statistics-download-excel-7,coal_statistics,Download Excel,https://coal.gov.in/sites/default/files/2024-03/cdchap6.xlsx
source_reference,"{""0"": null, ""1"": 293.0, ""2"": ""BALCO"", ""3"": null, ""4"": ""Chotia II"", ""5"": ""CHG"", ""6"": null, ""7"": ""S"", ""8"": ""C"", ""9"": 0, ""10"": 0, ""11"": 0, ""12"": 1, ""13"": 1, ""14"": null, ""15"": null, ""16"": null, ""17"": null, ""18"": null, ""19"": null, ""20"": null, ""21"": null, ""22"": null, ""23"": 0.0, ""24"": null, ""25"": null, ""26"": null, ""27"": null, ""28"": null, ""29"": null, ""30"": null}",300,tab1a2021-link_m,coal-statistics-download-excel-7,coal_statistics,Download Excel,https://coal.gov.in/sites/default/files/2024-03/cdchap6.xlsx
source_reference,"{""0"": null, ""1"": 294.0, ""2"": ""BALCO"", ""3"": null, ""4"": ""Chotia II"", ""5"": ""CHG"", ""6"": null, ""7"": ""V"", ""8"": ""C"", ""9"": 0, ""10"": 0, ""11"": 0, ""12"": 2059, ""13"": 2059, ""14"": null, ""15"": null, ""16"": 1029.5, ""17"": null, ""18"": null, ""19"": null, ""20"": null, ""21"": null, ""22"": null, ""23"": 0.0, ""24"": 1029.5, ""25"": null, ""26"": null, ""27"": null, ""28"": null, ""29"": null, ""30"": null}",301,tab1a2021-link_m,coal-statistics-download-excel-7,coal_statistics,Download Excel,https://coal.gov.in/sites/default/files/2024-03/cdchap6.xlsx
source_reference,"{""0"": null, ""1"": 295.0, ""2"": ""HIL_GP_IV/4"", ""3"": null, ""4"": ""Gare Palma IV/4"", ""5"": ""CHG"", ""6"": null, ""7"": ""O"", ""8"": ""C"", ""9"": 0, ""10"": 0, ""11"": 0, ""12"": 58, ""13"": 58, ""14"": null, ""15"": null, ""16"": null, ""17"": null, ""18"": null, ""19"": null, ""20"": null, ""21"": null, ""22"": null, ""23"": 0.0, ""24"": null, ""25"": null, ""26"": null, ""27"": null, ""28"": null, ""29"": null, ""30"": null}",302,tab1a2021-link_m,coal-statistics-download-excel-7,coal_statistics,Download Excel,https://coal.gov.in/sites/default/files/2024-03/cdchap6.xlsx
source_reference,"{""0"": null, ""1"": 296.0, ""2"": ""HIL_GP_IV/4"", ""3"": null, ""4"": ""Gare Palma IV/4"", ""5"": ""CHG"", ""6"": null, ""7"": ""P"", ""8"": ""C"", ""9"": 0, ""10"": 0, ""11"": 0, ""12"": 262, ""13"": 262, ""14"": null, ""15"": null, ""16"": null, ""17"": null, ""18"": null, ""19"": null, ""20"": null, ""21"": null, ""22"": null, ""23"": 0.0, ""24"": null, ""25"": null, ""26"": null, ""27"": null, ""28"": null, ""29"": null, ""30"": null}",303,tab1a2021-link_m,coal-statistics-download-excel-7,coal_statistics,Download Excel,https://coal.gov.in/sites/default/files/2024-03/cdchap6.xlsx
source_reference,"{""0"": null, ""1"": 297.0, ""2"": ""HIL_GP_IV/4"", ""3"": null, ""4"": ""Gare Palma IV/4"", ""5"": ""CHG"", ""6"": null, ""7"": ""D"", ""8"": ""C"", ""9"": 0, ""10"": 0, ""11"": 0, ""12"": 292, ""13"": 292, ""14"": null, ""15"": null, ""16"": null, ""17"": null, ""18"": null, ""19"": null, ""20"": null, ""21"": null, ""22"": null, ""23"": 0.0, ""24"": null, ""25"": null, ""26"": null, ""27"": null, ""28"": null, ""29"": null, ""30"": null}",304,tab1a2021-link_m,coal-statistics-download-excel-7,coal_statistics,Download Excel,https://coal.gov.in/sites/default/files/2024-03/cdchap6.xlsx
source_reference,"{""0"": null, ""1"": 298.0, ""2"": ""HIL_GP_IV/4"", ""3"": null, ""4"": ""Gare Palma IV/4"", ""5"": ""CHG"", ""6"": null, ""7"": ""F"", ""8"": ""C"", ""9"": 0, ""10"": 0, ""11"": 0, ""12"": 292, ""13"": 292, ""14"": null, ""15"": null, ""16"": null, ""17"": null, ""18"": null, ""19"": null, ""20"": null, ""21"": null, ""22"": null, ""23"": 0.0, ""24"": null, ""25"": null, ""26"": null, ""27"": null, ""28"": null, ""29"": null, ""30"": null}",305,tab1a2021-link_m,coal-statistics-download-excel-7,coal_statistics,Download Excel,https://coal.gov.in/sites/default/files/2024-03/cdchap6.xlsx
source_reference,"{""0"": null, ""1"": 299.0, ""2"": ""HIL_GP_IV/4"", ""3"": null, ""4"": ""Gare Palma IV/4"", ""5"": ""CHG"", ""6"": null, ""7"": ""S"", ""8"": ""C"", ""9"": 0, ""10"": 0, ""11"": 0, ""12"": 27, ""13"": 27, ""14"": null, ""15"": null, ""16"": null, ""17"": null, ""18"": null, ""19"": null, ""20"": null, ""21"": null, ""22"": null, ""23"": 0.0, ""24"": null, ""25"": null, ""26"": null, ""27"": null, ""28"": null, ""29"": null, ""30"": null}",306,tab1a2021-link_m,coal-statistics-download-excel-7,coal_statistics,Download Excel,https://coal.gov.in/sites/default/files/2024-03/cdchap6.xlsx
source_reference,"{""0"": null, ""1"": 300.0, ""2"": ""HIL_GP_IV/4"", ""3"": null, ""4"": ""Gare Palma IV/4"", ""5"": ""CHG"", ""6"": null, ""7"": ""V"", ""8"": ""C"", ""9"": 0, ""10"": 0, ""11"": 0, ""12"": 416448, ""13"": 416448, ""14"": null, ""15"": null, ""16"": 1589.496183206107, ""17"": null, ""18"": null, ""19"": null, ""20"": null, ""21"": null, ""22"": null, ""23"": 0.0, ""24"": 1589.496183206107, ""25"": null, ""26"": null, ""27"": null, ""28"": null, ""29"": null, ""30"": null}",307,tab1a2021-link_m,coal-statistics-download-excel-7,coal_statistics,Download Excel,https://coal.gov.in/sites/default/files/2024-03/cdchap6.xlsx
source_reference,"{""0"": null, ""1"": 301.0, ""2"": ""HIL_GP_IV/5"", ""3"": null, ""4"": ""Gare Palma IV/5"", ""5"": ""CHG"", ""6"": null, ""7"": ""O"", ""8"": ""C"", ""9"": 0, ""10"": 0, ""11"": 0, ""12"": 1, ""13"": 1, ""14"": null, ""15"": null, ""16"": null, ""17"": null, ""18"": null, ""19"": null, ""20"": null, ""21"": null, ""22"": null, ""23"": 0.0, ""24"": null, ""25"": null, ""26"": null, ""27"": null, ""28"": null, ""29"": null, ""30"": null}",308,tab1a2021-link_m,coal-statistics-download-excel-7,coal_statistics,Download Excel,https://coal.gov.in/sites/default/files/2024-03/cdchap6.xlsx
source_reference,"{""0"": null, ""1"": 302.0, ""2"": ""HIL_GP_IV/5"", ""3"": null, ""4"": ""Gare Palma IV/5"", ""5"": ""CHG"", ""6"": null, ""7"": ""P"", ""8"": ""C"", ""9"": 0, ""10"": 0, ""11"": 0, ""12"": 0, ""13"": 0, ""14"": null, ""15"": null, ""16"": null, ""17"": null, ""18"": null, ""19"": null, ""20"": null, ""21"": null, ""22"": null, ""23"": 0.0, ""24"": null, ""25"": null, ""26"": null, ""27"": null, ""28"": null, ""29"": null, ""30"": null}",309,tab1a2021-link_m,coal-statistics-download-excel-7,coal_statistics,Download Excel,https://coal.gov.in/sites/default/files/2024-03/cdchap6.xlsx
source_reference,"{""0"": null, ""1"": 303.0, ""2"": ""HIL_GP_IV/5"", ""3"": null, ""4"": ""Gare Palma IV/5"", ""5"": ""CHG"", ""6"": null, ""7"": ""D"", ""8"": ""C"", ""9"": 0, ""10"": 0, ""11"": 0, ""12"": 1, ""13"": 1, ""14"": null, ""15"": null, ""16"": null, ""17"": null, ""18"": null, ""19"": null, ""20"": null, ""21"": null, ""22"": null, ""23"": 0.0, ""24"": null, ""25"": null, ""26"": null, ""27"": null, ""28"": null, ""29"": null, ""30"": null}",310,tab1a2021-link_m,coal-statistics-download-excel-7,coal_statistics,Download Excel,https://coal.gov.in/sites/default/files/2024-03/cdchap6.xlsx
source_reference,"{""0"": null, ""1"": 304.0, ""2"": ""HIL_GP_IV/5"", ""3"": null, ""4"": ""Gare Palma IV/5"", ""5"": ""CHG"", ""6"": null, ""7"": ""F"", ""8"": ""C"", ""9"": 0, ""10"": 0, ""11"": 0, ""12"": 1, ""13"": 1, ""14"": null, ""15"": null, ""16"": null, ""17"": null, ""18"": null, ""19"": null, ""20"": null, ""21"": null, ""22"": null, ""23"": 0.0, ""24"": null, ""25"": null, ""26"": null, ""27"": null, ""28"": null, ""29"": null, ""30"": null}",311,tab1a2021-link_m,coal-statistics-download-excel-7,coal_statistics,Download Excel,https://coal.gov.in/sites/default/files/2024-03/cdchap6.xlsx
source_reference,"{""0"": null, ""1"": 305.0, ""2"": ""HIL_GP_IV/5"", ""3"": null, ""4"": ""Gare Palma IV/5"", ""5"": ""CHG"", ""6"": null, ""7"": ""S"", ""8"": ""C"", ""9"": 0, ""10"": 0, ""11"": 0, ""12"": 1, ""13"": 1, ""14"": null, ""15"": null, ""16"": null, ""17"": null, ""18"": null, ""19"": null, ""20"": null, ""21"": null, ""22"": null, ""23"": 0.0, ""24"": null, ""25"": null, ""26"": null, ""27"": null, ""28"": null, ""29"": null, ""30"": null}",312,tab1a2021-link_m,coal-statistics-download-excel-7,coal_statistics,Download Excel,https://coal.gov.in/sites/default/files/2024-03/cdchap6.xlsx
source_reference,"{""0"": null, ""1"": 306.0, ""2"": ""HIL_GP_IV/5"", ""3"": null, ""4"": ""Gare Palma IV/5"", ""5"": ""CHG"", ""6"": null, ""7"": ""V"", ""8"": ""C"", ""9"": 0, ""10"": 0, ""11"": 0, ""12"": 0, ""13"": 0, ""14"": null, ""15"": null, ""16"": null, ""17"": null, ""18"": null, ""19"": null, ""20"": null, ""21"": null, ""22"": null, ""23"": 0.0, ""24"": null, ""25"": null, ""26"": null, ""27"": null, ""28"": null, ""29"": null, ""30"": null}",313,tab1a2021-link_m,coal-statistics-download-excel-7,coal_statistics,Download Excel,https://coal.gov.in/sites/default/files/2024-03/cdchap6.xlsx
source_reference,"{""0"": null, ""1"": 301.0, ""2"": ""HIL_KOC"", ""3"": null, ""4"": ""Kathautia"", ""5"": ""JKD"", ""6"": null, ""7"": ""O"", ""8"": ""C"", ""9"": 0, ""10"": 0, ""11"": 0, ""12"": 82, ""13"": 82, ""14"": null, ""15"": null, ""16"": null, ""17"": null, ""18"": null, ""19"": null, ""20"": null, ""21"": null, ""22"": null, ""23"": 0.0, ""24"": null, ""25"": null, ""26"": null, ""27"": null, ""28"": null, ""29"": null, ""30"": null}",314,tab1a2021-link_m,coal-statistics-download-excel-7,coal_statistics,Download Excel,https://coal.gov.in/sites/default/files/2024-03/cdchap6.xlsx
source_reference,"{""0"": null, ""1"": 302.0, ""2"": ""HIL_KOC"", ""3"": null, ""4"": ""Kathautia"", ""5"": ""JKD"", ""6"": null, ""7"": ""P"", ""8"": ""C"", ""9"": 0, ""10"": 0, ""11"": 0, ""12"": 46, ""13"": 46, ""14"": null, ""15"": null, ""16"": null, ""17"": null, ""18"": null, ""19"": null, ""20"": null, ""21"": null, ""22"": null, ""23"": 0.0, ""24"": null, ""25"": null, ""26"": null, ""27"": null, ""28"": null, ""29"": null, ""30"": null}",315,tab1a2021-link_m,coal-statistics-download-excel-7,coal_statistics,Download Excel,https://coal.gov.in/sites/default/files/2024-03/cdchap6.xlsx
source_reference,"{""0"": null, ""1"": 303.0, ""2"": ""HIL_KOC"", ""3"": null, ""4"": ""Kathautia"", ""5"": ""JKD"", ""6"": null, ""7"": ""D"", ""8"": ""C"", ""9"": 0, ""10"": 0, ""11"": 0, ""12"": 24, ""13"": 24, ""14"": null, ""15"": null, ""16"": null, ""17"": null, ""18"": null, ""19"": null, ""20"": null, ""21"": null, ""22"": null, ""23"": 0.0, ""24"": null, ""25"": null, ""26"": null, ""27"": null, ""28"": null, ""29"": null, ""30"": null}",316,tab1a2021-link_m,coal-statistics-download-excel-7,coal_statistics,Download Excel,https://coal.gov.in/sites/default/files/2024-03/cdchap6.xlsx
source_reference,"{""0"": null, ""1"": 304.0, ""2"": ""HIL_KOC"", ""3"": null, ""4"": ""Kathautia"", ""5"": ""JKD"", ""6"": null, ""7"": ""F"", ""8"": ""C"", ""9"": 0, ""10"": 0, ""11"": 0, ""12"": 24, ""13"": 24, ""14"": null, ""15"": null, ""16"": null, ""17"": null, ""18"": null, ""19"": null, ""20"": null, ""21"": null, ""22"": null, ""23"": 0.0, ""24"": null, ""25"": null, ""26"": null, ""27"": null, ""28"": null, ""29"": null, ""30"": null}",317,tab1a2021-link_m,coal-statistics-download-excel-7,coal_statistics,Download Excel,https://coal.gov.in/sites/default/files/2024-03/cdchap6.xlsx
source_reference,"{""0"": null, ""1"": 305.0, ""2"": ""HIL_KOC"", ""3"": null, ""4"": ""Kathautia"", ""5"": ""JKD"", ""6"": null, ""7"": ""S"", ""8"": ""C"", ""9"": 0, ""10"": 0, ""11"": 0, ""12"": 104, ""13"": 104, ""14"": null, ""15"": null, ""16"": null, ""17"": null, ""18"": null, ""19"": null, ""20"": null, ""21"": null, ""22"": null, ""23"": 0.0, ""24"": null, ""25"": null, ""26"": null, ""27"": null, ""28"": null, ""29"": null, ""30"": null}",318,tab1a2021-link_m,coal-statistics-download-excel-7,coal_statistics,Download Excel,https://coal.gov.in/sites/default/files/2024-03/cdchap6.xlsx
source_reference,"{""0"": null, ""1"": 306.0, ""2"": ""HIL_KOC"", ""3"": null, ""4"": ""Kathautia"", ""5"": ""JKD"", ""6"": null, ""7"": ""V"", ""8"": ""C"", ""9"": 0, ""10"": 0, ""11"": 0, ""12"": 266211, ""13"": 266211, ""14"": null, ""15"": null, ""16"": 5787.195652173913, ""17"": null, ""18"": null, ""19"": null, ""20"": null, ""21"": null, ""22"": null, ""23"": 0.0, ""24"": 5787.195652173913, ""25"": null, ""26"": null, ""27"": null, ""28"": null, ""29"": null, ""30"": null}",319,tab1a2021-link_m,coal-statistics-download-excel-7,coal_statistics,Download Excel,https://coal.gov.in/sites/default/files/2024-03/cdchap6.xlsx
source_reference,"{""0"": null, ""1"": 301.0, ""2"": ""NTPC_PB"", ""3"": null, ""4"": ""Pakri Barwadih"", ""5"": ""JKD"", ""6"": null, ""7"": ""O"", ""8"": ""C"", ""9"": 0, ""10"": 0, ""11"": 0, ""12"": 194, ""13"": 194, ""14"": null, ""15"": null, ""16"": null, ""17"": null, ""18"": null, ""19"": null, ""20"": null, ""21"": null, ""22"": null, ""23"": 0.0, ""24"": null, ""25"": null, ""26"": null, ""27"": null, ""28"": null, ""29"": null, ""30"": null}",320,tab1a2021-link_m,coal-statistics-download-excel-7,coal_statistics,Download Excel,https://coal.gov.in/sites/default/files/2024-03/cdchap6.xlsx
source_reference,"{""0"": null, ""1"": 302.0, ""2"": ""NTPC_PB"", ""3"": null, ""4"": ""Pakri Barwadih"", ""5"": ""JKD"", ""6"": null, ""7"": ""P"", ""8"": ""C"", ""9"": 0, ""10"": 0, ""11"": 0, ""12"": 7070, ""13"": 7070, ""14"": null, ""15"": null, ""16"": null, ""17"": null, ""18"": null, ""19"": null, ""20"": null, ""21"": null, ""22"": null, ""23"": 0.0, ""24"": null, ""25"": null, ""26"": null, ""27"": null, ""28"": null, ""29"": null, ""30"": null}",321,tab1a2021-link_m,coal-statistics-download-excel-7,coal_statistics,Download Excel,https://coal.gov.in/sites/default/files/2024-03/cdchap6.xlsx
source_reference,"{""0"": null, ""1"": 303.0, ""2"": ""NTPC_PB"", ""3"": null, ""4"": ""Pakri Barwadih"", ""5"": ""JKD"", ""6"": null, ""7"": ""D"", ""8"": ""C"", ""9"": 0, ""10"": 0, ""11"": 0, ""12"": 6638, ""13"": 6638, ""14"": null, ""15"": null, ""16"": null, ""17"": null, ""18"": null, ""19"": null, ""20"": null, ""21"": null, ""22"": null, ""23"": 0.0, ""24"": null, ""25"": null, ""26"": null, ""27"": null, ""28"": null, ""29"": null, ""30"": null}",322,tab1a2021-link_m,coal-statistics-download-excel-7,coal_statistics,Download Excel,https://coal.gov.in/sites/default/files/2024-03/cdchap6.xlsx
source_reference,"{""0"": null, ""1"": 304.0, ""2"": ""NTPC_PB"", ""3"": null, ""4"": ""Pakri Barwadih"", ""5"": ""JKD"", ""6"": null, ""7"": ""F"", ""8"": ""C"", ""9"": 0, ""10"": 0, ""11"": 0, ""12"": 6638, ""13"": 6638, ""14"": null, ""15"": null, ""16"": null, ""17"": null, ""18"": null, ""19"": null, ""20"": null, ""21"": null, ""22"": null, ""23"": 0.0, ""24"": null, ""25"": null, ""26"": null, ""27"": null, ""28"": null, ""29"": null, ""30"": null}",323,tab1a2021-link_m,coal-statistics-download-excel-7,coal_statistics,Download Excel,https://coal.gov.in/sites/default/files/2024-03/cdchap6.xlsx
source_reference,"{""0"": null, ""1"": 305.0, ""2"": ""NTPC_PB"", ""3"": null, ""4"": ""Pakri Barwadih"", ""5"": ""JKD"", ""6"": null, ""7"": ""S"", ""8"": ""C"", ""9"": 0, ""10"": 0, ""11"": 0, ""12"": 626, ""13"": 626, ""14"": null, ""15"": null, ""16"": null, ""17"": null, ""18"": null, ""19"": null, ""20"": null, ""21"": null, ""22"": null, ""23"": 0.0, ""24"": null, ""25"": null, ""26"": null, ""27"": null, ""28"": null, ""29"": null, ""30"": null}",324,tab1a2021-link_m,coal-statistics-download-excel-7,coal_statistics,Download Excel,https://coal.gov.in/sites/default/files/2024-03/cdchap6.xlsx
source_reference,"{""0"": null, ""1"": 306.0, ""2"": ""NTPC_PB"", ""3"": null, ""4"": ""Pakri Barwadih"", ""5"": ""JKD"", ""6"": null, ""7"": ""V"", ""8"": ""C"", ""9"": 0, ""10"": 0, ""11"": 0, ""12"": 8129880, ""13"": 8129880, ""14"": null, ""15"": null, ""16"": 1149.9123055162659, ""17"": null, ""18"": null, ""19"": null, ""20"": null, ""21"": null, ""22"": null, ""23"": 0.0, ""24"": 1149.9123055162659, ""25"": null, ""26"": null, ""27"": null, ""28"": null, ""29"": null, ""30"": null}",325,tab1a2021-link_m,coal-statistics-download-excel-7,coal_statistics,Download Excel,https://coal.gov.in/sites/default/files/2024-03/cdchap6.xlsx
source_reference,"{""0"": null, ""1"": 307.0, ""2"": ""SECL(GP-IV/1)"", ""3"": null, ""4"": ""Gare Palma 1"", ""5"": ""CHG"", ""6"": 0, ""7"": ""O"", ""8"": ""C"", ""9"": 0, ""10"": 0, ""11"": 0, ""12"": 0, ""13"": 0, ""14"": null, ""15"": null, ""16"": null, ""17"": null, ""18"": null, ""19"": null, ""20"": null, ""21"": null, ""22"": null, ""23"": 0.0, ""24"": null, ""25"": null, ""26"": null, ""27"": null, ""28"": null, ""29"": null, ""30"": null}",326,tab1a2021-link_m,coal-statistics-download-excel-7,coal_statistics,Download Excel,https://coal.gov.in/sites/default/files/2024-03/cdchap6.xlsx
source_reference,"{""0"": null, ""1"": 308.0, ""2"": ""SECL(GP-IV/1)"", ""3"": null, ""4"": ""Gare Palma 1"", ""5"": ""CHG"", ""6"": 0, ""7"": ""P"", ""8"": ""C"", ""9"": 0, ""10"": 0, ""11"": 0, ""12"": 0, ""13"": 0, ""14"": null, ""15"": null, ""16"": null, ""17"": null, ""18"": null, ""19"": null, ""20"": null, ""21"": null, ""22"": null, ""23"": 0.0, ""24"": null, ""25"": null, ""26"": null, ""27"": null, ""28"": null, ""29"": null, ""30"": null}",327,tab1a2021-link_m,coal-statistics-download-excel-7,coal_statistics,Download Excel,https://coal.gov.in/sites/default/files/2024-03/cdchap6.xlsx
source_reference,"{""0"": null, ""1"": 309.0, ""2"": ""SECL(GP-IV/1)"", ""3"": null, ""4"": ""Gare Palma 1"", ""5"": ""CHG"", ""6"": 0, ""7"": ""D"", ""8"": ""C"", ""9"": 0, ""10"": 0, ""11"": 0, ""12"": 0, ""13"": 0, ""14"": null, ""15"": null, ""16"": null, ""17"": null, ""18"": null, ""19"": null, ""20"": null, ""21"": null, ""22"": null, ""23"": 0.0, ""24"": null, ""25"": null, ""26"": null, ""27"": null, ""28"": null, ""29"": null, ""30"": null}",328,tab1a2021-link_m,coal-statistics-download-excel-7,coal_statistics,Download Excel,https://coal.gov.in/sites/default/files/2024-03/cdchap6.xlsx
source_reference,"{""0"": null, ""1"": 310.0, ""2"": ""SECL(GP-IV/1)"", ""3"": null, ""4"": ""Gare Palma 1"", ""5"": ""CHG"", ""6"": 0, ""7"": ""F"", ""8"": ""C"", ""9"": 0, ""10"": 0, ""11"": 0, ""12"": 0, ""13"": 0, ""14"": null, ""15"": null, ""16"": null, ""17"": null, ""18"": null, ""19"": null, ""20"": null, ""21"": null, ""22"": null, ""23"": 0.0, ""24"": null, ""25"": null, ""26"": null, ""27"": null, ""28"": null, ""29"": null, ""30"": null}",329,tab1a2021-link_m,coal-statistics-download-excel-7,coal_statistics,Download Excel,https://coal.gov.in/sites/default/files/2024-03/cdchap6.xlsx
source_reference,"{""0"": null, ""1"": 311.0, ""2"": ""SECL(GP-IV/1)"", ""3"": null, ""4"": ""Gare Palma 1"", ""5"": ""CHG"", ""6"": 0, ""7"": ""S"", ""8"": ""C"", ""9"": null, ""10"": 0, ""11"": 0, ""12"": 0, ""13"": 0, ""14"": null, ""15"": null, ""16"": null, ""17"": null, ""18"": null, ""19"": null, ""20"": null, ""21"": null, ""22"": null, ""23"": 0.0, ""24"": null, ""25"": null, ""26"": null, ""27"": null, ""28"": null, ""29"": null, ""30"": null}",330,tab1a2021-link_m,coal-statistics-download-excel-7,coal_statistics,Download Excel,https://coal.gov.in/sites/default/files/2024-03/cdchap6.xlsx
source_reference,"{""0"": null, ""1"": 312.0, ""2"": ""SECL(GP-IV/1)"", ""3"": null, ""4"": ""Gare Palma 1"", ""5"": ""CHG"", ""6"": 0, ""7"": ""V"", ""8"": ""C"", ""9"": 0, ""10"": 0, ""11"": 0, ""12"": 0, ""13"": 0, ""14"": null, ""15"": null, ""16"": null, ""17"": null, ""18"": null, ""19"": null, ""20"": null, ""21"": null, ""22"": null, ""23"": 0.0, ""24"": null, ""25"": null, ""26"": null, ""27"": null, ""28"": null, ""29"": null, ""30"": null}",331,tab1a2021-link_m,coal-statistics-download-excel-7,coal_statistics,Download Excel,https://coal.gov.in/sites/default/files/2024-03/cdchap6.xlsx
source_reference,"{""0"": null, ""1"": 307.0, ""2"": ""SECL(GP-IV/2&3)"", ""3"": null, ""4"": ""Gare Palma IV/2 & 3"", ""5"": ""CHG"", ""6"": 0, ""7"": ""O"", ""8"": ""C"", ""9"": 0, ""10"": 0, ""11"": 0, ""12"": 157, ""13"": 157, ""14"": null, ""15"": null, ""16"": null, ""17"": null, ""18"": null, ""19"": null, ""20"": null, ""21"": null, ""22"": null, ""23"": 0.0, ""24"": null, ""25"": null, ""26"": null, ""27"": null, ""28"": null, ""29"": null, ""30"": null}",332,tab1a2021-link_m,coal-statistics-download-excel-7,coal_statistics,Download Excel,https://coal.gov.in/sites/default/files/2024-03/cdchap6.xlsx
source_reference,"{""0"": null, ""1"": 308.0, ""2"": ""SECL(GP-IV/2&3)"", ""3"": null, ""4"": ""Gare Palma IV/2 & 3"", ""5"": ""CHG"", ""6"": 0, ""7"": ""P"", ""8"": ""C"", ""9"": 0, ""10"": 0, ""11"": 0, ""12"": 3202, ""13"": 3202, ""14"": null, ""15"": null, ""16"": null, ""17"": null, ""18"": null, ""19"": null, ""20"": null, ""21"": null, ""22"": null, ""23"": 0.0, ""24"": null, ""25"": null, ""26"": null, ""27"": null, ""28"": null, ""29"": null, ""30"": null}",333,tab1a2021-link_m,coal-statistics-download-excel-7,coal_statistics,Download Excel,https://coal.gov.in/sites/default/files/2024-03/cdchap6.xlsx
source_reference,"{""0"": null, ""1"": 309.0, ""2"": ""SECL(GP-IV/2&3)"", ""3"": null, ""4"": ""Gare Palma IV/2 & 3"", ""5"": ""CHG"", ""6"": 0, ""7"": ""D"", ""8"": ""C"", ""9"": 0, ""10"": 0, ""11"": 0, ""12"": 3241, ""13"": 3241, ""14"": null, ""15"": null, ""16"": null, ""17"": null, ""18"": null, ""19"": null, ""20"": null, ""21"": null, ""22"": null, ""23"": 0.0, ""24"": null, ""25"": null, ""26"": null, ""27"": null, ""28"": null, ""29"": null, ""30"": null}",334,tab1a2021-link_m,coal-statistics-download-excel-7,coal_statistics,Download Excel,https://coal.gov.in/sites/default/files/2024-03/cdchap6.xlsx
source_reference,"{""0"": null, ""1"": 310.0, ""2"": ""SECL(GP-IV/2&3)"", ""3"": null, ""4"": ""Gare Palma IV/2 & 3"", ""5"": ""CHG"", ""6"": 0, ""7"": ""F"", ""8"": ""C"", ""9"": 0, ""10"": 0, ""11"": 0, ""12"": 3241, ""13"": 3241, ""14"": null, ""15"": null, ""16"": null, ""17"": null, ""18"": null, ""19"": null, ""20"": null, ""21"": null, ""22"": null, ""23"": 0.0, ""24"": null, ""25"": null, ""26"": null, ""27"": null, ""28"": null, ""29"": null, ""30"": null}",335,tab1a2021-link_m,coal-statistics-download-excel-7,coal_statistics,Download Excel,https://coal.gov.in/sites/default/files/2024-03/cdchap6.xlsx
source_reference,"{""0"": null, ""1"": 311.0, ""2"": ""SECL(GP-IV/2&3)"", ""3"": null, ""4"": ""Gare Palma IV/2 & 3"", ""5"": ""CHG"", ""6"": 0, ""7"": ""S"", ""8"": ""C"", ""9"": null, ""10"": 0, ""11"": 0, ""12"": 118, ""13"": 118, ""14"": null, ""15"": null, ""16"": null, ""17"": null, ""18"": null, ""19"": null, ""20"": null, ""21"": null, ""22"": null, ""23"": 0.0, ""24"": null, ""25"": null, ""26"": null, ""27"": null, ""28"": null, ""29"": null, ""30"": null}",336,tab1a2021-link_m,coal-statistics-download-excel-7,coal_statistics,Download Excel,https://coal.gov.in/sites/default/files/2024-03/cdchap6.xlsx
source_reference,"{""0"": null, ""1"": 312.0, ""2"": ""SECL(GP-IV/2&3)"", ""3"": null, ""4"": ""Gare Palma IV/2 & 3"", ""5"": ""CHG"", ""6"": 0, ""7"": ""V"", ""8"": ""C"", ""9"": 0, ""10"": 0, ""11"": 0, ""12"": 0, ""13"": 0, ""14"": null, ""15"": null, ""16"": 0, ""17"": null, ""18"": null, ""19"": null, ""20"": null, ""21"": null, ""22"": null, ""23"": 0.0, ""24"": 0, ""25"": null, ""26"": null, ""27"": null, ""28"": null, ""29"": null, ""30"": null}",337,tab1a2021-link_m,coal-statistics-download-excel-7,coal_statistics,Download Excel,https://coal.gov.in/sites/default/files/2024-03/cdchap6.xlsx
source_reference,"{""0"": null, ""1"": 307.0, ""2"": ""RCCPL"", ""3"": null, ""4"": ""Sial Ghogri"", ""5"": ""MP"", ""6"": 0, ""7"": ""O"", ""8"": ""C"", ""9"": 0, ""10"": 0, ""11"": 0, ""12"": 1, ""13"": 1, ""14"": null, ""15"": null, ""16"": null, ""17"": null, ""18"": null, ""19"": null, ""20"": null, ""21"": null, ""22"": null, ""23"": 0.0, ""24"": null, ""25"": null, ""26"": null, ""27"": null, ""28"": null, ""29"": null, ""30"": null}",338,tab1a2021-link_m,coal-statistics-download-excel-7,coal_statistics,Download Excel,https://coal.gov.in/sites/default/files/2024-03/cdchap6.xlsx
source_reference,"{""0"": null, ""1"": 308.0, ""2"": ""RCCPL"", ""3"": null, ""4"": ""Sial Ghogri"", ""5"": ""MP"", ""6"": 0, ""7"": ""P"", ""8"": ""C"", ""9"": 0, ""10"": 0, ""11"": 0, ""12"": 172, ""13"": 172, ""14"": null, ""15"": null, ""16"": null, ""17"": null, ""18"": null, ""19"": null, ""20"": null, ""21"": null, ""22"": null, ""23"": 0.0, ""24"": null, ""25"": null, ""26"": null, ""27"": null, ""28"": null, ""29"": null, ""30"": null}",339,tab1a2021-link_m,coal-statistics-download-excel-7,coal_statistics,Download Excel,https://coal.gov.in/sites/default/files/2024-03/cdchap6.xlsx
source_reference,"{""0"": null, ""1"": 309.0, ""2"": ""RCCPL"", ""3"": null, ""4"": ""Sial Ghogri"", ""5"": ""MP"", ""6"": 0, ""7"": ""D"", ""8"": ""C"", ""9"": 0, ""10"": 0, ""11"": 0, ""12"": 173, ""13"": 173, ""14"": null, ""15"": null, ""16"": null, ""17"": null, ""18"": null, ""19"": null, ""20"": null, ""21"": null, ""22"": null, ""23"": 0.0, ""24"": null, ""25"": null, ""26"": null, ""27"": null, ""28"": null, ""29"": null, ""30"": null}",340,tab1a2021-link_m,coal-statistics-download-excel-7,coal_statistics,Download Excel,https://coal.gov.in/sites/default/files/2024-03/cdchap6.xlsx
source_reference,"{""0"": null, ""1"": 310.0, ""2"": ""RCCPL"", ""3"": null, ""4"": ""Sial Ghogri"", ""5"": ""MP"", ""6"": 0, ""7"": ""F"", ""8"": ""C"", ""9"": 0, ""10"": 0, ""11"": 0, ""12"": 173, ""13"": 173, ""14"": null, ""15"": null, ""16"": null, ""17"": null, ""18"": null, ""19"": null, ""20"": null, ""21"": null, ""22"": null, ""23"": 0.0, ""24"": null, ""25"": null, ""26"": null, ""27"": null, ""28"": null, ""29"": null, ""30"": null}",341,tab1a2021-link_m,coal-statistics-download-excel-7,coal_statistics,Download Excel,https://coal.gov.in/sites/default/files/2024-03/cdchap6.xlsx
source_reference,"{""0"": null, ""1"": 311.0, ""2"": ""RCCPL"", ""3"": null, ""4"": ""Sial Ghogri"", ""5"": ""MP"", ""6"": 0, ""7"": ""S"", ""8"": ""C"", ""9"": null, ""10"": 0, ""11"": 0, ""12"": 0, ""13"": 0, ""14"": null, ""15"": null, ""16"": null, ""17"": null, ""18"": null, ""19"": null, ""20"": null, ""21"": null, ""22"": null, ""23"": 0.0, ""24"": null, ""25"": null, ""26"": null, ""27"": null, ""28"": null, ""29"": null, ""30"": null}",342,tab1a2021-link_m,coal-statistics-download-excel-7,coal_statistics,Download Excel,https://coal.gov.in/sites/default/files/2024-03/cdchap6.xlsx
source_reference,"{""0"": null, ""1"": 312.0, ""2"": ""RCCPL"", ""3"": null, ""4"": ""Sial Ghogri"", ""5"": ""MP"", ""6"": 0, ""7"": ""V"", ""8"": ""C"", ""9"": 0, ""10"": 0, ""11"": 0, ""12"": 419000, ""13"": 419000, ""14"": null, ""15"": null, ""16"": 2436.046511627907, ""17"": null, ""18"": null, ""19"": null, ""20"": null, ""21"": null, ""22"": null, ""23"": 0.0, ""24"": 2436.046511627907, ""25"": null, ""26"": null, ""27"": null, ""28"": null, ""29"": null, ""30"": null}",343,tab1a2021-link_m,coal-statistics-download-excel-7,coal_statistics,Download Excel,https://coal.gov.in/sites/default/files/2024-03/cdchap6.xlsx
source_reference,"{""0"": null, ""1"": 307.0, ""2"": ""TUML"", ""3"": null, ""4"": ""Marki Mangli I"", ""5"": ""MAH"", ""6"": 0, ""7"": ""O"", ""8"": ""C"", ""9"": 0, ""10"": 0, ""11"": 0, ""12"": 2, ""13"": 2, ""14"": null, ""15"": null, ""16"": null, ""17"": null, ""18"": null, ""19"": null, ""20"": null, ""21"": null, ""22"": null, ""23"": 0.0, ""24"": null, ""25"": null, ""26"": null, ""27"": null, ""28"": null, ""29"": null, ""30"": null}",344,tab1a2021-link_m,coal-statistics-download-excel-7,coal_statistics,Download Excel,https://coal.gov.in/sites/default/files/2024-03/cdchap6.xlsx
source_reference,"{""0"": null, ""1"": 308.0, ""2"": ""TUML"", ""3"": null, ""4"": ""Marki Mangli I"", ""5"": ""MAH"", ""6"": 0, ""7"": ""P"", ""8"": ""C"", ""9"": 0, ""10"": 0, ""11"": 0, ""12"": 112, ""13"": 112, ""14"": null, ""15"": null, ""16"": null, ""17"": null, ""18"": null, ""19"": null, ""20"": null, ""21"": null, ""22"": null, ""23"": 0.0, ""24"": null, ""25"": null, ""26"": null, ""27"": null, ""28"": null, ""29"": null, ""30"": null}",345,tab1a2021-link_m,coal-statistics-download-excel-7,coal_statistics,Download Excel,https://coal.gov.in/sites/default/files/2024-03/cdchap6.xlsx
source_reference,"{""0"": null, ""1"": 309.0, ""2"": ""TUML"", ""3"": null, ""4"": ""Marki Mangli I"", ""5"": ""MAH"", ""6"": 0, ""7"": ""D"", ""8"": ""C"", ""9"": 0, ""10"": 0, ""11"": 0, ""12"": 113, ""13"": 113, ""14"": null, ""15"": null, ""16"": null, ""17"": null, ""18"": null, ""19"": null, ""20"": null, ""21"": null, ""22"": null, ""23"": 0.0, ""24"": null, ""25"": null, ""26"": null, ""27"": null, ""28"": null, ""29"": null, ""30"": null}",346,tab1a2021-link_m,coal-statistics-download-excel-7,coal_statistics,Download Excel,https://coal.gov.in/sites/default/files/2024-03/cdchap6.xlsx
source_reference,"{""0"": null, ""1"": 310.0, ""2"": ""TUML"", ""3"": null, ""4"": ""Marki Mangli I"", ""5"": ""MAH"", ""6"": 0, ""7"": ""F"", ""8"": ""C"", ""9"": 0, ""10"": 0, ""11"": 0, ""12"": 113, ""13"": 113, ""14"": null, ""15"": null, ""16"": null, ""17"": null, ""18"": null, ""19"": null, ""20"": null, ""21"": null, ""22"": null, ""23"": 0.0, ""24"": null, ""25"": null, ""26"": null, ""27"": null, ""28"": null, ""29"": null, ""30"": null}",347,tab1a2021-link_m,coal-statistics-download-excel-7,coal_statistics,Download Excel,https://coal.gov.in/sites/default/files/2024-03/cdchap6.xlsx
source_reference,"{""0"": null, ""1"": 311.0, ""2"": ""TUML"", ""3"": null, ""4"": ""Marki Mangli I"", ""5"": ""MAH"", ""6"": 0, ""7"": ""S"", ""8"": ""C"", ""9"": null, ""10"": 0, ""11"": 0, ""12"": 1, ""13"": 1, ""14"": null, ""15"": null, ""16"": null, ""17"": null, ""18"": null, ""19"": null, ""20"": null, ""21"": null, ""22"": null, ""23"": 0.0, ""24"": null, ""25"": null, ""26"": null, ""27"": null, ""28"": null, ""29"": null, ""30"": null}",348,tab1a2021-link_m,coal-statistics-download-excel-7,coal_statistics,Download Excel,https://coal.gov.in/sites/default/files/2024-03/cdchap6.xlsx
source_reference,"{""0"": null, ""1"": 312.0, ""2"": ""TUML"", ""3"": null, ""4"": ""Marki Mangli I"", ""5"": ""MAH"", ""6"": 0, ""7"": ""V"", ""8"": ""C"", ""9"": 0, ""10"": 0, ""11"": 0, ""12"": 207348, ""13"": 207348, ""14"": null, ""15"": null, ""16"": 1851.3214285714287, ""17"": null, ""18"": null, ""19"": null, ""20"": null, ""21"": null, ""22"": null, ""23"": 0.0, ""24"": 1851.3214285714287, ""25"": null, ""26"": null, ""27"": null, ""28"": null, ""29"": null, ""30"": null}",349,tab1a2021-link_m,coal-statistics-download-excel-7,coal_statistics,Download Excel,https://coal.gov.in/sites/default/files/2024-03/cdchap6.xlsx
source_reference,"{""0"": null, ""1"": 313.0, ""2"": ""NTPC_DG"", ""3"": null, ""4"": ""Dulanga"", ""5"": ""ODI"", ""6"": null, ""7"": ""O"", ""8"": ""C"", ""9"": 0, ""10"": 0, ""11"": 0, ""12"": 632, ""13"": 632, ""14"": null, ""15"": null, ""16"": null, ""17"": null, ""18"": null, ""19"": null, ""20"": null, ""21"": null, ""22"": null, ""23"": 0.0, ""24"": null, ""25"": null, ""26"": null, ""27"": null, ""28"": null, ""29"": null, ""30"": null}",350,tab1a2021-link_m,coal-statistics-download-excel-7,coal_statistics,Download Excel,https://coal.gov.in/sites/default/files/2024-03/cdchap6.xlsx
source_reference,"{""0"": null, ""1"": 314.0, ""2"": ""NTPC_DG"", ""3"": null, ""4"": ""Dulanga"", ""5"": ""ODI"", ""6"": null, ""7"": ""P"", ""8"": ""C"", ""9"": 0, ""10"": 0, ""11"": 0, ""12"": 3124, ""13"": 3124, ""14"": null, ""15"": null, ""16"": null, ""17"": null, ""18"": null, ""19"": null, ""20"": null, ""21"": null, ""22"": null, ""23"": 0.0, ""24"": null, ""25"": null, ""26"": null, ""27"": null, ""28"": null, ""29"": null, ""30"": null}",351,tab1a2021-link_m,coal-statistics-download-excel-7,coal_statistics,Download Excel,https://coal.gov.in/sites/default/files/2024-03/cdchap6.xlsx
source_reference,"{""0"": null, ""1"": 315.0, ""2"": ""NTPC_DG"", ""3"": null, ""4"": ""Dulanga"", ""5"": ""ODI"", ""6"": null, ""7"": ""D"", ""8"": ""C"", ""9"": 0, ""10"": 0, ""11"": 0, ""12"": 3400, ""13"": 3400, ""14"": null, ""15"": null, ""16"": null, ""17"": null, ""18"": null, ""19"": null, ""20"": null, ""21"": null, ""22"": null, ""23"": 0.0, ""24"": null, ""25"": null, ""26"": null, ""27"": null, ""28"": null, ""29"": null, ""30"": null}",352,tab1a2021-link_m,coal-statistics-download-excel-7,coal_statistics,Download Excel,https://coal.gov.in/sites/default/files/2024-03/cdchap6.xlsx
source_reference,"{""0"": null, ""1"": 316.0, ""2"": ""NTPC_DG"", ""3"": null, ""4"": ""Dulanga"", ""5"": ""ODI"", ""6"": null, ""7"": ""F"", ""8"": ""C"", ""9"": 0, ""10"": 0, ""11"": 0, ""12"": 3400, ""13"": 3400, ""14"": null, ""15"": null, ""16"": null, ""17"": null, ""18"": null, ""19"": null, ""20"": null, ""21"": null, ""22"": null, ""23"": 0.0, ""24"": null, ""25"": null, ""26"": null, ""27"": null, ""28"": null, ""29"": null, ""30"": null}",353,tab1a2021-link_m,coal-statistics-download-excel-7,coal_statistics,Download Excel,https://coal.gov.in/sites/default/files/2024-03/cdchap6.xlsx
source_reference,"{""0"": null, ""1"": 317.0, ""2"": ""NTPC_DG"", ""3"": null, ""4"": ""Dulanga"", ""5"": ""ODI"", ""6"": null, ""7"": ""S"", ""8"": ""C"", ""9"": 0, ""10"": 0, ""11"": 0, ""12"": 356, ""13"": 356, ""14"": null, ""15"": null, ""16"": null, ""17"": null, ""18"": null, ""19"": null, ""20"": null, ""21"": null, ""22"": null, ""23"": 0.0, ""24"": null, ""25"": null, ""26"": null, ""27"": null, ""28"": null, ""29"": null, ""30"": null}",354,tab1a2021-link_m,coal-statistics-download-excel-7,coal_statistics,Download Excel,https://coal.gov.in/sites/default/files/2024-03/cdchap6.xlsx
source_reference,"{""0"": null, ""1"": 318.0, ""2"": ""NTPC_DG"", ""3"": null, ""4"": ""Dulanga"", ""5"": ""ODI"", ""6"": null, ""7"": ""V"", ""8"": ""C"", ""9"": 0, ""10"": 0, ""11"": 0, ""12"": 3926578, ""13"": 3926578, ""14"": null, ""15"": null, ""16"": 1256.9071702944943, ""17"": null, ""18"": null, ""19"": null, ""20"": null, ""21"": null, ""22"": null, ""23"": 0.0, ""24"": null, ""25"": null, ""26"": null, ""27"": null, ""28"": null, ""29"": null, ""30"": null}",355,tab1a2021-link_m,coal-statistics-download-excel-7,coal_statistics,Download Excel,https://coal.gov.in/sites/default/files/2024-03/cdchap6.xlsx
source_reference,"{""0"": null, ""1"": 319.0, ""2"": ""TSPGCL"", ""3"": null, ""4"": ""Tadicherla"", ""5"": ""TLNG"", ""6"": null, ""7"": ""O"", ""8"": ""C"", ""9"": 0, ""10"": 0, ""11"": 0, ""12"": 4, ""13"": 4, ""14"": null, ""15"": null, ""16"": null, ""17"": null, ""18"": null, ""19"": null, ""20"": null, ""21"": null, ""22"": null, ""23"": 0.0, ""24"": null, ""25"": null, ""26"": null, ""27"": null, ""28"": null, ""29"": null, ""30"": null}",356,tab1a2021-link_m,coal-statistics-download-excel-7,coal_statistics,Download Excel,https://coal.gov.in/sites/default/files/2024-03/cdchap6.xlsx
source_reference,"{""0"": null, ""1"": 320.0, ""2"": ""TSPGCL"", ""3"": null, ""4"": ""Tadicherla"", ""5"": ""TLNG"", ""6"": null, ""7"": ""P"", ""8"": ""C"", ""9"": 0, ""10"": 0, ""11"": 0, ""12"": 2023, ""13"": 2023, ""14"": null, ""15"": null, ""16"": null, ""17"": null, ""18"": null, ""19"": null, ""20"": null, ""21"": null, ""22"": null, ""23"": 0.0, ""24"": null, ""25"": null, ""26"": null, ""27"": null, ""28"": null, ""29"": null, ""30"": null}",357,tab1a2021-link_m,coal-statistics-download-excel-7,coal_statistics,Download Excel,https://coal.gov.in/sites/default/files/2024-03/cdchap6.xlsx
source_reference,"{""0"": null, ""1"": 321.0, ""2"": ""TSPGCL"", ""3"": null, ""4"": ""Tadicherla"", ""5"": ""TLNG"", ""6"": null, ""7"": ""D"", ""8"": ""C"", ""9"": 0, ""10"": 0, ""11"": 0, ""12"": 2020, ""13"": 2020, ""14"": null, ""15"": null, ""16"": null, ""17"": null, ""18"": null, ""19"": null, ""20"": null, ""21"": null, ""22"": null, ""23"": 0.0, ""24"": null, ""25"": null, ""26"": null, ""27"": null, ""28"": null, ""29"": null, ""30"": null}",358,tab1a2021-link_m,coal-statistics-download-excel-7,coal_statistics,Download Excel,https://coal.gov.in/sites/default/files/2024-03/cdchap6.xlsx
source_reference,"{""0"": null, ""1"": 322.0, ""2"": ""TSPGCL"", ""3"": null, ""4"": ""Tadicherla"", ""5"": ""TLNG"", ""6"": null, ""7"": ""F"", ""8"": ""C"", ""9"": 0, ""10"": 0, ""11"": 0, ""12"": 2020, ""13"": 2020, ""14"": null, ""15"": null, ""16"": null, ""17"": null, ""18"": null, ""19"": null, ""20"": null, ""21"": null, ""22"": null, ""23"": 0.0, ""24"": null, ""25"": null, ""26"": null, ""27"": null, ""28"": null, ""29"": null, ""30"": null}",359,tab1a2021-link_m,coal-statistics-download-excel-7,coal_statistics,Download Excel,https://coal.gov.in/sites/default/files/2024-03/cdchap6.xlsx
source_reference,"{""0"": null, ""1"": 323.0, ""2"": ""TSPGCL"", ""3"": null, ""4"": ""Tadicherla"", ""5"": ""TLNG"", ""6"": null, ""7"": ""S"", ""8"": ""C"", ""9"": 0, ""10"": 0, ""11"": 0, ""12"": 8, ""13"": 8, ""14"": null, ""15"": null, ""16"": null, ""17"": null, ""18"": null, ""19"": null, ""20"": null, ""21"": null, ""22"": null, ""23"": 0.0, ""24"": null, ""25"": null, ""26"": null, ""27"": null, ""28"": null, ""29"": null, ""30"": null}",360,tab1a2021-link_m,coal-statistics-download-excel-7,coal_statistics,Download Excel,https://coal.gov.in/sites/default/files/2024-03/cdchap6.xlsx
source_reference,"{""0"": null, ""1"": 324.0, ""2"": ""TSPGCL"", ""3"": null, ""4"": ""Tadicherla"", ""5"": ""TLNG"", ""6"": null, ""7"": ""V"", ""8"": ""C"", ""9"": null, ""10"": null, ""11"": 0, ""12"": 0, ""13"": 0, ""14"": null, ""15"": null, ""16"": 0, ""17"": null, ""18"": null, ""19"": null, ""20"": null, ""21"": null, ""22"": null, ""23"": null, ""24"": null, ""25"": null, ""26"": null, ""27"": null, ""28"": null, ""29"": null, ""30"": null}",361,tab1a2021-link_m,coal-statistics-download-excel-7,coal_statistics,Download Excel,https://coal.gov.in/sites/default/files/2024-03/cdchap6.xlsx
source_reference,"{""0"": null, ""1"": 325.0, ""2"": ""AMBUJA"", ""3"": null, ""4"": ""Gare Palma IV/8"", ""5"": ""CHG"", ""6"": null, ""7"": ""O"", ""8"": ""C"", ""9"": 0, ""10"": 0, ""11"": 0, ""12"": 0, ""13"": 0, ""14"": null, ""15"": null, ""16"": null, ""17"": null, ""18"": null, ""19"": null, ""20"": null, ""21"": null, ""22"": null, ""23"": 0.0, ""24"": null, ""25"": null, ""26"": null, ""27"": null, ""28"": null, ""29"": null, ""30"": null}",362,tab1a2021-link_m,coal-statistics-download-excel-7,coal_statistics,Download Excel,https://coal.gov.in/sites/default/files/2024-03/cdchap6.xlsx
source_reference,"{""0"": null, ""1"": 326.0, ""2"": ""AMBUJA"", ""3"": null, ""4"": ""Gare Palma IV/8"", ""5"": ""CHG"", ""6"": 0, ""7"": ""P"", ""8"": ""C"", ""9"": 0, ""10"": 0, ""11"": 0, ""12"": 169, ""13"": 169, ""14"": null, ""15"": null, ""16"": null, ""17"": null, ""18"": null, ""19"": null, ""20"": null, ""21"": null, ""22"": null, ""23"": 0.0, ""24"": null, ""25"": null, ""26"": null, ""27"": null, ""28"": null, ""29"": null, ""30"": null}",363,tab1a2021-link_m,coal-statistics-download-excel-7,coal_statistics,Download Excel,https://coal.gov.in/sites/default/files/2024-03/cdchap6.xlsx
source_reference,"{""0"": null, ""1"": 327.0, ""2"": ""AMBUJA"", ""3"": null, ""4"": ""Gare Palma IV/8"", ""5"": ""CHG"", ""6"": 0, ""7"": ""D"", ""8"": ""C"", ""9"": 0, ""10"": 0, ""11"": 0, ""12"": 124, ""13"": 124, ""14"": null, ""15"": null, ""16"": null, ""17"": null, ""18"": null, ""19"": null, ""20"": null, ""21"": null, ""22"": null, ""23"": 0.0, ""24"": null, ""25"": null, ""26"": null, ""27"": null, ""28"": null, ""29"": null, ""30"": null}",364,tab1a2021-link_m,coal-statistics-download-excel-7,coal_statistics,Download Excel,https://coal.gov.in/sites/default/files/2024-03/cdchap6.xlsx
source_reference,"{""0"": null, ""1"": 328.0, ""2"": ""AMBUJA"", ""3"": null, ""4"": ""Gare Palma IV/8"", ""5"": ""CHG"", ""6"": 0, ""7"": ""F"", ""8"": ""C"", ""9"": 0, ""10"": 0, ""11"": 0, ""12"": 0, ""13"": 0, ""14"": null, ""15"": null, ""16"": null, ""17"": null, ""18"": null, ""19"": null, ""20"": null, ""21"": null, ""22"": null, ""23"": 0.0, ""24"": null, ""25"": null, ""26"": null, ""27"": null, ""28"": null, ""29"": null, ""30"": null}",365,tab1a2021-link_m,coal-statistics-download-excel-7,coal_statistics,Download Excel,https://coal.gov.in/sites/default/files/2024-03/cdchap6.xlsx
source_reference,"{""0"": null, ""1"": 329.0, ""2"": ""AMBUJA"", ""3"": null, ""4"": ""Gare Palma IV/8"", ""5"": ""CHG"", ""6"": 0, ""7"": ""S"", ""8"": ""C"", ""9"": null, ""10"": 0, ""11"": 0, ""12"": 59, ""13"": 59, ""14"": null, ""15"": null, ""16"": null, ""17"": null, ""18"": null, ""19"": null, ""20"": null, ""21"": null, ""22"": null, ""23"": 0.0, ""24"": null, ""25"": null, ""26"": null, ""27"": null, ""28"": null, ""29"": null, ""30"": null}",366,tab1a2021-link_m,coal-statistics-download-excel-7,coal_statistics,Download Excel,https://coal.gov.in/sites/default/files/2024-03/cdchap6.xlsx
source_reference,"{""0"": null, ""1"": 330.0, ""2"": ""AMBUJA"", ""3"": null, ""4"": ""Gare Palma IV/8"", ""5"": ""CHG"", ""6"": 0, ""7"": ""V"", ""8"": ""C"", ""9"": 0, ""10"": 0, ""11"": 0, ""12"": 0, ""13"": 0, ""14"": null, ""15"": null, ""16"": 0, ""17"": null, ""18"": null, ""19"": null, ""20"": null, ""21"": null, ""22"": null, ""23"": 0.0, ""24"": null, ""25"": null, ""26"": null, ""27"": null, ""28"": null, ""29"": null, ""30"": null}",367,tab1a2021-link_m,coal-statistics-download-excel-7,coal_statistics,Download Excel,https://coal.gov.in/sites/default/files/2024-03/cdchap6.xlsx
source_reference,"{""0"": null, ""1"": 331.0, ""2"": ""OCL"", ""3"": null, ""4"": ""Ardhagram"", ""5"": ""ODI"", ""6"": null, ""7"": ""O"", ""8"": ""C"", ""9"": 0, ""10"": 0, ""11"": 0, ""12"": 0, ""13"": 0, ""14"": null, ""15"": null, ""16"": null, ""17"": null, ""18"": null, ""19"": null, ""20"": null, ""21"": null, ""22"": null, ""23"": 0.0, ""24"": null, ""25"": null, ""26"": null, ""27"": null, ""28"": null, ""29"": null, ""30"": null}",368,tab1a2021-link_m,coal-statistics-download-excel-7,coal_statistics,Download Excel,https://coal.gov.in/sites/default/files/2024-03/cdchap6.xlsx
source_reference,"{""0"": null, ""1"": 332.0, ""2"": ""OCL"", ""3"": null, ""4"": ""Ardhagram"", ""5"": ""ODI"", ""6"": null, ""7"": ""P"", ""8"": ""C"", ""9"": 0, ""10"": 0, ""11"": 0, ""12"": 0, ""13"": 0, ""14"": null, ""15"": null, ""16"": null, ""17"": null, ""18"": null, ""19"": null, ""20"": null, ""21"": null, ""22"": null, ""23"": 0.0, ""24"": null, ""25"": null, ""26"": null, ""27"": null, ""28"": null, ""29"": null, ""30"": null}",369,tab1a2021-link_m,coal-statistics-download-excel-7,coal_statistics,Download Excel,https://coal.gov.in/sites/default/files/2024-03/cdchap6.xlsx
source_reference,"{""0"": null, ""1"": 333.0, ""2"": ""OCL"", ""3"": null, ""4"": ""Ardhagram"", ""5"": ""ODI"", ""6"": null, ""7"": ""D"", ""8"": ""C"", ""9"": 0, ""10"": 0, ""11"": 0, ""12"": 0, ""13"": 0, ""14"": null, ""15"": null, ""16"": null, ""17"": null, ""18"": null, ""19"": null, ""20"": null, ""21"": null, ""22"": null, ""23"": 0.0, ""24"": null, ""25"": null, ""26"": null, ""27"": null, ""28"": null, ""29"": null, ""30"": null}",370,tab1a2021-link_m,coal-statistics-download-excel-7,coal_statistics,Download Excel,https://coal.gov.in/sites/default/files/2024-03/cdchap6.xlsx
source_reference,"{""0"": null, ""1"": 334.0, ""2"": ""OCL"", ""3"": null, ""4"": ""Ardhagram"", ""5"": ""ODI"", ""6"": null, ""7"": ""F"", ""8"": ""C"", ""9"": 0, ""10"": 0, ""11"": 0, ""12"": 0, ""13"": 0, ""14"": null, ""15"": null, ""16"": null, ""17"": null, ""18"": null, ""19"": null, ""20"": null, ""21"": null, ""22"": null, ""23"": 0.0, ""24"": null, ""25"": null, ""26"": null, ""27"": null, ""28"": null, ""29"": null, ""30"": null}",371,tab1a2021-link_m,coal-statistics-download-excel-7,coal_statistics,Download Excel,https://coal.gov.in/sites/default/files/2024-03/cdchap6.xlsx
source_reference,"{""0"": null, ""1"": 335.0, ""2"": ""OCL"", ""3"": null, ""4"": ""Ardhagram"", ""5"": ""ODI"", ""6"": null, ""7"": ""S"", ""8"": ""C"", ""9"": null, ""10"": 0, ""11"": 0, ""12"": 0, ""13"": 0, ""14"": null, ""15"": null, ""16"": null, ""17"": null, ""18"": null, ""19"": null, ""20"": null, ""21"": null, ""22"": null, ""23"": 0.0, ""24"": null, ""25"": null, ""26"": null, ""27"": null, ""28"": null, ""29"": null, ""30"": null}",372,tab1a2021-link_m,coal-statistics-download-excel-7,coal_statistics,Download Excel,https://coal.gov.in/sites/default/files/2024-03/cdchap6.xlsx
source_reference,"{""0"": null, ""1"": 336.0, ""2"": ""OCL"", ""3"": null, ""4"": ""Ardhagram"", ""5"": ""ODI"", ""6"": null, ""7"": ""V"", ""8"": ""C"", ""9"": null, ""10"": null, ""11"": 0, ""12"": 0, ""13"": 0, ""14"": null, ""15"": null, ""16"": null, ""17"": null, ""18"": null, ""19"": null, ""20"": null, ""21"": null, ""22"": null, ""23"": null, ""24"": null, ""25"": null, ""26"": null, ""27"": null, ""28"": null, ""29"": null, ""30"": null}",373,tab1a2021-link_m,coal-statistics-download-excel-7,coal_statistics,Download Excel,https://coal.gov.in/sites/default/files/2024-03/cdchap6.xlsx
source_reference,"{""0"": null, ""1"": 337.0, ""2"": ""WBPDCL_B"", ""3"": null, ""4"": ""Barjora"", ""5"": ""WB"", ""6"": null, ""7"": ""O"", ""8"": ""C"", ""9"": 0, ""10"": 0, ""11"": 0, ""12"": 0, ""13"": 0, ""14"": null, ""15"": null, ""16"": null, ""17"": null, ""18"": null, ""19"": null, ""20"": null, ""21"": null, ""22"": null, ""23"": 0.0, ""24"": null, ""25"": null, ""26"": null, ""27"": null, ""28"": null, ""29"": null, ""30"": null}",374,tab1a2021-link_m,coal-statistics-download-excel-7,coal_statistics,Download Excel,https://coal.gov.in/sites/default/files/2024-03/cdchap6.xlsx
source_reference,"{""0"": null, ""1"": 338.0, ""2"": ""WBPDCL_B"", ""3"": null, ""4"": ""Barjora"", ""5"": ""WB"", ""6"": null, ""7"": ""P"", ""8"": ""C"", ""9"": 0, ""10"": 0, ""11"": 0, ""12"": 310, ""13"": 310, ""14"": null, ""15"": null, ""16"": null, ""17"": null, ""18"": null, ""19"": null, ""20"": null, ""21"": null, ""22"": null, ""23"": 0.0, ""24"": null, ""25"": null, ""26"": null, ""27"": null, ""28"": null, ""29"": null, ""30"": null}",375,tab1a2021-link_m,coal-statistics-download-excel-7,coal_statistics,Download Excel,https://coal.gov.in/sites/default/files/2024-03/cdchap6.xlsx
source_reference,"{""0"": null, ""1"": 339.0, ""2"": ""WBPDCL_B"", ""3"": null, ""4"": ""Barjora"", ""5"": ""WB"", ""6"": null, ""7"": ""D"", ""8"": ""C"", ""9"": 0, ""10"": 0, ""11"": 0, ""12"": 207, ""13"": 207, ""14"": null, ""15"": null, ""16"": null, ""17"": null, ""18"": null, ""19"": null, ""20"": null, ""21"": null, ""22"": null, ""23"": 0.0, ""24"": null, ""25"": null, ""26"": null, ""27"": null, ""28"": null, ""29"": null, ""30"": null}",376,tab1a2021-link_m,coal-statistics-download-excel-7,coal_statistics,Download Excel,https://coal.gov.in/sites/default/files/2024-03/cdchap6.xlsx
source_reference,"{""0"": null, ""1"": 400.0, ""2"": ""WBPDCL_B"", ""3"": null, ""4"": ""Barjora"", ""5"": ""WB"", ""6"": null, ""7"": ""F"", ""8"": ""C"", ""9"": 0, ""10"": 0, ""11"": 0, ""12"": 207, ""13"": 207, ""14"": null, ""15"": null, ""16"": null, ""17"": null, ""18"": null, ""19"": null, ""20"": null, ""21"": null, ""22"": null, ""23"": 0.0, ""24"": null, ""25"": null, ""26"": null, ""27"": null, ""28"": null, ""29"": null, ""30"": null}",377,tab1a2021-link_m,coal-statistics-download-excel-7,coal_statistics,Download Excel,https://coal.gov.in/sites/default/files/2024-03/cdchap6.xlsx
source_reference,"{""0"": null, ""1"": 401.0, ""2"": ""WBPDCL_B"", ""3"": null, ""4"": ""Barjora"", ""5"": ""WB"", ""6"": null, ""7"": ""S"", ""8"": ""C"", ""9"": null, ""10"": 0, ""11"": 0, ""12"": 104, ""13"": 104, ""14"": null, ""15"": null, ""16"": null, ""17"": null, ""18"": null, ""19"": null, ""20"": null, ""21"": null, ""22"": null, ""23"": 0.0, ""24"": null, ""25"": null, ""26"": null, ""27"": null, ""28"": null, ""29"": null, ""30"": null}",378,tab1a2021-link_m,coal-statistics-download-excel-7,coal_statistics,Download Excel,https://coal.gov.in/sites/default/files/2024-03/cdchap6.xlsx
source_reference,"{""0"": null, ""1"": 402.0, ""2"": ""WBPDCL_B"", ""3"": null, ""4"": ""Barjora"", ""5"": ""WB"", ""6"": null, ""7"": ""V"", ""8"": ""C"", ""9"": null, ""10"": null, ""11"": 0, ""12"": 0, ""13"": 0, ""14"": null, ""15"": null, ""16"": 0, ""17"": null, ""18"": null, ""19"": null, ""20"": null, ""21"": null, ""22"": null, ""23"": null, ""24"": null, ""25"": null, ""26"": null, ""27"": null, ""28"": null, ""29"": null, ""30"": null}",379,tab1a2021-link_m,coal-statistics-download-excel-7,coal_statistics,Download Excel,https://coal.gov.in/sites/default/files/2024-03/cdchap6.xlsx
source_reference,"{""0"": null, ""1"": 337.0, ""2"": ""WBPDCL_BN"", ""3"": null, ""4"": ""Barjora North"", ""5"": ""WB"", ""6"": null, ""7"": ""O"", ""8"": ""C"", ""9"": 0, ""10"": 0, ""11"": 0, ""12"": 82, ""13"": 82, ""14"": null, ""15"": null, ""16"": null, ""17"": null, ""18"": null, ""19"": null, ""20"": null, ""21"": null, ""22"": null, ""23"": null, ""24"": null, ""25"": null, ""26"": null, ""27"": null, ""28"": null, ""29"": null, ""30"": null}",380,tab1a2021-link_m,coal-statistics-download-excel-7,coal_statistics,Download Excel,https://coal.gov.in/sites/default/files/2024-03/cdchap6.xlsx
source_reference,"{""0"": null, ""1"": 338.0, ""2"": ""WBPDCL_BN"", ""3"": null, ""4"": ""Barjora North"", ""5"": ""WB"", ""6"": null, ""7"": ""P"", ""8"": ""C"", ""9"": 0, ""10"": 0, ""11"": 0, ""12"": 815, ""13"": 815, ""14"": null, ""15"": null, ""16"": null, ""17"": null, ""18"": null, ""19"": null, ""20"": null, ""21"": null, ""22"": null, ""23"": null, ""24"": null, ""25"": null, ""26"": null, ""27"": null, ""28"": null, ""29"": null, ""30"": null}",381,tab1a2021-link_m,coal-statistics-download-excel-7,coal_statistics,Download Excel,https://coal.gov.in/sites/default/files/2024-03/cdchap6.xlsx
source_reference,"{""0"": null, ""1"": 339.0, ""2"": ""WBPDCL_BN"", ""3"": null, ""4"": ""Barjora North"", ""5"": ""WB"", ""6"": null, ""7"": ""D"", ""8"": ""C"", ""9"": 0, ""10"": 0, ""11"": 0, ""12"": 678, ""13"": 678, ""14"": null, ""15"": null, ""16"": null, ""17"": null, ""18"": null, ""19"": null, ""20"": null, ""21"": null, ""22"": null, ""23"": null, ""24"": null, ""25"": null, ""26"": null, ""27"": null, ""28"": null, ""29"": null, ""30"": null}",382,tab1a2021-link_m,coal-statistics-download-excel-7,coal_statistics,Download Excel,https://coal.gov.in/sites/default/files/2024-03/cdchap6.xlsx
source_reference,"{""0"": null, ""1"": 400.0, ""2"": ""WBPDCL_BN"", ""3"": null, ""4"": ""Barjora North"", ""5"": ""WB"", ""6"": null, ""7"": ""F"", ""8"": ""C"", ""9"": 0, ""10"": 0, ""11"": 0, ""12"": 678, ""13"": 678, ""14"": null, ""15"": null, ""16"": null, ""17"": null, ""18"": null, ""19"": null, ""20"": null, ""21"": null, ""22"": null, ""23"": null, ""24"": null, ""25"": null, ""26"": null, ""27"": null, ""28"": null, ""29"": null, ""30"": null}",383,tab1a2021-link_m,coal-statistics-download-excel-7,coal_statistics,Download Excel,https://coal.gov.in/sites/default/files/2024-03/cdchap6.xlsx
source_reference,"{""0"": null, ""1"": 401.0, ""2"": ""WBPDCL_BN"", ""3"": null, ""4"": ""Barjora North"", ""5"": ""WB"", ""6"": null, ""7"": ""S"", ""8"": ""C"", ""9"": null, ""10"": 0, ""11"": 0, ""12"": 218, ""13"": 218, ""14"": null, ""15"": null, ""16"": null, ""17"": null, ""18"": null, ""19"": null, ""20"": null, ""21"": null, ""22"": null, ""23"": null, ""24"": null, ""25"": null, ""26"": null, ""27"": null, ""28"": null, ""29"": null, ""30"": null}",384,tab1a2021-link_m,coal-statistics-download-excel-7,coal_statistics,Download Excel,https://coal.gov.in/sites/default/files/2024-03/cdchap6.xlsx
source_reference,"{""0"": null, ""1"": 402.0, ""2"": ""WBPDCL_BN"", ""3"": null, ""4"": ""Barjora North"", ""5"": ""WB"", ""6"": null, ""7"": ""V"", ""8"": ""C"", ""9"": null, ""10"": null, ""11"": 0, ""12"": 0, ""13"": 0, ""14"": null, ""15"": null, ""16"": 0, ""17"": null, ""18"": null, ""19"": null, ""20"": null, ""21"": null, ""22"": null, ""23"": null, ""24"": null, ""25"": null, ""26"": null, ""27"": null, ""28"": null, ""29"": null, ""30"": null}",385,tab1a2021-link_m,coal-statistics-download-excel-7,coal_statistics,Download Excel,https://coal.gov.in/sites/default/files/2024-03/cdchap6.xlsx
source_reference,"{""0"": null, ""1"": 337.0, ""2"": ""WBPDCL_PN"", ""3"": null, ""4"": ""Pachhwara North"", ""5"": ""WB"", ""6"": null, ""7"": ""O"", ""8"": ""C"", ""9"": 0, ""10"": 0, ""11"": 0, ""12"": 168, ""13"": 168, ""14"": null, ""15"": null, ""16"": null, ""17"": null, ""18"": null, ""19"": null, ""20"": null, ""21"": null, ""22"": null, ""23"": null, ""24"": null, ""25"": null, ""26"": null, ""27"": null, ""28"": null, ""29"": null, ""30"": null}",386,tab1a2021-link_m,coal-statistics-download-excel-7,coal_statistics,Download Excel,https://coal.gov.in/sites/default/files/2024-03/cdchap6.xlsx
source_reference,"{""0"": null, ""1"": 338.0, ""2"": ""WBPDCL_PN"", ""3"": null, ""4"": ""Pachhwara North"", ""5"": ""WB"", ""6"": null, ""7"": ""P"", ""8"": ""C"", ""9"": 0, ""10"": 0, ""11"": 0, ""12"": 4133, ""13"": 4133, ""14"": null, ""15"": null, ""16"": null, ""17"": null, ""18"": null, ""19"": null, ""20"": null, ""21"": null, ""22"": null, ""23"": null, ""24"": null, ""25"": null, ""26"": null, ""27"": null, ""28"": null, ""29"": null, ""30"": null}",387,tab1a2021-link_m,coal-statistics-download-excel-7,coal_statistics,Download Excel,https://coal.gov.in/sites/default/files/2024-03/cdchap6.xlsx
source_reference,"{""0"": null, ""1"": 339.0, ""2"": ""WBPDCL_PN"", ""3"": null, ""4"": ""Pachhwara North"", ""5"": ""WB"", ""6"": null, ""7"": ""D"", ""8"": ""C"", ""9"": 0, ""10"": 0, ""11"": 0, ""12"": 4279, ""13"": 4279, ""14"": null, ""15"": null, ""16"": null, ""17"": null, ""18"": null, ""19"": null, ""20"": null, ""21"": null, ""22"": null, ""23"": null, ""24"": null, ""25"": null, ""26"": null, ""27"": null, ""28"": null, ""29"": null, ""30"": null}",388,tab1a2021-link_m,coal-statistics-download-excel-7,coal_statistics,Download Excel,https://coal.gov.in/sites/default/files/2024-03/cdchap6.xlsx
source_reference,"{""0"": null, ""1"": 400.0, ""2"": ""WBPDCL_PN"", ""3"": null, ""4"": ""Pachhwara North"", ""5"": ""WB"", ""6"": null, ""7"": ""F"", ""8"": ""C"", ""9"": 0, ""10"": 0, ""11"": 0, ""12"": 4279, ""13"": 4279, ""14"": null, ""15"": null, ""16"": null, ""17"": null, ""18"": null, ""19"": null, ""20"": null, ""21"": null, ""22"": null, ""23"": null, ""24"": null, ""25"": null, ""26"": null, ""27"": null, ""28"": null, ""29"": null, ""30"": null}",389,tab1a2021-link_m,coal-statistics-download-excel-7,coal_statistics,Download Excel,https://coal.gov.in/sites/default/files/2024-03/cdchap6.xlsx
source_reference,"{""0"": null, ""1"": 401.0, ""2"": ""WBPDCL_PN"", ""3"": null, ""4"": ""Pachhwara North"", ""5"": ""WB"", ""6"": null, ""7"": ""S"", ""8"": ""C"", ""9"": null, ""10"": 0, ""11"": 0, ""12"": 22, ""13"": 22, ""14"": null, ""15"": null, ""16"": null, ""17"": null, ""18"": null, ""19"": null, ""20"": null, ""21"": null, ""22"": null, ""23"": null, ""24"": null, ""25"": null, ""26"": null, ""27"": null, ""28"": null, ""29"": null, ""30"": null}",390,tab1a2021-link_m,coal-statistics-download-excel-7,coal_statistics,Download Excel,https://coal.gov.in/sites/default/files/2024-03/cdchap6.xlsx
source_reference,"{""0"": null, ""1"": 402.0, ""2"": ""WBPDCL_PN"", ""3"": null, ""4"": ""Pachhwara North"", ""5"": ""WB"", ""6"": null, ""7"": ""V"", ""8"": ""C"", ""9"": null, ""10"": null, ""11"": 0, ""12"": 0, ""13"": 0, ""14"": null, ""15"": null, ""16"": 0, ""17"": null, ""18"": null, ""19"": null, ""20"": null, ""21"": null, ""22"": null, ""23"": null, ""24"": null, ""25"": null, ""26"": null, ""27"": null, ""28"": null, ""29"": null, ""30"": null}",391,tab1a2021-link_m,coal-statistics-download-excel-7,coal_statistics,Download Excel,https://coal.gov.in/sites/default/files/2024-03/cdchap6.xlsx
source_reference,"{""0"": null, ""1"": 337.0, ""2"": ""WBPDCL_GB"", ""3"": null, ""4"": ""Gangaramchak Bhadulia"", ""5"": ""WB"", ""6"": null, ""7"": ""O"", ""8"": ""C"", ""9"": 0, ""10"": 0, ""11"": 0, ""12"": 954.33068, ""13"": 954.33068, ""14"": null, ""15"": null, ""16"": null, ""17"": null, ""18"": null, ""19"": null, ""20"": null, ""21"": null, ""22"": null, ""23"": null, ""24"": null, ""25"": null, ""26"": null, ""27"": null, ""28"": null, ""29"": null, ""30"": null}",392,tab1a2021-link_m,coal-statistics-download-excel-7,coal_statistics,Download Excel,https://coal.gov.in/sites/default/files/2024-03/cdchap6.xlsx
source_reference,"{""0"": null, ""1"": 338.0, ""2"": ""WBPDCL_GB"", ""3"": null, ""4"": ""Gangaramchak Bhadulia"", ""5"": ""WB"", ""6"": null, ""7"": ""P"", ""8"": ""C"", ""9"": 0, ""10"": 0, ""11"": 0, ""12"": 1000, ""13"": 1000, ""14"": null, ""15"": null, ""16"": null, ""17"": null, ""18"": null, ""19"": null, ""20"": null, ""21"": null, ""22"": null, ""23"": null, ""24"": null, ""25"": null, ""26"": null, ""27"": null, ""28"": null, ""29"": null, ""30"": null}",393,tab1a2021-link_m,coal-statistics-download-excel-7,coal_statistics,Download Excel,https://coal.gov.in/sites/default/files/2024-03/cdchap6.xlsx
source_reference,"{""0"": null, ""1"": 339.0, ""2"": ""WBPDCL_GB"", ""3"": null, ""4"": ""Gangaramchak Bhadulia"", ""5"": ""WB"", ""6"": null, ""7"": ""D"", ""8"": ""C"", ""9"": 0, ""10"": 0, ""11"": 0, ""12"": 1424.4463500000002, ""13"": 1424.4463500000002, ""14"": null, ""15"": null, ""16"": null, ""17"": null, ""18"": null, ""19"": null, ""20"": null, ""21"": null, ""22"": null, ""23"": null, ""24"": null, ""25"": null, ""26"": null, ""27"": null, ""28"": null, ""29"": null, ""30"": null}",394,tab1a2021-link_m,coal-statistics-download-excel-7,coal_statistics,Download Excel,https://coal.gov.in/sites/default/files/2024-03/cdchap6.xlsx
source_reference,"{""0"": null, ""1"": 400.0, ""2"": ""WBPDCL_GB"", ""3"": null, ""4"": ""Gangaramchak Bhadulia"", ""5"": ""WB"", ""6"": null, ""7"": ""F"", ""8"": ""C"", ""9"": 0, ""10"": 0, ""11"": 0, ""12"": 1424.4463500000002, ""13"": 1424.4463500000002, ""14"": null, ""15"": null, ""16"": null, ""17"": null, ""18"": null, ""19"": null, ""20"": null, ""21"": null, ""22"": null, ""23"": null, ""24"": null, ""25"": null, ""26"": null, ""27"": null, ""28"": null, ""29"": null, ""30"": null}",395,tab1a2021-link_m,coal-statistics-download-excel-7,coal_statistics,Download Excel,https://coal.gov.in/sites/default/files/2024-03/cdchap6.xlsx
source_reference,"{""0"": null, ""1"": 401.0, ""2"": ""WBPDCL_GB"", ""3"": null, ""4"": ""Gangaramchak Bhadulia"", ""5"": ""WB"", ""6"": null, ""7"": ""S"", ""8"": ""C"", ""9"": null, ""10"": 0, ""11"": 0, ""12"": 529.88433, ""13"": 529.88433, ""14"": null, ""15"": null, ""16"": null, ""17"": null, ""18"": null, ""19"": null, ""20"": null, ""21"": null, ""22"": null, ""23"": null, ""24"": null, ""25"": null, ""26"": null, ""27"": null, ""28"": null, ""29"": null, ""30"": null}",396,tab1a2021-link_m,coal-statistics-download-excel-7,coal_statistics,Download Excel,https://coal.gov.in/sites/default/files/2024-03/cdchap6.xlsx
source_reference,"{""0"": null, ""1"": 402.0, ""2"": ""WBPDCL_GB"", ""3"": null, ""4"": ""Gangaramchak Bhadulia"", ""5"": ""WB"", ""6"": null, ""7"": ""V"", ""8"": ""C"", ""9"": null, ""10"": null, ""11"": 0, ""12"": 0, ""13"": 0, ""14"": null, ""15"": null, ""16"": 0, ""17"": null, ""18"": null, ""19"": null, ""20"": null, ""21"": null, ""22"": null, ""23"": null, ""24"": null, ""25"": null, ""26"": null, ""27"": null, ""28"": null, ""29"": null, ""30"": null}",397,tab1a2021-link_m,coal-statistics-download-excel-7,coal_statistics,Download Excel,https://coal.gov.in/sites/default/files/2024-03/cdchap6.xlsx
source_reference,"{""0"": null, ""1"": 337.0, ""2"": ""CSPGCL"", ""3"": null, ""4"": ""GP/S-III"", ""5"": ""CHG"", ""6"": null, ""7"": ""O"", ""8"": ""C"", ""9"": 0, ""10"": 0, ""11"": 0, ""12"": 492, ""13"": 492, ""14"": null, ""15"": null, ""16"": null, ""17"": null, ""18"": null, ""19"": null, ""20"": null, ""21"": null, ""22"": null, ""23"": null, ""24"": null, ""25"": null, ""26"": null, ""27"": null, ""28"": null, ""29"": null, ""30"": null}",398,tab1a2021-link_m,coal-statistics-download-excel-7,coal_statistics,Download Excel,https://coal.gov.in/sites/default/files/2024-03/cdchap6.xlsx
source_reference,"{""0"": null, ""1"": 338.0, ""2"": ""CSPGCL"", ""3"": null, ""4"": ""GP/S-III"", ""5"": ""CHG"", ""6"": null, ""7"": ""P"", ""8"": ""C"", ""9"": 0, ""10"": 0, ""11"": 0, ""12"": 1502, ""13"": 1502, ""14"": null, ""15"": null, ""16"": null, ""17"": null, ""18"": null, ""19"": null, ""20"": null, ""21"": null, ""22"": null, ""23"": null, ""24"": null, ""25"": null, ""26"": null, ""27"": null, ""28"": null, ""29"": null, ""30"": null}",399,tab1a2021-link_m,coal-statistics-download-excel-7,coal_statistics,Download Excel,https://coal.gov.in/sites/default/files/2024-03/cdchap6.xlsx
source_reference,"{""0"": null, ""1"": 339.0, ""2"": ""CSPGCL"", ""3"": null, ""4"": ""GP/S-III"", ""5"": ""CHG"", ""6"": null, ""7"": ""D"", ""8"": ""C"", ""9"": 0, ""10"": 0, ""11"": 0, ""12"": 1660, ""13"": 1660, ""14"": null, ""15"": null, ""16"": null, ""17"": null, ""18"": null, ""19"": null, ""20"": null, ""21"": null, ""22"": null, ""23"": null, ""24"": null, ""25"": null, ""26"": null, ""27"": null, ""28"": null, ""29"": null, ""30"": null}",400,tab1a2021-link_m,coal-statistics-download-excel-7,coal_statistics,Download Excel,https://coal.gov.in/sites/default/files/2024-03/cdchap6.xlsx
source_reference,"{""0"": null, ""1"": 400.0, ""2"": ""CSPGCL"", ""3"": null, ""4"": ""GP/S-III"", ""5"": ""CHG"", ""6"": null, ""7"": ""F"", ""8"": ""C"", ""9"": 0, ""10"": 0, ""11"": 0, ""12"": 1660, ""13"": 1660, ""14"": null, ""15"": null, ""16"": null, ""17"": null, ""18"": null, ""19"": null, ""20"": null, ""21"": null, ""22"": null, ""23"": null, ""24"": null, ""25"": null, ""26"": null, ""27"": null, ""28"": null, ""29"": null, ""30"": null}",401,tab1a2021-link_m,coal-statistics-download-excel-7,coal_statistics,Download Excel,https://coal.gov.in/sites/default/files/2024-03/cdchap6.xlsx
source_reference,"{""0"": null, ""1"": 401.0, ""2"": ""CSPGCL"", ""3"": null, ""4"": ""GP/S-III"", ""5"": ""CHG"", ""6"": null, ""7"": ""S"", ""8"": ""C"", ""9"": null, ""10"": 0, ""11"": 0, ""12"": 334, ""13"": 334, ""14"": null, ""15"": null, ""16"": null, ""17"": null, ""18"": null, ""19"": null, ""20"": null, ""21"": null, ""22"": null, ""23"": null, ""24"": null, ""25"": null, ""26"": null, ""27"": null, ""28"": null, ""29"": null, ""30"": null}",402,tab1a2021-link_m,coal-statistics-download-excel-7,coal_statistics,Download Excel,https://coal.gov.in/sites/default/files/2024-03/cdchap6.xlsx
source_reference,"{""0"": null, ""1"": 402.0, ""2"": ""CSPGCL"", ""3"": null, ""4"": ""GP/S-III"", ""5"": ""CHG"", ""6"": null, ""7"": ""V"", ""8"": ""C"", ""9"": null, ""10"": null, ""11"": 0, ""12"": 0, ""13"": 0, ""14"": null, ""15"": null, ""16"": 0, ""17"": null, ""18"": null, ""19"": null, ""20"": null, ""21"": null, ""22"": null, ""23"": null, ""24"": null, ""25"": null, ""26"": null, ""27"": null, ""28"": null, ""29"": null, ""30"": null}",403,tab1a2021-link_m,coal-statistics-download-excel-7,coal_statistics,Download Excel,https://coal.gov.in/sites/default/files/2024-03/cdchap6.xlsx
source_reference,"{""0"": null, ""1"": 313.0, ""2"": ""NTPC_TP"", ""3"": null, ""4"": ""Tallipalli"", ""5"": ""CHG"", ""6"": null, ""7"": ""O"", ""8"": ""C"", ""9"": 0, ""10"": 0, ""11"": 0, ""12"": 190, ""13"": 190, ""14"": null, ""15"": null, ""16"": null, ""17"": null, ""18"": null, ""19"": null, ""20"": null, ""21"": null, ""22"": null, ""23"": 0.0, ""24"": null, ""25"": null, ""26"": null, ""27"": null, ""28"": null, ""29"": null, ""30"": null}",404,tab1a2021-link_m,coal-statistics-download-excel-7,coal_statistics,Download Excel,https://coal.gov.in/sites/default/files/2024-03/cdchap6.xlsx
source_reference,"{""0"": null, ""1"": 314.0, ""2"": ""NTPC_TP"", ""3"": null, ""4"": ""Tallipalli"", ""5"": ""CHG"", ""6"": null, ""7"": ""P"", ""8"": ""C"", ""9"": 0, ""10"": 0, ""11"": 0, ""12"": 812, ""13"": 812, ""14"": null, ""15"": null, ""16"": null, ""17"": null, ""18"": null, ""19"": null, ""20"": null, ""21"": null, ""22"": null, ""23"": 0.0, ""24"": null, ""25"": null, ""26"": null, ""27"": null, ""28"": null, ""29"": null, ""30"": null}",405,tab1a2021-link_m,coal-statistics-download-excel-7,coal_statistics,Download Excel,https://coal.gov.in/sites/default/files/2024-03/cdchap6.xlsx
source_reference,"{""0"": null, ""1"": 315.0, ""2"": ""NTPC_TP"", ""3"": null, ""4"": ""Tallipalli"", ""5"": ""CHG"", ""6"": null, ""7"": ""D"", ""8"": ""C"", ""9"": 0, ""10"": 0, ""11"": 0, ""12"": 901, ""13"": 901, ""14"": null, ""15"": null, ""16"": null, ""17"": null, ""18"": null, ""19"": null, ""20"": null, ""21"": null, ""22"": null, ""23"": 0.0, ""24"": null, ""25"": null, ""26"": null, ""27"": null, ""28"": null, ""29"": null, ""30"": null}",406,tab1a2021-link_m,coal-statistics-download-excel-7,coal_statistics,Download Excel,https://coal.gov.in/sites/default/files/2024-03/cdchap6.xlsx
source_reference,"{""0"": null, ""1"": 316.0, ""2"": ""NTPC_TP"", ""3"": null, ""4"": ""Tallipalli"", ""5"": ""CHG"", ""6"": null, ""7"": ""F"", ""8"": ""C"", ""9"": 0, ""10"": 0, ""11"": 0, ""12"": 901, ""13"": 901, ""14"": null, ""15"": null, ""16"": null, ""17"": null, ""18"": null, ""19"": null, ""20"": null, ""21"": null, ""22"": null, ""23"": 0.0, ""24"": null, ""25"": null, ""26"": null, ""27"": null, ""28"": null, ""29"": null, ""30"": null}",407,tab1a2021-link_m,coal-statistics-download-excel-7,coal_statistics,Download Excel,https://coal.gov.in/sites/default/files/2024-03/cdchap6.xlsx
source_reference,"{""0"": null, ""1"": 317.0, ""2"": ""NTPC_TP"", ""3"": null, ""4"": ""Tallipalli"", ""5"": ""CHG"", ""6"": null, ""7"": ""S"", ""8"": ""C"", ""9"": 0, ""10"": 0, ""11"": 0, ""12"": 101, ""13"": 101, ""14"": null, ""15"": null, ""16"": null, ""17"": null, ""18"": null, ""19"": null, ""20"": null, ""21"": null, ""22"": null, ""23"": 0.0, ""24"": null, ""25"": null, ""26"": null, ""27"": null, ""28"": null, ""29"": null, ""30"": null}",408,tab1a2021-link_m,coal-statistics-download-excel-7,coal_statistics,Download Excel,https://coal.gov.in/sites/default/files/2024-03/cdchap6.xlsx
source_reference,"{""0"": null, ""1"": 318.0, ""2"": ""NTPC_TP"", ""3"": null, ""4"": ""Tallipalli"", ""5"": ""CHG"", ""6"": null, ""7"": ""V"", ""8"": ""C"", ""9"": 0, ""10"": 0, ""11"": 0, ""12"": 729319, ""13"": 729319, ""14"": null, ""15"": null, ""16"": 898.1761083743843, ""17"": null, ""18"": null, ""19"": null, ""20"": null, ""21"": null, ""22"": null, ""23"": 0.0, ""24"": null, ""25"": null, ""26"": null, ""27"": null, ""28"": null, ""29"": null, ""30"": null}",409,tab1a2021-link_m,coal-statistics-download-excel-7,coal_statistics,Download Excel,https://coal.gov.in/sites/default/files/2024-03/cdchap6.xlsx
source_reference,"{""0"": null, ""1"": 337.0, ""2"": ""OCPL"", ""3"": null, ""4"": ""Manoharpur"", ""5"": ""ODI"", ""6"": null, ""7"": ""O"", ""8"": ""C"", ""9"": 0, ""10"": 0, ""11"": 0, ""12"": 488, ""13"": 488, ""14"": null, ""15"": null, ""16"": null, ""17"": null, ""18"": null, ""19"": null, ""20"": null, ""21"": null, ""22"": null, ""23"": null, ""24"": null, ""25"": null, ""26"": null, ""27"": null, ""28"": null, ""29"": null, ""30"": null}",410,tab1a2021-link_m,coal-statistics-download-excel-7,coal_statistics,Download Excel,https://coal.gov.in/sites/default/files/2024-03/cdchap6.xlsx
source_reference,"{""0"": null, ""1"": 338.0, ""2"": ""OCPL"", ""3"": null, ""4"": ""Manoharpur"", ""5"": ""ODI"", ""6"": null, ""7"": ""P"", ""8"": ""C"", ""9"": 0, ""10"": 0, ""11"": 0, ""12"": 1995, ""13"": 1995, ""14"": null, ""15"": null, ""16"": null, ""17"": null, ""18"": null, ""19"": null, ""20"": null, ""21"": null, ""22"": null, ""23"": null, ""24"": null, ""25"": null, ""26"": null, ""27"": null, ""28"": null, ""29"": null, ""30"": null}",411,tab1a2021-link_m,coal-statistics-download-excel-7,coal_statistics,Download Excel,https://coal.gov.in/sites/default/files/2024-03/cdchap6.xlsx
source_reference,"{""0"": null, ""1"": 339.0, ""2"": ""OCPL"", ""3"": null, ""4"": ""Manoharpur"", ""5"": ""ODI"", ""6"": null, ""7"": ""D"", ""8"": ""C"", ""9"": 0, ""10"": 0, ""11"": 0, ""12"": 1803, ""13"": 1803, ""14"": null, ""15"": null, ""16"": null, ""17"": null, ""18"": null, ""19"": null, ""20"": null, ""21"": null, ""22"": null, ""23"": null, ""24"": null, ""25"": null, ""26"": null, ""27"": null, ""28"": null, ""29"": null, ""30"": null}",412,tab1a2021-link_m,coal-statistics-download-excel-7,coal_statistics,Download Excel,https://coal.gov.in/sites/default/files/2024-03/cdchap6.xlsx
source_reference,"{""0"": null, ""1"": 400.0, ""2"": ""OCPL"", ""3"": null, ""4"": ""Manoharpur"", ""5"": ""ODI"", ""6"": null, ""7"": ""F"", ""8"": ""C"", ""9"": 0, ""10"": 0, ""11"": 0, ""12"": 1803, ""13"": 1803, ""14"": null, ""15"": null, ""16"": null, ""17"": null, ""18"": null, ""19"": null, ""20"": null, ""21"": null, ""22"": null, ""23"": null, ""24"": null, ""25"": null, ""26"": null, ""27"": null, ""28"": null, ""29"": null, ""30"": null}",413,tab1a2021-link_m,coal-statistics-download-excel-7,coal_statistics,Download Excel,https://coal.gov.in/sites/default/files/2024-03/cdchap6.xlsx
source_reference,"{""0"": null, ""1"": 401.0, ""2"": ""OCPL"", ""3"": null, ""4"": ""Manoharpur"", ""5"": ""ODI"", ""6"": null, ""7"": ""S"", ""8"": ""C"", ""9"": null, ""10"": 0, ""11"": 0, ""12"": 724, ""13"": 724, ""14"": null, ""15"": null, ""16"": null, ""17"": null, ""18"": null, ""19"": null, ""20"": null, ""21"": null, ""22"": null, ""23"": null, ""24"": null, ""25"": null, ""26"": null, ""27"": null, ""28"": null, ""29"": null, ""30"": null}",414,tab1a2021-link_m,coal-statistics-download-excel-7,coal_statistics,Download Excel,https://coal.gov.in/sites/default/files/2024-03/cdchap6.xlsx
source_reference,"{""0"": null, ""1"": 402.0, ""2"": ""OCPL"", ""3"": null, ""4"": ""Manoharpur"", ""5"": ""ODI"", ""6"": null, ""7"": ""V"", ""8"": ""C"", ""9"": null, ""10"": null, ""11"": 0, ""12"": 0, ""13"": 0, ""14"": null, ""15"": null, ""16"": 0, ""17"": null, ""18"": null, ""19"": null, ""20"": null, ""21"": null, ""22"": null, ""23"": null, ""24"": null, ""25"": null, ""26"": null, ""27"": null, ""28"": null, ""29"": null, ""30"": null}",415,tab1a2021-link_m,coal-statistics-download-excel-7,coal_statistics,Download Excel,https://coal.gov.in/sites/default/files/2024-03/cdchap6.xlsx
source_reference,"{""0"": null, ""1"": 337.0, ""2"": ""DPL"", ""3"": null, ""4"": ""Trans Damodar"", ""5"": ""WB"", ""6"": null, ""7"": ""O"", ""8"": ""C"", ""9"": 0, ""10"": 0, ""11"": 0, ""12"": 0, ""13"": 0, ""14"": null, ""15"": null, ""16"": null, ""17"": null, ""18"": null, ""19"": null, ""20"": null, ""21"": null, ""22"": null, ""23"": null, ""24"": null, ""25"": null, ""26"": null, ""27"": null, ""28"": null, ""29"": null, ""30"": null}",416,tab1a2021-link_m,coal-statistics-download-excel-7,coal_statistics,Download Excel,https://coal.gov.in/sites/default/files/2024-03/cdchap6.xlsx
source_reference,"{""0"": null, ""1"": 338.0, ""2"": ""DPL"", ""3"": null, ""4"": ""Trans Damodar"", ""5"": ""WB"", ""6"": null, ""7"": ""P"", ""8"": ""C"", ""9"": 0, ""10"": 0, ""11"": 0, ""12"": 67, ""13"": 67, ""14"": null, ""15"": null, ""16"": null, ""17"": null, ""18"": null, ""19"": null, ""20"": null, ""21"": null, ""22"": null, ""23"": null, ""24"": null, ""25"": null, ""26"": null, ""27"": null, ""28"": null, ""29"": null, ""30"": null}",417,tab1a2021-link_m,coal-statistics-download-excel-7,coal_statistics,Download Excel,https://coal.gov.in/sites/default/files/2024-03/cdchap6.xlsx
source_reference,"{""0"": null, ""1"": 339.0, ""2"": ""DPL"", ""3"": null, ""4"": ""Trans Damodar"", ""5"": ""WB"", ""6"": null, ""7"": ""D"", ""8"": ""C"", ""9"": 0, ""10"": 0, ""11"": 0, ""12"": 24, ""13"": 24, ""14"": null, ""15"": null, ""16"": null, ""17"": null, ""18"": null, ""19"": null, ""20"": null, ""21"": null, ""22"": null, ""23"": null, ""24"": null, ""25"": null, ""26"": null, ""27"": null, ""28"": null, ""29"": null, ""30"": null}",418,tab1a2021-link_m,coal-statistics-download-excel-7,coal_statistics,Download Excel,https://coal.gov.in/sites/default/files/2024-03/cdchap6.xlsx
source_reference,"{""0"": null, ""1"": 400.0, ""2"": ""DPL"", ""3"": null, ""4"": ""Trans Damodar"", ""5"": ""WB"", ""6"": null, ""7"": ""F"", ""8"": ""C"", ""9"": 0, ""10"": 0, ""11"": 0, ""12"": 0, ""13"": 0, ""14"": null, ""15"": null, ""16"": null, ""17"": null, ""18"": null, ""19"": null, ""20"": null, ""21"": null, ""22"": null, ""23"": null, ""24"": null, ""25"": null, ""26"": null, ""27"": null, ""28"": null, ""29"": null, ""30"": null}",419,tab1a2021-link_m,coal-statistics-download-excel-7,coal_statistics,Download Excel,https://coal.gov.in/sites/default/files/2024-03/cdchap6.xlsx
source_reference,"{""0"": null, ""1"": 401.0, ""2"": ""DPL"", ""3"": null, ""4"": ""Trans Damodar"", ""5"": ""WB"", ""6"": null, ""7"": ""S"", ""8"": ""C"", ""9"": null, ""10"": 0, ""11"": 0, ""12"": 43, ""13"": 43, ""14"": null, ""15"": null, ""16"": null, ""17"": null, ""18"": null, ""19"": null, ""20"": null, ""21"": null, ""22"": null, ""23"": null, ""24"": null, ""25"": null, ""26"": null, ""27"": null, ""28"": null, ""29"": null, ""30"": null}",420,tab1a2021-link_m,coal-statistics-download-excel-7,coal_statistics,Download Excel,https://coal.gov.in/sites/default/files/2024-03/cdchap6.xlsx
source_reference,"{""0"": null, ""1"": 402.0, ""2"": ""DPL"", ""3"": null, ""4"": ""Trans Damodar"", ""5"": ""WB"", ""6"": null, ""7"": ""V"", ""8"": ""C"", ""9"": null, ""10"": null, ""11"": 0, ""12"": 0, ""13"": 0, ""14"": null, ""15"": null, ""16"": 0, ""17"": null, ""18"": null, ""19"": null, ""20"": null, ""21"": null, ""22"": null, ""23"": null, ""24"": null, ""25"": null, ""26"": null, ""27"": null, ""28"": null, ""29"": null, ""30"": null}",421,tab1a2021-link_m,coal-statistics-download-excel-7,coal_statistics,Download Excel,https://coal.gov.in/sites/default/files/2024-03/cdchap6.xlsx
source_reference,"{""0"": null, ""1"": 337.0, ""2"": ""NLCL_T-II&III"", ""3"": null, ""4"": ""Talabira II & III"", ""5"": ""ODI"", ""6"": null, ""7"": ""O"", ""8"": ""C"", ""9"": 0, ""10"": 0, ""11"": 0, ""12"": 0, ""13"": 0, ""14"": null, ""15"": null, ""16"": null, ""17"": null, ""18"": null, ""19"": null, ""20"": null, ""21"": null, ""22"": null, ""23"": null, ""24"": null, ""25"": null, ""26"": null, ""27"": null, ""28"": null, ""29"": null, ""30"": null}",422,tab1a2021-link_m,coal-statistics-download-excel-7,coal_statistics,Download Excel,https://coal.gov.in/sites/default/files/2024-03/cdchap6.xlsx
source_reference,"{""0"": null, ""1"": 338.0, ""2"": ""NLCL_T-II&III"", ""3"": null, ""4"": ""Talabira II & III"", ""5"": ""ODI"", ""6"": null, ""7"": ""P"", ""8"": ""C"", ""9"": 0, ""10"": 0, ""11"": 0, ""12"": 1013, ""13"": 1013, ""14"": null, ""15"": null, ""16"": null, ""17"": null, ""18"": null, ""19"": null, ""20"": null, ""21"": null, ""22"": null, ""23"": null, ""24"": null, ""25"": null, ""26"": null, ""27"": null, ""28"": null, ""29"": null, ""30"": null}",423,tab1a2021-link_m,coal-statistics-download-excel-7,coal_statistics,Download Excel,https://coal.gov.in/sites/default/files/2024-03/cdchap6.xlsx
source_reference,"{""0"": null, ""1"": 339.0, ""2"": ""NLCL_T-II&III"", ""3"": null, ""4"": ""Talabira II & III"", ""5"": ""ODI"", ""6"": null, ""7"": ""D"", ""8"": ""C"", ""9"": 0, ""10"": 0, ""11"": 0, ""12"": 700, ""13"": 700, ""14"": null, ""15"": null, ""16"": null, ""17"": null, ""18"": null, ""19"": null, ""20"": null, ""21"": null, ""22"": null, ""23"": null, ""24"": null, ""25"": null, ""26"": null, ""27"": null, ""28"": null, ""29"": null, ""30"": null}",424,tab1a2021-link_m,coal-statistics-download-excel-7,coal_statistics,Download Excel,https://coal.gov.in/sites/default/files/2024-03/cdchap6.xlsx
source_reference,"{""0"": null, ""1"": 400.0, ""2"": ""NLCL_T-II&III"", ""3"": null, ""4"": ""Talabira II & III"", ""5"": ""ODI"", ""6"": null, ""7"": ""F"", ""8"": ""C"", ""9"": 0, ""10"": 0, ""11"": 0, ""12"": 700, ""13"": 700, ""14"": null, ""15"": null, ""16"": null, ""17"": null, ""18"": null, ""19"": null, ""20"": null, ""21"": null, ""22"": null, ""23"": null, ""24"": null, ""25"": null, ""26"": null, ""27"": null, ""28"": null, ""29"": null, ""30"": null}",425,tab1a2021-link_m,coal-statistics-download-excel-7,coal_statistics,Download Excel,https://coal.gov.in/sites/default/files/2024-03/cdchap6.xlsx
source_reference,"{""0"": null, ""1"": 401.0, ""2"": ""NLCL_T-II&III"", ""3"": null, ""4"": ""Talabira II & III"", ""5"": ""ODI"", ""6"": null, ""7"": ""S"", ""8"": ""C"", ""9"": null, ""10"": 0, ""11"": 0, ""12"": 313, ""13"": 313, ""14"": null, ""15"": null, ""16"": null, ""17"": null, ""18"": null, ""19"": null, ""20"": null, ""21"": null, ""22"": null, ""23"": null, ""24"": null, ""25"": null, ""26"": null, ""27"": null, ""28"": null, ""29"": null, ""30"": null}",426,tab1a2021-link_m,coal-statistics-download-excel-7,coal_statistics,Download Excel,https://coal.gov.in/sites/default/files/2024-03/cdchap6.xlsx
source_reference,"{""0"": null, ""1"": 402.0, ""2"": ""NLCL_T-II&III"", ""3"": null, ""4"": ""Talabira II & III"", ""5"": ""ODI"", ""6"": null, ""7"": ""V"", ""8"": ""C"", ""9"": null, ""10"": null, ""11"": 0, ""12"": 0, ""13"": 0, ""14"": null, ""15"": null, ""16"": 0, ""17"": null, ""18"": null, ""19"": null, ""20"": null, ""21"": null, ""22"": null, ""23"": null, ""24"": null, ""25"": null, ""26"": null, ""27"": null, ""28"": null, ""29"": null, ""30"": null}",427,tab1a2021-link_m,coal-statistics-download-excel-7,coal_statistics,Download Excel,https://coal.gov.in/sites/default/files/2024-03/cdchap6.xlsx
source_reference,"{""0"": null, ""1"": null, ""2"": ""COMPANY WISE STATEWISE RAW COAL"", ""3"": null, ""4"": null, ""5"": null, ""6"": null, ""7"": null, ""8"": null, ""9"": null, ""10"": null, ""11"": null, ""12"": null, ""13"": null, ""14"": null, ""15"": null, ""16"": null, ""17"": null, ""18"": null, ""19"": null, ""20"": null, ""21"": null, ""22"": null, ""23"": null, ""24"": null, ""25"": null, ""26"": null, ""27"": null, ""28"": null, ""29"": null, ""30"": null}",428,tab1a2021-link_m,coal-statistics-download-excel-7,coal_statistics,Download Excel,https://coal.gov.in/sites/default/files/2024-03/cdchap6.xlsx
source_reference,"{""0"": null, ""1"": null, ""2"": ""company"", ""3"": null, ""4"": null, ""5"": ""state"", ""6"": null, ""7"": ""D"", ""8"": ""C"", ""9"": ""met"", ""10"": ""nmet"", ""11"": ""ckg"", ""12"": ""nckg"", ""13"": ""traw"", ""14"": ""pub/pvt"", ""15"": ""capt/ncapt"", ""16"": ""Share"", ""17"": ""ckg"", ""18"": ""nckg"", ""19"": ""traw"", ""20"": ""ckg"", ""21"": ""nckg"", ""22"": ""traw"", ""23"": null, ""24"": null, ""25"": null, ""26"": null, ""27"": null, ""28"": null, ""29"": null, ""30"": null}",429,tab1a2021-link_m,coal-statistics-download-excel-7,coal_statistics,Download Excel,https://coal.gov.in/sites/default/files/2024-03/cdchap6.xlsx
source_reference,"{""0"": null, ""1"": null, ""2"": ""ECL"", ""3"": null, ""4"": ""ECL"", ""5"": ""JKD"", ""6"": null, ""7"": ""D"", ""8"": ""C"", ""9"": 0, ""10"": 18, ""11"": 18, ""12"": 16716, ""13"": 16734, ""14"": ""pub"", ""15"": ""ncpt"", ""16"": 0.02422102194562476, ""17"": 26, ""18"": 21209, ""19"": 21235, ""20"": 0.6923076923076923, ""21"": 0.7881559715215238, ""22"": 0.7880386154932894, ""23"": 0.0, ""24"": null, ""25"": null, ""26"": null, ""27"": null, ""28"": null, ""29"": null, ""30"": null}",430,tab1a2021-link_m,coal-statistics-download-excel-7,coal_statistics,Download Excel,https://coal.gov.in/sites/default/files/2024-03/cdchap6.xlsx
source_reference,"{""0"": null, ""1"": null, ""2"": ""ECL"", ""3"": null, ""4"": ""ECL"", ""5"": ""WB"", ""6"": null, ""7"": ""D"", ""8"": ""C"", ""9"": 0, ""10"": 0, ""11"": 0, ""12"": 25128, ""13"": 25128, ""14"": ""pub"", ""15"": ""ncpt"", ""16"": 0.03637061309009555, ""17"": 0, ""18"": 29166, ""19"": 29166, ""20"": null, ""21"": 0.8615511211684839, ""22"": 0.8615511211684839, ""23"": 0.0, ""24"": null, ""25"": null, ""26"": null, ""27"": null, ""28"": null, ""29"": null, ""30"": null}",431,tab1a2021-link_m,coal-statistics-download-excel-7,coal_statistics,Download Excel,https://coal.gov.in/sites/default/files/2024-03/cdchap6.xlsx
source_reference,"{""0"": null, ""1"": null, ""2"": ""BCCL"", ""3"": null, ""4"": ""BCCL"", ""5"": ""JKD"", ""6"": null, ""7"": ""D"", ""8"": ""C"", ""9"": 22113, ""10"": 0, ""11"": 22113, ""12"": 1039, ""13"": 23152, ""14"": ""pub"", ""15"": ""ncpt"", ""16"": 0.033510523490205835, ""17"": 25801, ""18"": 1784, ""19"": 27585, ""20"": 0.8570598038835704, ""21"": 0.5823991031390134, ""22"": 0.8392967192314664, ""23"": 0.0, ""24"": null, ""25"": null, ""26"": null, ""27"": null, ""28"": null, ""29"": null, ""30"": null}",432,tab1a2021-link_m,coal-statistics-download-excel-7,coal_statistics,Download Excel,https://coal.gov.in/sites/default/files/2024-03/cdchap6.xlsx
source_reference,"{""0"": null, ""1"": null, ""2"": ""BCCL"", ""3"": null, ""4"": ""BCCL"", ""5"": ""WB"", ""6"": null, ""7"": ""D"", ""8"": ""C"", ""9"": 0, ""10"": 0, ""11"": 0, ""12"": 18, ""13"": 18, ""14"": ""pub"", ""15"": ""ncpt"", ""16"": 2.6053447772274753e-05, ""17"": 144, ""18"": 0, ""19"": 144, ""20"": 0, ""21"": null, ""22"": 0.125, ""23"": 0.0, ""24"": null, ""25"": null, ""26"": null, ""27"": null, ""28"": null, ""29"": null, ""30"": null}",433,tab1a2021-link_m,coal-statistics-download-excel-7,coal_statistics,Download Excel,https://coal.gov.in/sites/default/files/2024-03/cdchap6.xlsx
source_reference,"{""0"": null, ""1"": null, ""2"": ""CCL"", ""3"": null, ""4"": ""CCL"", ""5"": ""JKD"", ""6"": null, ""7"": ""D"", ""8"": ""C"", ""9"": 1515, ""10"": 13958, ""11"": 15473, ""12"": 49927, ""13"": 65400, ""14"": ""pub"", ""15"": ""ncpt"", ""16"": 0.09466086023926494, ""17"": 20027, ""18"": 46862, ""19"": 66889, ""20"": 0.7726069805762221, ""21"": 1.0654048055994196, ""22"": 0.9777392396358145, ""23"": 0.0, ""24"": null, ""25"": null, ""26"": null, ""27"": null, ""28"": null, ""29"": null, ""30"": null}",434,tab1a2021-link_m,coal-statistics-download-excel-7,coal_statistics,Download Excel,https://coal.gov.in/sites/default/files/2024-03/cdchap6.xlsx
source_reference,"{""0"": null, ""1"": null, ""2"": ""NCL"", ""3"": null, ""4"": ""NCL"", ""5"": ""MP"", ""6"": null, ""7"": ""D"", ""8"": ""C"", ""9"": 0, ""10"": 0, ""11"": 0, ""12"": 70289, ""13"": 70289, ""14"": ""pub"", ""15"": ""ncpt"", ""16"": 0.10173726613696778, ""17"": 0, ""18"": 90023, ""19"": 90023, ""20"": null, ""21"": 0.7807893538317986, ""22"": 0.7807893538317986, ""23"": 0.0, ""24"": null, ""25"": null, ""26"": null, ""27"": null, ""28"": null, ""29"": null, ""30"": null}",435,tab1a2021-link_m,coal-statistics-download-excel-7,coal_statistics,Download Excel,https://coal.gov.in/sites/default/files/2024-03/cdchap6.xlsx
source_reference,"{""0"": null, ""1"": null, ""2"": ""NCL"", ""3"": null, ""4"": ""NCL"", ""5"": ""UP"", ""6"": null, ""7"": ""D"", ""8"": ""C"", ""9"": 0, ""10"": 0, ""11"": 0, ""12"": 38355, ""13"": 38355, ""14"": ""pub"", ""15"": ""ncpt"", ""16"": 0.05551555496142212, ""17"": 0, ""18"": 18030, ""19"": 18030, ""20"": null, ""21"": 2.127287853577371, ""22"": 2.127287853577371, ""23"": 0.0, ""24"": null, ""25"": null, ""26"": null, ""27"": null, ""28"": null, ""29"": null, ""30"": null}",436,tab1a2021-link_m,coal-statistics-download-excel-7,coal_statistics,Download Excel,https://coal.gov.in/sites/default/files/2024-03/cdchap6.xlsx
source_reference,"{""0"": null, ""1"": null, ""2"": ""WCL"", ""3"": null, ""4"": ""WCL"", ""5"": ""MP"", ""6"": null, ""7"": ""D"", ""8"": ""C"", ""9"": 0, ""10"": 184, ""11"": 184, ""12"": 3146, ""13"": 3330, ""14"": ""pub"", ""15"": ""ncpt"", ""16"": 0.004819887837870829, ""17"": 178, ""18"": 3268, ""19"": 3446, ""20"": 1.0337078651685394, ""21"": 0.9626682986536108, ""22"": 0.9663377829367382, ""23"": 0.0, ""24"": null, ""25"": null, ""26"": null, ""27"": null, ""28"": null, ""29"": null, ""30"": null}",437,tab1a2021-link_m,coal-statistics-download-excel-7,coal_statistics,Download Excel,https://coal.gov.in/sites/default/files/2024-03/cdchap6.xlsx
source_reference,"{""0"": null, ""1"": null, ""2"": ""WCL"", ""3"": null, ""4"": ""WCL"", ""5"": ""MAH"", ""6"": null, ""7"": ""D"", ""8"": ""C"", ""9"": 0, ""10"": 0, ""11"": 0, ""12"": 46358, ""13"": 46358, ""14"": ""pub"", ""15"": ""ncpt"", ""16"": 0.0670992073237285, ""17"": 0, ""18"": 54190, ""19"": 54190, ""20"": null, ""21"": 0.8554714892046503, ""22"": 0.8554714892046503, ""23"": 0.0, ""24"": null, ""25"": null, ""26"": null, ""27"": null, ""28"": null, ""29"": null, ""30"": null}",438,tab1a2021-link_m,coal-statistics-download-excel-7,coal_statistics,Download Excel,https://coal.gov.in/sites/default/files/2024-03/cdchap6.xlsx
source_reference,"{""0"": null, ""1"": null, ""2"": ""SECL"", ""3"": null, ""4"": ""SECL"", ""5"": ""MP"", ""6"": null, ""7"": ""D"", ""8"": ""C"", ""9"": 0, ""10"": 0, ""11"": 0, ""12"": 10724, ""13"": 10724, ""14"": ""pub"", ""15"": ""ncpt"", ""16"": 0.015522065217215247, ""17"": 0, ""18"": 10575, ""19"": 10575, ""20"": null, ""21"": 1.0140898345153664, ""22"": 1.0140898345153664, ""23"": 0.0, ""24"": null, ""25"": null, ""26"": null, ""27"": null, ""28"": null, ""29"": null, ""30"": null}",439,tab1a2021-link_m,coal-statistics-download-excel-7,coal_statistics,Download Excel,https://coal.gov.in/sites/default/files/2024-03/cdchap6.xlsx
source_reference,"{""0"": null, ""1"": null, ""2"": ""SECL"", ""3"": null, ""4"": ""SECL"", ""5"": ""CHG"", ""6"": null, ""7"": ""D"", ""8"": ""C"", ""9"": 0, ""10"": 271, ""11"": 271, ""12"": 124528, ""13"": 124799, ""14"": ""pub"", ""15"": ""ncpt"", ""16"": 0.1806357904740065, ""17"": 250, ""18"": 136300, ""19"": 136550, ""20"": 1.084, ""21"": 0.9136316947909024, ""22"": 0.9139436103991212, ""23"": 0.0, ""24"": null, ""25"": null, ""26"": null, ""27"": null, ""28"": null, ""29"": null, ""30"": null}",440,tab1a2021-link_m,coal-statistics-download-excel-7,coal_statistics,Download Excel,https://coal.gov.in/sites/default/files/2024-03/cdchap6.xlsx
source_reference,"{""0"": null, ""1"": null, ""2"": ""SECL(GP-IV/2&3)"", ""3"": null, ""4"": ""Gare Palma IV/2 & 3"", ""5"": ""CHG"", ""6"": null, ""7"": ""D"", ""8"": ""C"", ""9"": 0, ""10"": 0, ""11"": 0, ""12"": 3241, ""13"": 3241, ""14"": ""pub"", ""15"": ""capt"", ""16"": 0.004691068012774582, ""17"": 0, ""18"": 2659, ""19"": 2659, ""20"": null, ""21"": 1.2188792779240316, ""22"": 1.2188792779240316, ""23"": 0.0, ""24"": null, ""25"": null, ""26"": null, ""27"": null, ""28"": null, ""29"": null, ""30"": null}",441,tab1a2021-link_m,coal-statistics-download-excel-7,coal_statistics,Download Excel,https://coal.gov.in/sites/default/files/2024-03/cdchap6.xlsx
source_reference,"{""0"": null, ""1"": null, ""2"": ""SECL(GP-IV/1)"", ""3"": null, ""4"": ""Gare Palma 1"", ""5"": ""CHG"", ""6"": null, ""7"": ""D"", ""8"": ""C"", ""9"": 0, ""10"": 0, ""11"": 0, ""12"": 0, ""13"": 0, ""14"": ""pub"", ""15"": ""capt"", ""16"": 0, ""17"": 0, ""18"": 762, ""19"": 762, ""20"": null, ""21"": 0, ""22"": 0, ""23"": 0.0, ""24"": null, ""25"": null, ""26"": null, ""27"": null, ""28"": null, ""29"": null, ""30"": null}",442,tab1a2021-link_m,coal-statistics-download-excel-7,coal_statistics,Download Excel,https://coal.gov.in/sites/default/files/2024-03/cdchap6.xlsx
source_reference,"{""0"": null, ""1"": null, ""2"": ""MCL"", ""3"": null, ""4"": ""MCL"", ""5"": ""ODI"", ""6"": null, ""7"": ""D"", ""8"": ""C"", ""9"": 0, ""10"": 0, ""11"": 0, ""12"": 146008, ""13"": 146008, ""14"": ""pub"", ""15"": ""ncpt"", ""16"": 0.21133398901857178, ""17"": 0, ""18"": 140358, ""19"": 140358, ""20"": null, ""21"": 1.0402542070989897, ""22"": 1.0402542070989897, ""23"": 0.0, ""24"": null, ""25"": null, ""26"": null, ""27"": null, ""28"": null, ""29"": null, ""30"": null}",443,tab1a2021-link_m,coal-statistics-download-excel-7,coal_statistics,Download Excel,https://coal.gov.in/sites/default/files/2024-03/cdchap6.xlsx
source_reference,"{""0"": null, ""1"": null, ""2"": ""NEC"", ""3"": null, ""4"": ""NEC"", ""5"": ""ASM"", ""6"": null, ""7"": ""D"", ""8"": ""C"", ""9"": 0, ""10"": 0, ""11"": 0, ""12"": 90, ""13"": 90, ""14"": ""pub"", ""15"": ""ncpt"", ""16"": 0.00013026723886137376, ""17"": 0, ""18"": 517, ""19"": 517, ""20"": null, ""21"": 0.17408123791102514, ""22"": 0.17408123791102514, ""23"": 0.0, ""24"": null, ""25"": null, ""26"": null, ""27"": null, ""28"": null, ""29"": null, ""30"": null}",444,tab1a2021-link_m,coal-statistics-download-excel-7,coal_statistics,Download Excel,https://coal.gov.in/sites/default/files/2024-03/cdchap6.xlsx
source_reference,"{""0"": null, ""1"": null, ""2"": ""CIL"", ""3"": null, ""4"": null, ""5"": null, ""6"": null, ""7"": ""D"", ""8"": ""C"", ""9"": 23628, ""10"": 14431, ""11"": 38059, ""12"": 535567, ""13"": 573626, ""14"": null, ""15"": null, ""16"": 0.8302741684343821, ""17"": 46426, ""18"": 555703, ""19"": 602129, ""20"": 0.8197777107655193, ""21"": 0.9637648168176166, ""22"": 0.9526629675700722, ""23"": 0.0, ""24"": null, ""25"": null, ""26"": null, ""27"": null, ""28"": null, ""29"": null, ""30"": null}",445,tab1a2021-link_m,coal-statistics-download-excel-7,coal_statistics,Download Excel,https://coal.gov.in/sites/default/files/2024-03/cdchap6.xlsx
source_reference,"{""0"": null, ""1"": null, ""2"": ""SCCL"", ""3"": null, ""4"": ""SCCL"", ""5"": ""TLNG"", ""6"": null, ""7"": ""D"", ""8"": ""C"", ""9"": 0, ""10"": 0, ""11"": 0, ""12"": 48513, ""13"": 48513, ""14"": ""pub"", ""15"": ""ncpt"", ""16"": 0.07021838398757584, ""17"": 0, ""18"": 64044, ""19"": 64044, ""20"": null, ""21"": 0.7574948472924864, ""22"": 0.7574948472924864, ""23"": 0.0, ""24"": null, ""25"": null, ""26"": null, ""27"": null, ""28"": null, ""29"": null, ""30"": null}",446,tab1a2021-link_m,coal-statistics-download-excel-7,coal_statistics,Download Excel,https://coal.gov.in/sites/default/files/2024-03/cdchap6.xlsx
source_reference,"{""0"": null, ""1"": null, ""2"": ""JKML"", ""3"": null, ""4"": ""JKML"", ""5"": ""J&K"", ""6"": null, ""7"": ""D"", ""8"": ""C"", ""9"": 0, ""10"": 0, ""11"": 0, ""12"": 12, ""13"": 12, ""14"": ""pub"", ""15"": ""ncpt"", ""16"": 1.73689651815165e-05, ""17"": 0, ""18"": 14, ""19"": 14, ""20"": null, ""21"": 0.8571428571428571, ""22"": 0.8571428571428571, ""23"": 0.0, ""24"": null, ""25"": null, ""26"": null, ""27"": null, ""28"": null, ""29"": null, ""30"": null}",447,tab1a2021-link_m,coal-statistics-download-excel-7,coal_statistics,Download Excel,https://coal.gov.in/sites/default/files/2024-03/cdchap6.xlsx
source_reference,"{""0"": null, ""1"": null, ""2"": ""DVC"", ""3"": null, ""4"": ""DVC"", ""5"": ""JKD"", ""6"": null, ""7"": ""D"", ""8"": ""C"", ""9"": 0, ""10"": 0, ""11"": 0, ""12"": 0, ""13"": 0, ""14"": ""pub"", ""15"": ""ncpt"", ""16"": 0, ""17"": 0, ""18"": 0, ""19"": 0, ""20"": null, ""21"": null, ""22"": null, ""23"": 0.0, ""24"": null, ""25"": null, ""26"": null, ""27"": null, ""28"": null, ""29"": null, ""30"": null}",448,tab1a2021-link_m,coal-statistics-download-excel-7,coal_statistics,Download Excel,https://coal.gov.in/sites/default/files/2024-03/cdchap6.xlsx
source_reference,"{""0"": null, ""1"": null, ""2"": ""IISCOC"", ""3"": null, ""4"": ""Chasnala"", ""5"": ""JKD"", ""6"": null, ""7"": ""D"", ""8"": ""C"", ""9"": 49, ""10"": 0, ""11"": 49, ""12"": 0, ""13"": 49, ""14"": ""pub"", ""15"": ""ncpt"", ""16"": 7.092327449119239e-05, ""17"": 230, ""18"": 0, ""19"": 230, ""20"": 0.21304347826086956, ""21"": null, ""22"": 0.21304347826086956, ""23"": 0.0, ""24"": null, ""25"": null, ""26"": null, ""27"": null, ""28"": null, ""29"": null, ""30"": null}",449,tab1a2021-link_m,coal-statistics-download-excel-7,coal_statistics,Download Excel,https://coal.gov.in/sites/default/files/2024-03/cdchap6.xlsx
source_reference,"{""0"": null, ""1"": null, ""2"": ""IISCOJ"", ""3"": null, ""4"": ""Jitpur"", ""5"": ""JKD"", ""6"": null, ""7"": ""D"", ""8"": ""C"", ""9"": 43, ""10"": 0, ""11"": 43, ""12"": 0, ""13"": 43, ""14"": ""pub"", ""15"": ""ncpt"", ""16"": 6.223879190043413e-05, ""17"": 70, ""18"": 0, ""19"": 70, ""20"": 0.6142857142857143, ""21"": null, ""22"": 0.6142857142857143, ""23"": 0.0, ""24"": null, ""25"": null, ""26"": null, ""27"": null, ""28"": null, ""29"": null, ""30"": null}",450,tab1a2021-link_m,coal-statistics-download-excel-7,coal_statistics,Download Excel,https://coal.gov.in/sites/default/files/2024-03/cdchap6.xlsx
source_reference,"{""0"": null, ""1"": null, ""2"": ""IISCOR"", ""3"": null, ""4"": ""Ramnagar"", ""5"": ""WB"", ""6"": null, ""7"": ""D"", ""8"": ""C"", ""9"": 0, ""10"": 0, ""11"": 0, ""12"": 100, ""13"": 100, ""14"": ""pub"", ""15"": ""ncpt"", ""16"": 0.00014474137651263752, ""17"": 0, ""18"": 234, ""19"": 234, ""20"": null, ""21"": 0.42735042735042733, ""22"": 0.42735042735042733, ""23"": 0.0, ""24"": null, ""25"": null, ""26"": null, ""27"": null, ""28"": null, ""29"": null, ""30"": null}",451,tab1a2021-link_m,coal-statistics-download-excel-7,coal_statistics,Download Excel,https://coal.gov.in/sites/default/files/2024-03/cdchap6.xlsx
source_reference,"{""0"": null, ""1"": null, ""2"": ""SAIL"", ""3"": null, ""4"": ""Tasra"", ""5"": ""JKD"", ""6"": null, ""7"": ""D"", ""8"": ""C"", ""9"": 0, ""10"": 0, ""11"": 0, ""12"": 0, ""13"": 0, ""14"": ""pub"", ""15"": ""capt"", ""16"": 0, ""17"": 0, ""18"": 0, ""19"": 0, ""20"": null, ""21"": null, ""22"": null, ""23"": 0.0, ""24"": null, ""25"": null, ""26"": null, ""27"": null, ""28"": null, ""29"": null, ""30"": null}",452,tab1a2021-link_m,coal-statistics-download-excel-7,coal_statistics,Download Excel,https://coal.gov.in/sites/default/files/2024-03/cdchap6.xlsx
source_reference,"{""0"": null, ""1"": null, ""2"": ""JSMDCL"", ""3"": null, ""4"": ""Shikni OC"", ""5"": ""JKD"", ""6"": null, ""7"": ""D"", ""8"": ""C"", ""9"": 0, ""10"": 0, ""11"": 0, ""12"": 69, ""13"": 69, ""14"": ""pub"", ""15"": ""ncpt"", ""16"": 9.987154979371989e-05, ""17"": 0, ""18"": 68, ""19"": 68, ""20"": null, ""21"": 1.0147058823529411, ""22"": 1.0147058823529411, ""23"": 0.0, ""24"": null, ""25"": null, ""26"": null, ""27"": null, ""28"": null, ""29"": null, ""30"": null}",453,tab1a2021-link_m,coal-statistics-download-excel-7,coal_statistics,Download Excel,https://coal.gov.in/sites/default/files/2024-03/cdchap6.xlsx
source_reference,"{""0"": null, ""1"": null, ""2"": ""RRVUNL"", ""3"": null, ""4"": ""Parsa E & Kanta Basan"", ""5"": ""CHG"", ""6"": null, ""7"": ""D"", ""8"": ""C"", ""9"": 0, ""10"": 0, ""11"": 0, ""12"": 15000, ""13"": 15000, ""14"": ""pub"", ""15"": ""capt"", ""16"": 0.021711206476895627, ""17"": 0, ""18"": 15000, ""19"": 15000, ""20"": null, ""21"": 1, ""22"": 1, ""23"": 0.0, ""24"": null, ""25"": null, ""26"": null, ""27"": null, ""28"": null, ""29"": null, ""30"": null}",454,tab1a2021-link_m,coal-statistics-download-excel-7,coal_statistics,Download Excel,https://coal.gov.in/sites/default/files/2024-03/cdchap6.xlsx
source_reference,"{""0"": null, ""1"": null, ""2"": ""NTPC_PB"", ""3"": null, ""4"": ""Pakri Barwadih"", ""5"": ""JKD"", ""6"": null, ""7"": ""D"", ""8"": ""C"", ""9"": 0, ""10"": 0, ""11"": 0, ""12"": 6638, ""13"": 6638, ""14"": ""pub"", ""15"": ""capt"", ""16"": 0.009607932572908878, ""17"": 0, ""18"": 9421, ""19"": 9421, ""20"": null, ""21"": 0.7045961150620953, ""22"": 0.7045961150620953, ""23"": 0.0, ""24"": null, ""25"": null, ""26"": null, ""27"": null, ""28"": null, ""29"": null, ""30"": null}",455,tab1a2021-link_m,coal-statistics-download-excel-7,coal_statistics,Download Excel,https://coal.gov.in/sites/default/files/2024-03/cdchap6.xlsx
source_reference,"{""0"": null, ""1"": null, ""2"": ""NTPC_DG"", ""3"": null, ""4"": ""Dulanga"", ""5"": ""ODI"", ""6"": null, ""7"": ""D"", ""8"": ""C"", ""9"": 0, ""10"": 0, ""11"": 0, ""12"": 3400, ""13"": 3400, ""14"": ""pub"", ""15"": ""capt"", ""16"": 0.004921206801429675, ""17"": 0, ""18"": 1540, ""19"": 1540, ""20"": null, ""21"": 2.207792207792208, ""22"": 2.207792207792208, ""23"": 0.0, ""24"": null, ""25"": null, ""26"": null, ""27"": null, ""28"": null, ""29"": null, ""30"": null}",456,tab1a2021-link_m,coal-statistics-download-excel-7,coal_statistics,Download Excel,https://coal.gov.in/sites/default/files/2024-03/cdchap6.xlsx
source_reference,"{""0"": null, ""1"": null, ""2"": ""NTPC_TP"", ""3"": null, ""4"": ""Tallipalli"", ""5"": ""CHG"", ""6"": null, ""7"": ""D"", ""8"": ""C"", ""9"": 0, ""10"": 0, ""11"": 0, ""12"": 901, ""13"": 901, ""14"": ""pub"", ""15"": ""capt"", ""16"": 0.001304119802378864, ""17"": 0, ""18"": 190, ""19"": 190, ""20"": null, ""21"": 4.742105263157895, ""22"": 4.742105263157895, ""23"": 0.0, ""24"": null, ""25"": null, ""26"": null, ""27"": null, ""28"": null, ""29"": null, ""30"": null}",457,tab1a2021-link_m,coal-statistics-download-excel-7,coal_statistics,Download Excel,https://coal.gov.in/sites/default/files/2024-03/cdchap6.xlsx
source_reference,"{""0"": null, ""1"": null, ""2"": ""WBPDCL_B"", ""3"": null, ""4"": ""Barjora"", ""5"": ""WB"", ""6"": null, ""7"": ""D"", ""8"": ""C"", ""9"": 0, ""10"": 0, ""11"": 0, ""12"": 207, ""13"": 207, ""14"": ""pub"", ""15"": ""capt"", ""16"": 0.00029961464938115965, ""17"": 0, ""18"": 500, ""19"": 500, ""20"": null, ""21"": 0.414, ""22"": 0.414, ""23"": 0.0, ""24"": null, ""25"": null, ""26"": null, ""27"": null, ""28"": null, ""29"": null, ""30"": null}",458,tab1a2021-link_m,coal-statistics-download-excel-7,coal_statistics,Download Excel,https://coal.gov.in/sites/default/files/2024-03/cdchap6.xlsx
source_reference,"{""0"": null, ""1"": null, ""2"": ""WBPDCL_BN"", ""3"": null, ""4"": ""Barjora North"", ""5"": ""WB"", ""6"": null, ""7"": ""D"", ""8"": ""C"", ""9"": 0, ""10"": 0, ""11"": 0, ""12"": 678, ""13"": 678, ""14"": ""pub"", ""15"": ""capt"", ""16"": 0.0009813465327556824, ""17"": 0, ""18"": 606, ""19"": 606, ""20"": null, ""21"": 1.118811881188119, ""22"": 1.118811881188119, ""23"": 0.0, ""24"": null, ""25"": null, ""26"": null, ""27"": null, ""28"": null, ""29"": null, ""30"": null}",459,tab1a2021-link_m,coal-statistics-download-excel-7,coal_statistics,Download Excel,https://coal.gov.in/sites/default/files/2024-03/cdchap6.xlsx
source_reference,"{""0"": null, ""1"": null, ""2"": ""WBPDCL_PN"", ""3"": null, ""4"": ""Pachhwara North"", ""5"": ""WB"", ""6"": null, ""7"": ""D"", ""8"": ""C"", ""9"": 0, ""10"": 0, ""11"": 0, ""12"": 4279, ""13"": 4279, ""14"": ""pub"", ""15"": ""capt"", ""16"": 0.00619348350097576, ""17"": 0, ""18"": 1006, ""19"": 1006, ""20"": null, ""21"": 4.253479125248509, ""22"": 4.253479125248509, ""23"": 0.0, ""24"": null, ""25"": null, ""26"": null, ""27"": null, ""28"": null, ""29"": null, ""30"": null}",460,tab1a2021-link_m,coal-statistics-download-excel-7,coal_statistics,Download Excel,https://coal.gov.in/sites/default/files/2024-03/cdchap6.xlsx
source_reference,"{""0"": null, ""1"": null, ""2"": ""WBPDCL_GB"", ""3"": null, ""4"": ""Gangaramchak Bhadulia"", ""5"": ""WB"", ""6"": null, ""7"": ""D"", ""8"": ""C"", ""9"": 0, ""10"": 0, ""11"": 0, ""12"": 1424.4463500000002, ""13"": 1424.4463500000002, ""14"": ""pub"", ""15"": ""capt"", ""16"": 0.0020617632546740226, ""17"": 0, ""18"": 1006, ""19"": 1006, ""20"": null, ""21"": 1.4159506461232605, ""22"": 1.4159506461232605, ""23"": 0.0, ""24"": null, ""25"": null, ""26"": null, ""27"": null, ""28"": null, ""29"": null, ""30"": null}",461,tab1a2021-link_m,coal-statistics-download-excel-7,coal_statistics,Download Excel,https://coal.gov.in/sites/default/files/2024-03/cdchap6.xlsx
source_reference,"{""0"": null, ""1"": null, ""2"": ""CSPGCL"", ""3"": null, ""4"": ""GP/S-III"", ""5"": ""CHG"", ""6"": null, ""7"": ""D"", ""8"": ""C"", ""9"": 0, ""10"": 0, ""11"": 0, ""12"": 1660, ""13"": 1660, ""14"": ""pub"", ""15"": ""capt"", ""16"": 0.0024027068501097826, ""17"": 0, ""18"": 510, ""19"": 510, ""20"": null, ""21"": 3.2549019607843137, ""22"": 3.2549019607843137, ""23"": 0.0, ""24"": null, ""25"": null, ""26"": null, ""27"": null, ""28"": null, ""29"": null, ""30"": null}",462,tab1a2021-link_m,coal-statistics-download-excel-7,coal_statistics,Download Excel,https://coal.gov.in/sites/default/files/2024-03/cdchap6.xlsx
source_reference,"{""0"": null, ""1"": null, ""2"": ""TSPGCL"", ""3"": null, ""4"": ""Tadicherla"", ""5"": ""TLNG"", ""6"": null, ""7"": ""D"", ""8"": ""C"", ""9"": 0, ""10"": 0, ""11"": 0, ""12"": 2020, ""13"": 2020, ""14"": ""pub"", ""15"": ""capt"", ""16"": 0.002923775805555278, ""17"": 0, ""18"": 1659, ""19"": 1659, ""20"": null, ""21"": 1.2176009644364074, ""22"": 1.2176009644364074, ""23"": 0.0, ""24"": null, ""25"": null, ""26"": null, ""27"": null, ""28"": null, ""29"": null, ""30"": null}",463,tab1a2021-link_m,coal-statistics-download-excel-7,coal_statistics,Download Excel,https://coal.gov.in/sites/default/files/2024-03/cdchap6.xlsx
source_reference,"{""0"": null, ""1"": null, ""2"": ""OCPL"", ""3"": null, ""4"": ""Manoharpur"", ""5"": ""ODI"", ""6"": null, ""7"": ""D"", ""8"": ""C"", ""9"": 0, ""10"": 0, ""11"": 0, ""12"": 1803, ""13"": 1803, ""14"": ""pub"", ""15"": ""capt"", ""16"": 0.0026096870185228545, ""17"": 0, ""18"": 1003, ""19"": 1003, ""20"": null, ""21"": 1.7976071784646062, ""22"": 1.7976071784646062, ""23"": 0.0, ""24"": null, ""25"": null, ""26"": null, ""27"": null, ""28"": null, ""29"": null, ""30"": null}",464,tab1a2021-link_m,coal-statistics-download-excel-7,coal_statistics,Download Excel,https://coal.gov.in/sites/default/files/2024-03/cdchap6.xlsx
source_reference,"{""0"": null, ""1"": null, ""2"": ""DPL"", ""3"": null, ""4"": ""Trans Damodar"", ""5"": ""WB"", ""6"": null, ""7"": ""D"", ""8"": ""C"", ""9"": 0, ""10"": 0, ""11"": 0, ""12"": 24, ""13"": 24, ""14"": ""pub"", ""15"": ""capt"", ""16"": 3.4737930363033e-05, ""17"": 0, ""18"": 1003, ""19"": 1003, ""20"": null, ""21"": 0.023928215353938187, ""22"": 0.023928215353938187, ""23"": 0.0, ""24"": null, ""25"": null, ""26"": null, ""27"": null, ""28"": null, ""29"": null, ""30"": null}",465,tab1a2021-link_m,coal-statistics-download-excel-7,coal_statistics,Download Excel,https://coal.gov.in/sites/default/files/2024-03/cdchap6.xlsx
source_reference,"{""0"": null, ""1"": null, ""2"": ""NLCL_T-II&III"", ""3"": null, ""4"": ""Talabira II & III"", ""5"": ""ODI"", ""6"": null, ""7"": ""D"", ""8"": ""C"", ""9"": 0, ""10"": 0, ""11"": 0, ""12"": 700, ""13"": 700, ""14"": ""pub"", ""15"": ""capt"", ""16"": 0.0010131896355884626, ""17"": 0, ""18"": 1003, ""19"": 1003, ""20"": null, ""21"": 0.6979062811565304, ""22"": 0.6979062811565304, ""23"": 0.0, ""24"": null, ""25"": null, ""26"": null, ""27"": null, ""28"": null, ""29"": null, ""30"": null}",466,tab1a2021-link_m,coal-statistics-download-excel-7,coal_statistics,Download Excel,https://coal.gov.in/sites/default/files/2024-03/cdchap6.xlsx
source_reference,"{""0"": null, ""1"": null, ""2"": ""PUBLIC"", ""3"": null, ""4"": null, ""5"": null, ""6"": null, ""7"": ""D"", ""8"": ""C"", ""9"": 23720, ""10"": 14431, ""11"": 38151, ""12"": 622995.44635, ""13"": 661146.44635, ""14"": null, ""15"": null, ""16"": 0.9569524672113765, ""17"": 46726, ""18"": 651498, ""19"": 698224, ""20"": 0.8164833283396824, ""21"": 0.9562507426730397, ""22"": 0.9468973371725978, ""23"": 0.0, ""24"": null, ""25"": null, ""26"": null, ""27"": null, ""28"": null, ""29"": null, ""30"": null}",467,tab1a2021-link_m,coal-statistics-download-excel-7,coal_statistics,Download Excel,https://coal.gov.in/sites/default/files/2024-03/cdchap6.xlsx
source_reference,"{""0"": null, ""1"": null, ""2"": ""TSLJH"", ""3"": null, ""4"": ""Jharia"", ""5"": ""JKD"", ""6"": null, ""7"": ""D"", ""8"": ""C"", ""9"": 901, ""10"": 0, ""11"": 901, ""12"": 0, ""13"": 901, ""14"": ""pvt"", ""15"": ""ncpt"", ""16"": 0.001304119802378864, ""17"": 1082, ""18"": 0, ""19"": 1082, ""20"": 0.83271719038817, ""21"": null, ""22"": 0.83271719038817, ""23"": 0.0, ""24"": null, ""25"": null, ""26"": null, ""27"": null, ""28"": null, ""29"": null, ""30"": null}",468,tab1a2021-link_m,coal-statistics-download-excel-7,coal_statistics,Download Excel,https://coal.gov.in/sites/default/files/2024-03/cdchap6.xlsx
source_reference,"{""0"": null, ""1"": null, ""2"": ""TSLWB"", ""3"": null, ""4"": ""West Bokaro"", ""5"": ""JKD"", ""6"": null, ""7"": ""D"", ""8"": ""C"", ""9"": 4949, ""10"": 0, ""11"": 4949, ""12"": 0, ""13"": 4949, ""14"": ""pvt"", ""15"": ""ncpt"", ""16"": 0.007163250723610431, ""17"": 5128, ""18"": 0, ""19"": 5128, ""20"": 0.9650936037441498, ""21"": null, ""22"": 0.9650936037441498, ""23"": 0.0, ""24"": null, ""25"": null, ""26"": null, ""27"": null, ""28"": null, ""29"": null, ""30"": null}",469,tab1a2021-link_m,coal-statistics-download-excel-7,coal_statistics,Download Excel,https://coal.gov.in/sites/default/files/2024-03/cdchap6.xlsx
source_reference,"{""0"": null, ""1"": null, ""2"": ""CESC"", ""3"": null, ""4"": ""Sarshatali"", ""5"": ""WB"", ""6"": null, ""7"": ""D"", ""8"": ""C"", ""9"": 0, ""10"": 0, ""11"": 0, ""12"": 1964, ""13"": 1964, ""14"": ""pvt"", ""15"": ""capt"", ""16"": 0.002842720634708201, ""17"": 0, ""18"": 1958, ""19"": 1958, ""20"": null, ""21"": 1.003064351378958, ""22"": 1.003064351378958, ""23"": 0.0, ""24"": null, ""25"": null, ""26"": null, ""27"": ""  "", ""28"": null, ""29"": null, ""30"": null}",470,tab1a2021-link_m,coal-statistics-download-excel-7,coal_statistics,Download Excel,https://coal.gov.in/sites/default/files/2024-03/cdchap6.xlsx
source_reference,"{""0"": null, ""1"": null, ""2"": ""HIL_GP_IV/4"", ""3"": null, ""4"": ""Gare Palma IV/4"", ""5"": ""CHG"", ""6"": null, ""7"": ""D"", ""8"": ""C"", ""9"": 0, ""10"": 0, ""11"": 0, ""12"": 292, ""13"": 292, ""14"": ""pvt"", ""15"": ""capt"", ""16"": 0.00042264481941690153, ""17"": 0, ""18"": 548, ""19"": 548, ""20"": null, ""21"": 0.5328467153284672, ""22"": 0.5328467153284672, ""23"": 0.0, ""24"": null, ""25"": null, ""26"": null, ""27"": null, ""28"": null, ""29"": null, ""30"": null}",471,tab1a2021-link_m,coal-statistics-download-excel-7,coal_statistics,Download Excel,https://coal.gov.in/sites/default/files/2024-03/cdchap6.xlsx
source_reference,"{""0"": null, ""1"": null, ""2"": ""HIL_GP_IV/5"", ""3"": null, ""4"": ""Gare Palma IV/5"", ""5"": ""CHG"", ""6"": null, ""7"": ""D"", ""8"": ""C"", ""9"": 0, ""10"": 0, ""11"": 0, ""12"": 1, ""13"": 1, ""14"": ""pvt"", ""15"": ""capt"", ""16"": 1.4474137651263752e-06, ""17"": 0, ""18"": 126, ""19"": 126, ""20"": null, ""21"": 0.007936507936507936, ""22"": 0.007936507936507936, ""23"": 0.0, ""24"": null, ""25"": null, ""26"": null, ""27"": null, ""28"": null, ""29"": null, ""30"": null}",472,tab1a2021-link_m,coal-statistics-download-excel-7,coal_statistics,Download Excel,https://coal.gov.in/sites/default/files/2024-03/cdchap6.xlsx
source_reference,"{""0"": null, ""1"": null, ""2"": ""HIL_KOC"", ""3"": null, ""4"": ""Kathautia"", ""5"": ""JKD"", ""6"": null, ""7"": ""D"", ""8"": ""C"", ""9"": 0, ""10"": 0, ""11"": 0, ""12"": 24, ""13"": 24, ""14"": ""pvt"", ""15"": ""capt"", ""16"": 3.4737930363033e-05, ""17"": 0, ""18"": 55, ""19"": 55, ""20"": null, ""21"": 0.43636363636363634, ""22"": 0.43636363636363634, ""23"": 0.0, ""24"": null, ""25"": null, ""26"": null, ""27"": null, ""28"": null, ""29"": null, ""30"": null}",473,tab1a2021-link_m,coal-statistics-download-excel-7,coal_statistics,Download Excel,https://coal.gov.in/sites/default/files/2024-03/cdchap6.xlsx
source_reference,"{""0"": null, ""1"": null, ""2"": ""SPL"", ""3"": null, ""4"": ""Moher & Moher Amlohri Extn"", ""5"": ""MP"", ""6"": null, ""7"": ""D"", ""8"": ""C"", ""9"": 0, ""10"": 0, ""11"": 0, ""12"": 18068, ""13"": 18068, ""14"": ""pvt"", ""15"": ""capt"", ""16"": 0.026151871908303346, ""17"": 0, ""18"": 18700, ""19"": 18700, ""20"": null, ""21"": 0.9662032085561497, ""22"": 0.9662032085561497, ""23"": 0.0, ""24"": null, ""25"": null, ""26"": null, ""27"": null, ""28"": null, ""29"": null, ""30"": null}",474,tab1a2021-link_m,coal-statistics-download-excel-7,coal_statistics,Download Excel,https://coal.gov.in/sites/default/files/2024-03/cdchap6.xlsx
source_reference,"{""0"": null, ""1"": null, ""2"": ""GMR"", ""3"": null, ""4"": ""Talabira I"", ""5"": ""ODI"", ""6"": null, ""7"": ""D"", ""8"": ""C"", ""9"": 0, ""10"": 0, ""11"": 0, ""12"": 0, ""13"": 0, ""14"": ""pvt"", ""15"": ""capt"", ""16"": 0, ""17"": 0, ""18"": 0, ""19"": 0, ""20"": null, ""21"": null, ""22"": null, ""23"": 0.0, ""24"": null, ""25"": null, ""26"": null, ""27"": null, ""28"": null, ""29"": null, ""30"": null}",475,tab1a2021-link_m,coal-statistics-download-excel-7,coal_statistics,Download Excel,https://coal.gov.in/sites/default/files/2024-03/cdchap6.xlsx
source_reference,"{""0"": null, ""1"": null, ""2"": ""BALCO"", ""3"": null, ""4"": ""Chotia II"", ""5"": ""CHG"", ""6"": null, ""7"": ""D"", ""8"": ""C"", ""9"": 0, ""10"": 0, ""11"": 0, ""12"": 231, ""13"": 231, ""14"": ""pvt"", ""15"": ""capt"", ""16"": 0.00033435257974419265, ""17"": 0, ""18"": 1000, ""19"": 1000, ""20"": null, ""21"": 0.231, ""22"": 0.231, ""23"": 0.0, ""24"": null, ""25"": null, ""26"": null, ""27"": null, ""28"": null, ""29"": null, ""30"": null}",476,tab1a2021-link_m,coal-statistics-download-excel-7,coal_statistics,Download Excel,https://coal.gov.in/sites/default/files/2024-03/cdchap6.xlsx
source_reference,"{""0"": null, ""1"": null, ""2"": ""SIL"", ""3"": null, ""4"": ""Belgaon"", ""5"": ""MAH"", ""6"": null, ""7"": ""D"", ""8"": ""C"", ""9"": 0, ""10"": 0, ""11"": 0, ""12"": 100, ""13"": 100, ""14"": ""pvt"", ""15"": ""capt"", ""16"": 0.00014474137651263752, ""17"": 0, ""18"": 270, ""19"": 270, ""20"": null, ""21"": 0.37037037037037035, ""22"": 0.37037037037037035, ""23"": 0.0, ""24"": null, ""25"": null, ""26"": null, ""27"": null, ""28"": null, ""29"": null, ""30"": null}",477,tab1a2021-link_m,coal-statistics-download-excel-7,coal_statistics,Download Excel,https://coal.gov.in/sites/default/files/2024-03/cdchap6.xlsx
source_reference,"{""0"": null, ""1"": null, ""2"": ""JPVL"", ""3"": null, ""4"": ""Amelia North"", ""5"": ""MP"", ""6"": null, ""7"": ""D"", ""8"": ""C"", ""9"": 0, ""10"": 0, ""11"": 0, ""12"": 2801, ""13"": 2801, ""14"": ""pvt"", ""15"": ""capt"", ""16"": 0.0040542059561189765, ""17"": 0, ""18"": 2800, ""19"": 2800, ""20"": null, ""21"": 1.000357142857143, ""22"": 1.000357142857143, ""23"": 0.0, ""24"": null, ""25"": null, ""26"": null, ""27"": null, ""28"": null, ""29"": null, ""30"": null}",478,tab1a2021-link_m,coal-statistics-download-excel-7,coal_statistics,Download Excel,https://coal.gov.in/sites/default/files/2024-03/cdchap6.xlsx
source_reference,"{""0"": null, ""1"": null, ""2"": ""RCCPL"", ""3"": null, ""4"": ""Sial Ghogri"", ""5"": ""MP"", ""6"": null, ""7"": ""D"", ""8"": ""C"", ""9"": 0, ""10"": 0, ""11"": 0, ""12"": 173, ""13"": 173, ""14"": ""pvt"", ""15"": ""capt"", ""16"": 0.0002504025813668629, ""17"": 0, ""18"": 182, ""19"": 182, ""20"": null, ""21"": 0.9505494505494505, ""22"": 0.9505494505494505, ""23"": 0.0, ""24"": null, ""25"": null, ""26"": null, ""27"": null, ""28"": null, ""29"": null, ""30"": null}",479,tab1a2021-link_m,coal-statistics-download-excel-7,coal_statistics,Download Excel,https://coal.gov.in/sites/default/files/2024-03/cdchap6.xlsx
source_reference,"{""0"": null, ""1"": null, ""2"": ""TUML"", ""3"": null, ""4"": ""Marki Mangli I"", ""5"": ""MAH"", ""6"": null, ""7"": ""D"", ""8"": ""C"", ""9"": 0, ""10"": 0, ""11"": 0, ""12"": 113, ""13"": 113, ""14"": ""pvt"", ""15"": ""capt"", ""16"": 0.00016355775545928038, ""17"": 0, ""18"": 286, ""19"": 286, ""20"": null, ""21"": 0.3951048951048951, ""22"": 0.3951048951048951, ""23"": 0.0, ""24"": null, ""25"": null, ""26"": null, ""27"": null, ""28"": null, ""29"": null, ""30"": null}",480,tab1a2021-link_m,coal-statistics-download-excel-7,coal_statistics,Download Excel,https://coal.gov.in/sites/default/files/2024-03/cdchap6.xlsx
source_reference,"{""0"": null, ""1"": null, ""2"": ""OCL"", ""3"": null, ""4"": ""Ardhagram"", ""5"": ""ODI"", ""6"": null, ""7"": ""D"", ""8"": ""C"", ""9"": 0, ""10"": 0, ""11"": 0, ""12"": 0, ""13"": 0, ""14"": ""pvt"", ""15"": ""capt"", ""16"": 0, ""17"": 0, ""18"": 115, ""19"": 115, ""20"": null, ""21"": 0, ""22"": 0, ""23"": 0.0, ""24"": null, ""25"": null, ""26"": null, ""27"": null, ""28"": null, ""29"": null, ""30"": null}",481,tab1a2021-link_m,coal-statistics-download-excel-7,coal_statistics,Download Excel,https://coal.gov.in/sites/default/files/2024-03/cdchap6.xlsx
source_reference,"{""0"": null, ""1"": null, ""2"": ""AMBUJA"", ""3"": null, ""4"": ""Gare Palma IV/8"", ""5"": ""CHG"", ""6"": null, ""7"": ""D"", ""8"": ""C"", ""9"": 0, ""10"": 0, ""11"": 0, ""12"": 124, ""13"": 124, ""14"": ""pvt"", ""15"": ""capt"", ""16"": 0.0001794793068756705, ""17"": 0, ""18"": 400, ""19"": 400, ""20"": null, ""21"": 0.31, ""22"": 0.31, ""23"": 0.0, ""24"": null, ""25"": null, ""26"": null, ""27"": null, ""28"": null, ""29"": null, ""30"": null}",482,tab1a2021-link_m,coal-statistics-download-excel-7,coal_statistics,Download Excel,https://coal.gov.in/sites/default/files/2024-03/cdchap6.xlsx
source_reference,"{""0"": null, ""1"": null, ""2"": ""PRIVATE"", ""3"": null, ""4"": null, ""5"": null, ""6"": null, ""7"": ""D"", ""8"": ""C"", ""9"": 5850, ""10"": 0, ""11"": 5850, ""12"": 23891, ""13"": 29741, ""14"": null, ""15"": null, ""16"": 0.04304753278862353, ""17"": 6210, ""18"": 26440, ""19"": 32650, ""20"": 0.9420289855072463, ""21"": 0.9035930408472012, ""22"": 0.9109035222052068, ""23"": 0.0, ""24"": null, ""25"": null, ""26"": null, ""27"": null, ""28"": null, ""29"": null, ""30"": null}",483,tab1a2021-link_m,coal-statistics-download-excel-7,coal_statistics,Download Excel,https://coal.gov.in/sites/default/files/2024-03/cdchap6.xlsx
source_reference,"{""0"": null, ""1"": null, ""2"": ""GRAND TOTAL"", ""3"": null, ""4"": null, ""5"": null, ""6"": null, ""7"": ""D"", ""8"": ""C"", ""9"": 29570, ""10"": 14431, ""11"": 44001, ""12"": 646886.44635, ""13"": 690887.44635, ""14"": null, ""15"": null, ""16"": 1, ""17"": 52936, ""18"": 677938, ""19"": 730874, ""20"": 0.8312112739912347, ""21"": 0.9541970598343801, ""22"": 0.9452894019352173, ""23"": 0.0, ""24"": null, ""25"": null, ""26"": null, ""27"": null, ""28"": null, ""29"": null, ""30"": null}",484,tab1a2021-link_m,coal-statistics-download-excel-7,coal_statistics,Download Excel,https://coal.gov.in/sites/default/files/2024-03/cdchap6.xlsx
source_reference,"{""0"": null, ""1"": null, ""2"": ""STATEWISE RAW COAL"", ""3"": null, ""4"": null, ""5"": null, ""6"": null, ""7"": null, ""8"": null, ""9"": null, ""10"": null, ""11"": null, ""12"": null, ""13"": null, ""14"": null, ""15"": null, ""16"": null, ""17"": null, ""18"": null, ""19"": null, ""20"": null, ""21"": null, ""22"": null, ""23"": null, ""24"": null, ""25"": null, ""26"": null, ""27"": null, ""28"": null, ""29"": null, ""30"": null}",485,tab1a2021-link_m,coal-statistics-download-excel-7,coal_statistics,Download Excel,https://coal.gov.in/sites/default/files/2024-03/cdchap6.xlsx
source_reference,"{""0"": null, ""1"": null, ""2"": null, ""3"": null, ""4"": null, ""5"": ""ASM"", ""6"": null, ""7"": ""D"", ""8"": ""C"", ""9"": 0, ""10"": 0, ""11"": 0, ""12"": 90, ""13"": 90, ""14"": null, ""15"": null, ""16"": 0.18480492813141683, ""17"": 487, ""18"": 0.09, ""19"": 90, ""20"": null, ""21"": null, ""22"": null, ""23"": null, ""24"": null, ""25"": null, ""26"": null, ""27"": null, ""28"": null, ""29"": null, ""30"": null}",486,tab1a2021-link_m,coal-statistics-download-excel-7,coal_statistics,Download Excel,https://coal.gov.in/sites/default/files/2024-03/cdchap6.xlsx
source_reference,"{""0"": null, ""1"": null, ""2"": null, ""3"": null, ""4"": null, ""5"": ""CHG"", ""6"": null, ""7"": ""D"", ""8"": ""C"", ""9"": 0, ""10"": 271, ""11"": 271, ""12"": 145978, ""13"": 146249, ""14"": null, ""15"": null, ""16"": 1.1197810191034034, ""17"": 130605, ""18"": 146.249, ""19"": 146249, ""20"": null, ""21"": null, ""22"": null, ""23"": null, ""24"": null, ""25"": null, ""26"": null, ""27"": null, ""28"": null, ""29"": null, ""30"": null}",487,tab1a2021-link_m,coal-statistics-download-excel-7,coal_statistics,Download Excel,https://coal.gov.in/sites/default/files/2024-03/cdchap6.xlsx
source_reference,"{""0"": null, ""1"": null, ""2"": null, ""3"": null, ""4"": null, ""5"": ""J&K"", ""6"": null, ""7"": ""D"", ""8"": ""C"", ""9"": 0, ""10"": 0, ""11"": 0, ""12"": 12, ""13"": 12, ""14"": null, ""15"": null, ""16"": 0.9230769230769231, ""17"": 13, ""18"": 0.012, ""19"": 12, ""20"": null, ""21"": null, ""22"": null, ""23"": null, ""24"": null, ""25"": null, ""26"": null, ""27"": null, ""28"": null, ""29"": null, ""30"": null}",488,tab1a2021-link_m,coal-statistics-download-excel-7,coal_statistics,Download Excel,https://coal.gov.in/sites/default/files/2024-03/cdchap6.xlsx
source_reference,"{""0"": null, ""1"": null, ""2"": null, ""3"": null, ""4"": null, ""5"": ""JKD"", ""6"": null, ""7"": ""D"", ""8"": ""C"", ""9"": 29570, ""10"": 13976, ""11"": 43546, ""12"": 74413, ""13"": 117959, ""14"": null, ""15"": null, ""16"": 0.9743282645146902, ""17"": 121067, ""18"": 117.959, ""19"": 117959, ""20"": null, ""21"": null, ""22"": null, ""23"": null, ""24"": null, ""25"": null, ""26"": null, ""27"": null, ""28"": null, ""29"": null, ""30"": null}",489,tab1a2021-link_m,coal-statistics-download-excel-7,coal_statistics,Download Excel,https://coal.gov.in/sites/default/files/2024-03/cdchap6.xlsx
source_reference,"{""0"": null, ""1"": null, ""2"": null, ""3"": null, ""4"": null, ""5"": ""MAH"", ""6"": null, ""7"": ""D"", ""8"": ""C"", ""9"": 0, ""10"": 0, ""11"": 0, ""12"": 46571, ""13"": 46571, ""14"": null, ""15"": null, ""16"": 1.214336001668796, ""17"": 38351, ""18"": 46.571, ""19"": 46571, ""20"": null, ""21"": null, ""22"": null, ""23"": null, ""24"": null, ""25"": null, ""26"": null, ""27"": null, ""28"": null, ""29"": null, ""30"": null}",490,tab1a2021-link_m,coal-statistics-download-excel-7,coal_statistics,Download Excel,https://coal.gov.in/sites/default/files/2024-03/cdchap6.xlsx
source_reference,"{""0"": null, ""1"": null, ""2"": null, ""3"": null, ""4"": null, ""5"": ""MP"", ""6"": null, ""7"": ""D"", ""8"": ""C"", ""9"": 0, ""10"": 184, ""11"": 184, ""12"": 105201, ""13"": 105385, ""14"": null, ""15"": null, ""16"": 0.9783779267319012, ""17"": 107714, ""18"": 105.385, ""19"": 105385, ""20"": null, ""21"": null, ""22"": null, ""23"": null, ""24"": null, ""25"": null, ""26"": null, ""27"": null, ""28"": null, ""29"": null, ""30"": null}",491,tab1a2021-link_m,coal-statistics-download-excel-7,coal_statistics,Download Excel,https://coal.gov.in/sites/default/files/2024-03/cdchap6.xlsx
source_reference,"{""0"": null, ""1"": null, ""2"": null, ""3"": null, ""4"": null, ""5"": ""ODI"", ""6"": null, ""7"": ""D"", ""8"": ""C"", ""9"": 0, ""10"": 0, ""11"": 0, ""12"": 151911, ""13"": 151911, ""14"": null, ""15"": null, ""16"": 1.0971392666527036, ""17"": 138461, ""18"": 151.911, ""19"": 151911, ""20"": null, ""21"": null, ""22"": null, ""23"": null, ""24"": null, ""25"": null, ""26"": null, ""27"": null, ""28"": null, ""29"": null, ""30"": null}",492,tab1a2021-link_m,coal-statistics-download-excel-7,coal_statistics,Download Excel,https://coal.gov.in/sites/default/files/2024-03/cdchap6.xlsx
source_reference,"{""0"": null, ""1"": null, ""2"": null, ""3"": null, ""4"": null, ""5"": ""TLNG"", ""6"": null, ""7"": ""D"", ""8"": ""C"", ""9"": 0, ""10"": 0, ""11"": 0, ""12"": 50533, ""13"": 50533, ""14"": null, ""15"": null, ""16"": 0.836916197416363, ""17"": 60380, ""18"": 50.533, ""19"": 50533, ""20"": null, ""21"": null, ""22"": null, ""23"": null, ""24"": null, ""25"": null, ""26"": null, ""27"": null, ""28"": null, ""29"": null, ""30"": null}",493,tab1a2021-link_m,coal-statistics-download-excel-7,coal_statistics,Download Excel,https://coal.gov.in/sites/default/files/2024-03/cdchap6.xlsx
source_reference,"{""0"": null, ""1"": null, ""2"": null, ""3"": null, ""4"": null, ""5"": ""UP"", ""6"": null, ""7"": ""D"", ""8"": ""C"", ""9"": 0, ""10"": 0, ""11"": 0, ""12"": 38355, ""13"": 38355, ""14"": null, ""15"": null, ""16"": 3.0226968240208056, ""17"": 12689, ""18"": 38.355, ""19"": 38355, ""20"": null, ""21"": null, ""22"": null, ""23"": null, ""24"": null, ""25"": null, ""26"": null, ""27"": null, ""28"": null, ""29"": null, ""30"": null}",494,tab1a2021-link_m,coal-statistics-download-excel-7,coal_statistics,Download Excel,https://coal.gov.in/sites/default/files/2024-03/cdchap6.xlsx
source_reference,"{""0"": null, ""1"": null, ""2"": null, ""3"": null, ""4"": null, ""5"": ""WB"", ""6"": null, ""7"": ""D"", ""8"": ""C"", ""9"": 0, ""10"": 0, ""11"": 0, ""12"": 33822.44635, ""13"": 33822.44635, ""14"": null, ""15"": null, ""16"": 1.313442054677488, ""17"": 25751, ""18"": 33.82244635, ""19"": 33822.44635, ""20"": null, ""21"": null, ""22"": null, ""23"": null, ""24"": null, ""25"": null, ""26"": null, ""27"": null, ""28"": null, ""29"": null, ""30"": null}",495,tab1a2021-link_m,coal-statistics-download-excel-7,coal_statistics,Download Excel,https://coal.gov.in/sites/default/files/2024-03/cdchap6.xlsx
source_reference,"{""0"": null, ""1"": null, ""2"": ""GRAND TOTAL"", ""3"": null, ""4"": null, ""5"": null, ""6"": null, ""7"": ""D"", ""8"": ""C"", ""9"": 29570, ""10"": 14431, ""11"": 44001, ""12"": 646886.44635, ""13"": 690887.44635, ""14"": null, ""15"": null, ""16"": 1.0808119868435462, ""17"": 639230, ""18"": 690.88744635, ""19"": 690887.44635, ""20"": null, ""21"": null, ""22"": null, ""23"": null, ""24"": null, ""25"": null, ""26"": null, ""27"": null, ""28"": null, ""29"": null, ""30"": null}",496,tab1a2021-link_m,coal-statistics-download-excel-7,coal_statistics,Download Excel,https://coal.gov.in/sites/default/files/2024-03/cdchap6.xlsx
source_reference,"{""0"": null, ""1"": null, ""2"": ""differ company into state"", ""3"": null, ""4"": null, ""5"": null, ""6"": null, ""7"": null, ""8"": null, ""9"": 0, ""10"": 0, ""11"": 0, ""12"": 0, ""13"": 0, ""14"": null, ""15"": null, ""16"": null, ""17"": null, ""18"": null, ""19"": null, ""20"": null, ""21"": null, ""22"": null, ""23"": null, ""24"": null, ""25"": null, ""26"": null, ""27"": null, ""28"": null, ""29"": null, ""30"": null}",497,tab1a2021-link_m,coal-statistics-download-excel-7,coal_statistics,Download Excel,https://coal.gov.in/sites/default/files/2024-03/cdchap6.xlsx
source_reference,"{""0"": null, ""1"": null, ""2"": ""COMPANY WISE LIGNITE"", ""3"": null, ""4"": null, ""5"": null, ""6"": null, ""7"": null, ""8"": null, ""9"": null, ""10"": null, ""11"": null, ""12"": null, ""13"": null, ""14"": null, ""15"": null, ""16"": null, ""17"": null, ""18"": null, ""19"": null, ""20"": null, ""21"": null, ""22"": null, ""23"": null, ""24"": null, ""25"": null, ""26"": null, ""27"": null, ""28"": null, ""29"": null, ""30"": null}",498,tab1a2021-link_m,coal-statistics-download-excel-7,coal_statistics,Download Excel,https://coal.gov.in/sites/default/files/2024-03/cdchap6.xlsx
source_reference,"{""0"": null, ""1"": null, ""2"": ""GIPCL_VL"", ""3"": ""10"", ""4"": ""Valia Lignite Mine"", ""5"": ""GUJ"", ""6"": null, ""7"": ""D"", ""8"": ""L"", ""9"": 0, ""10"": 0, ""11"": 0, ""12"": 3078, ""13"": 3078, ""14"": null, ""15"": null, ""16"": null, ""17"": null, ""18"": null, ""19"": null, ""20"": null, ""21"": null, ""22"": null, ""23"": null, ""24"": null, ""25"": null, ""26"": null, ""27"": null, ""28"": null, ""29"": null, ""30"": null}",499,tab1a2021-link_m,coal-statistics-download-excel-7,coal_statistics,Download Excel,https://coal.gov.in/sites/default/files/2024-03/cdchap6.xlsx
source_reference,"{""0"": null, ""1"": null, ""2"": ""GIPCL_VS"", ""3"": ""10"", ""4"": ""Vastan Lignite OC Mine"", ""5"": ""GUJ"", ""6"": null, ""7"": ""D"", ""8"": ""L"", ""9"": 0, ""10"": 0, ""11"": 0, ""12"": 430, ""13"": 430, ""14"": null, ""15"": null, ""16"": null, ""17"": null, ""18"": null, ""19"": null, ""20"": null, ""21"": null, ""22"": null, ""23"": null, ""24"": null, ""25"": null, ""26"": null, ""27"": null, ""28"": null, ""29"": null, ""30"": null}",500,tab1a2021-link_m,coal-statistics-download-excel-7,coal_statistics,Download Excel,https://coal.gov.in/sites/default/files/2024-03/cdchap6.xlsx
source_reference,"{""0"": null, ""1"": null, ""2"": ""GIPCL_MN"", ""3"": ""10"", ""4"": ""Mangrol Lignite Mine"", ""5"": ""GUJ"", ""6"": null, ""7"": ""D"", ""8"": ""L"", ""9"": 0, ""10"": 0, ""11"": 0, ""12"": 0, ""13"": 0, ""14"": null, ""15"": null, ""16"": null, ""17"": null, ""18"": null, ""19"": null, ""20"": null, ""21"": null, ""22"": null, ""23"": null, ""24"": null, ""25"": null, ""26"": null, ""27"": null, ""28"": null, ""29"": null, ""30"": null}",501,tab1a2021-link_m,coal-statistics-download-excel-7,coal_statistics,Download Excel,https://coal.gov.in/sites/default/files/2024-03/cdchap6.xlsx
source_reference,"{""0"": null, ""1"": null, ""2"": ""GMDCL"", ""3"": null, ""4"": ""Rajpardi,Panandro,Tadkesar,Mata-No-Madh,Surka,Umarsar"", ""5"": ""GUJ"", ""6"": null, ""7"": ""D"", ""8"": ""L"", ""9"": 0, ""10"": 0, ""11"": 0, ""12"": 6004, ""13"": 6004, ""14"": null, ""15"": null, ""16"": null, ""17"": null, ""18"": null, ""19"": null, ""20"": null, ""21"": null, ""22"": null, ""23"": null, ""24"": null, ""25"": null, ""26"": null, ""27"": null, ""28"": null, ""29"": null, ""30"": null}",502,tab1a2021-link_m,coal-statistics-download-excel-7,coal_statistics,Download Excel,https://coal.gov.in/sites/default/files/2024-03/cdchap6.xlsx
source_reference,"{""0"": null, ""1"": null, ""2"": ""GMDCL"", ""3"": null, ""4"": ""Rajpardi,Panandro,Tadkesar,Mata-No-Madh,Surka,Umarsar"", ""5"": ""RAJ"", ""6"": null, ""7"": ""D"", ""8"": ""L"", ""9"": 0, ""10"": 0, ""11"": 0, ""12"": 0, ""13"": 0, ""14"": null, ""15"": null, ""16"": null, ""17"": null, ""18"": null, ""19"": null, ""20"": null, ""21"": null, ""22"": null, ""23"": null, ""24"": null, ""25"": null, ""26"": null, ""27"": null, ""28"": null, ""29"": null, ""30"": null}",503,tab1a2021-link_m,coal-statistics-download-excel-7,coal_statistics,Download Excel,https://coal.gov.in/sites/default/files/2024-03/cdchap6.xlsx
source_reference,"{""0"": null, ""1"": null, ""2"": ""GHCL"", ""3"": null, ""4"": ""Khadsaliya lignite Mine"", ""5"": ""GUJ"", ""6"": null, ""7"": ""D"", ""8"": ""L"", ""9"": 0, ""10"": 0, ""11"": 0, ""12"": 36, ""13"": 36, ""14"": null, ""15"": null, ""16"": null, ""17"": null, ""18"": null, ""19"": null, ""20"": null, ""21"": null, ""22"": null, ""23"": null, ""24"": null, ""25"": null, ""26"": null, ""27"": null, ""28"": null, ""29"": null, ""30"": null}",504,tab1a2021-link_m,coal-statistics-download-excel-7,coal_statistics,Download Excel,https://coal.gov.in/sites/default/files/2024-03/cdchap6.xlsx
source_reference,"{""0"": null, ""1"": null, ""2"": ""NLCL_I"", ""3"": null, ""4"": ""Mine-I"", ""5"": ""TN"", ""6"": null, ""7"": ""D"", ""8"": ""L"", ""9"": 0, ""10"": 0, ""11"": 0, ""12"": 6406, ""13"": 6406, ""14"": null, ""15"": null, ""16"": null, ""17"": null, ""18"": null, ""19"": null, ""20"": null, ""21"": null, ""22"": null, ""23"": null, ""24"": null, ""25"": null, ""26"": null, ""27"": null, ""28"": null, ""29"": null, ""30"": null}",505,tab1a2021-link_m,coal-statistics-download-excel-7,coal_statistics,Download Excel,https://coal.gov.in/sites/default/files/2024-03/cdchap6.xlsx
source_reference,"{""0"": null, ""1"": null, ""2"": ""NLCL_1A"", ""3"": null, ""4"": ""Mine-1A"", ""5"": ""TN"", ""6"": null, ""7"": ""D"", ""8"": ""L"", ""9"": 0, ""10"": 0, ""11"": 0, ""12"": 2472.77038, ""13"": 2472.77038, ""14"": null, ""15"": null, ""16"": null, ""17"": null, ""18"": null, ""19"": null, ""20"": null, ""21"": null, ""22"": null, ""23"": null, ""24"": null, ""25"": null, ""26"": null, ""27"": null, ""28"": null, ""29"": null, ""30"": null}",506,tab1a2021-link_m,coal-statistics-download-excel-7,coal_statistics,Download Excel,https://coal.gov.in/sites/default/files/2024-03/cdchap6.xlsx
source_reference,"{""0"": null, ""1"": null, ""2"": ""NLCL_II"", ""3"": null, ""4"": ""Mine_II"", ""5"": ""TN"", ""6"": null, ""7"": ""D"", ""8"": ""L"", ""9"": 0, ""10"": 0, ""11"": 0, ""12"": 9637.175212, ""13"": 9637.175212, ""14"": null, ""15"": null, ""16"": null, ""17"": null, ""18"": null, ""19"": null, ""20"": null, ""21"": null, ""22"": null, ""23"": null, ""24"": null, ""25"": null, ""26"": null, ""27"": null, ""28"": null, ""29"": null, ""30"": null}",507,tab1a2021-link_m,coal-statistics-download-excel-7,coal_statistics,Download Excel,https://coal.gov.in/sites/default/files/2024-03/cdchap6.xlsx
source_reference,"{""0"": null, ""1"": null, ""2"": ""NLCL_B"", ""3"": null, ""4"": ""Barsingsar"", ""5"": ""RAJ"", ""6"": null, ""7"": ""D"", ""8"": ""L"", ""9"": 0, ""10"": 0, ""11"": 0, ""12"": 1236.5061799999999, ""13"": 1236.5061799999999, ""14"": null, ""15"": null, ""16"": null, ""17"": null, ""18"": null, ""19"": null, ""20"": null, ""21"": null, ""22"": null, ""23"": null, ""24"": null, ""25"": null, ""26"": null, ""27"": null, ""28"": null, ""29"": null, ""30"": null}",508,tab1a2021-link_m,coal-statistics-download-excel-7,coal_statistics,Download Excel,https://coal.gov.in/sites/default/files/2024-03/cdchap6.xlsx
source_reference,"{""0"": null, ""1"": null, ""2"": ""RSMML"", ""3"": null, ""4"": ""Giral, Matasukh, Sonari"", ""5"": ""RAJ"", ""6"": null, ""7"": ""D"", ""8"": ""L"", ""9"": 0, ""10"": 0, ""11"": 0, ""12"": 830, ""13"": 830, ""14"": null, ""15"": null, ""16"": null, ""17"": null, ""18"": null, ""19"": null, ""20"": null, ""21"": null, ""22"": null, ""23"": null, ""24"": null, ""25"": null, ""26"": null, ""27"": null, ""28"": null, ""29"": null, ""30"": null}",509,tab1a2021-link_m,coal-statistics-download-excel-7,coal_statistics,Download Excel,https://coal.gov.in/sites/default/files/2024-03/cdchap6.xlsx
source_reference,"{""0"": null, ""1"": null, ""2"": ""VSLPPL"", ""3"": null, ""4"": ""Gurha East Mine"", ""5"": ""RAJ"", ""6"": null, ""7"": ""D"", ""8"": ""L"", ""9"": 0, ""10"": 0, ""11"": 0, ""12"": 927, ""13"": 927, ""14"": null, ""15"": null, ""16"": null, ""17"": null, ""18"": null, ""19"": null, ""20"": null, ""21"": null, ""22"": null, ""23"": null, ""24"": null, ""25"": null, ""26"": null, ""27"": null, ""28"": null, ""29"": null, ""30"": null}",510,tab1a2021-link_m,coal-statistics-download-excel-7,coal_statistics,Download Excel,https://coal.gov.in/sites/default/files/2024-03/cdchap6.xlsx
source_reference,"{""0"": null, ""1"": null, ""2"": ""BLMCL_K"", ""3"": null, ""4"": ""Kapurdi Lignite Mine"", ""5"": ""RAJ"", ""6"": null, ""7"": ""D"", ""8"": ""L"", ""9"": 0, ""10"": 0, ""11"": 0, ""12"": 4645, ""13"": 4645, ""14"": null, ""15"": null, ""16"": null, ""17"": null, ""18"": null, ""19"": null, ""20"": null, ""21"": null, ""22"": null, ""23"": null, ""24"": null, ""25"": null, ""26"": null, ""27"": null, ""28"": null, ""29"": null, ""30"": null}",511,tab1a2021-link_m,coal-statistics-download-excel-7,coal_statistics,Download Excel,https://coal.gov.in/sites/default/files/2024-03/cdchap6.xlsx
source_reference,"{""0"": null, ""1"": null, ""2"": ""BLMCL_J"", ""3"": null, ""4"": ""Jalipa Lignite Mine"", ""5"": ""RAJ"", ""6"": null, ""7"": ""D"", ""8"": ""L"", ""9"": 0, ""10"": 0, ""11"": 0, ""12"": 1518, ""13"": 1518, ""14"": null, ""15"": null, ""16"": null, ""17"": null, ""18"": null, ""19"": null, ""20"": null, ""21"": null, ""22"": null, ""23"": null, ""24"": null, ""25"": null, ""26"": null, ""27"": null, ""28"": null, ""29"": null, ""30"": null}",512,tab1a2021-link_m,coal-statistics-download-excel-7,coal_statistics,Download Excel,https://coal.gov.in/sites/default/files/2024-03/cdchap6.xlsx
source_reference,"{""0"": null, ""1"": null, ""2"": ""TOTAL"", ""3"": null, ""4"": null, ""5"": null, ""6"": null, ""7"": ""D"", ""8"": ""L"", ""9"": 0, ""10"": 0, ""11"": 0, ""12"": 37220.451772, ""13"": 37220.451772, ""14"": null, ""15"": null, ""16"": null, ""17"": null, ""18"": null, ""19"": null, ""20"": null, ""21"": null, ""22"": null, ""23"": null, ""24"": null, ""25"": null, ""26"": null, ""27"": null, ""28"": null, ""29"": null, ""30"": null}",513,tab1a2021-link_m,coal-statistics-download-excel-7,coal_statistics,Download Excel,https://coal.gov.in/sites/default/files/2024-03/cdchap6.xlsx
source_reference,"{""0"": null, ""1"": null, ""2"": ""STATEWISE LIGNITE "", ""3"": null, ""4"": null, ""5"": null, ""6"": null, ""7"": null, ""8"": null, ""9"": null, ""10"": null, ""11"": null, ""12"": null, ""13"": null, ""14"": null, ""15"": null, ""16"": null, ""17"": null, ""18"": null, ""19"": null, ""20"": null, ""21"": null, ""22"": null, ""23"": null, ""24"": null, ""25"": null, ""26"": null, ""27"": null, ""28"": null, ""29"": null, ""30"": null}",514,tab1a2021-link_m,coal-statistics-download-excel-7,coal_statistics,Download Excel,https://coal.gov.in/sites/default/files/2024-03/cdchap6.xlsx
source_reference,"{""0"": null, ""1"": null, ""2"": null, ""3"": null, ""4"": null, ""5"": ""GUJ"", ""6"": null, ""7"": ""D"", ""8"": null, ""9"": 0, ""10"": 0, ""11"": 0, ""12"": 9548, ""13"": 9548, ""14"": null, ""15"": null, ""16"": null, ""17"": null, ""18"": null, ""19"": null, ""20"": null, ""21"": null, ""22"": null, ""23"": null, ""24"": null, ""25"": null, ""26"": null, ""27"": null, ""28"": null, ""29"": null, ""30"": null}",515,tab1a2021-link_m,coal-statistics-download-excel-7,coal_statistics,Download Excel,https://coal.gov.in/sites/default/files/2024-03/cdchap6.xlsx
source_reference,"{""0"": null, ""1"": null, ""2"": null, ""3"": null, ""4"": null, ""5"": ""TN"", ""6"": null, ""7"": ""D"", ""8"": null, ""9"": 0, ""10"": 0, ""11"": 0, ""12"": 18515.945592, ""13"": 18515.945592, ""14"": null, ""15"": null, ""16"": null, ""17"": null, ""18"": null, ""19"": null, ""20"": null, ""21"": null, ""22"": null, ""23"": null, ""24"": null, ""25"": null, ""26"": null, ""27"": null, ""28"": null, ""29"": null, ""30"": null}",516,tab1a2021-link_m,coal-statistics-download-excel-7,coal_statistics,Download Excel,https://coal.gov.in/sites/default/files/2024-03/cdchap6.xlsx
source_reference,"{""0"": null, ""1"": null, ""2"": null, ""3"": null, ""4"": null, ""5"": ""RAJ"", ""6"": null, ""7"": ""D"", ""8"": null, ""9"": 0, ""10"": 0, ""11"": 0, ""12"": 9156.50618, ""13"": 9156.50618, ""14"": null, ""15"": null, ""16"": null, ""17"": null, ""18"": null, ""19"": null, ""20"": null, ""21"": null, ""22"": null, ""23"": null, ""24"": null, ""25"": null, ""26"": null, ""27"": null, ""28"": null, ""29"": null, ""30"": null}",517,tab1a2021-link_m,coal-statistics-download-excel-7,coal_statistics,Download Excel,https://coal.gov.in/sites/default/files/2024-03/cdchap6.xlsx
source_reference,"{""0"": null, ""1"": null, ""2"": null, ""3"": null, ""4"": null, ""5"": null, ""6"": null, ""7"": ""D"", ""8"": null, ""9"": 0, ""10"": 0, ""11"": 0, ""12"": 37220.451772, ""13"": 37220.451772, ""14"": null, ""15"": null, ""16"": null, ""17"": null, ""18"": null, ""19"": null, ""20"": null, ""21"": null, ""22"": null, ""23"": null, ""24"": null, ""25"": null, ""26"": null, ""27"": null, ""28"": null, ""29"": null, ""30"": null}",518,tab1a2021-link_m,coal-statistics-download-excel-7,coal_statistics,Download Excel,https://coal.gov.in/sites/default/files/2024-03/cdchap6.xlsx
source_reference,"{""0"": null, ""1"": null, ""2"": ""differ company into state"", ""3"": null, ""4"": null, ""5"": null, ""6"": null, ""7"": null, ""8"": null, ""9"": 0, ""10"": 0, ""11"": 0, ""12"": 0, ""13"": 0, ""14"": null, ""15"": null, ""16"": null, ""17"": null, ""18"": null, ""19"": null, ""20"": null, ""21"": null, ""22"": null, ""23"": null, ""24"": null, ""25"": null, ""26"": null, ""27"": null, ""28"": null, ""29"": null, ""30"": null}",519,tab1a2021-link_m,coal-statistics-download-excel-7,coal_statistics,Download Excel,https://coal.gov.in/sites/default/files/2024-03/cdchap6.xlsx
source_reference,"{""0"": null, ""1"": null, ""2"": ""pub"", ""3"": ""ncpt"", ""4"": null, ""5"": null, ""6"": null, ""7"": null, ""8"": null, ""9"": null, ""10"": null, ""11"": null, ""12"": null, ""13"": null, ""14"": null, ""15"": null, ""16"": null, ""17"": null, ""18"": null, ""19"": null, ""20"": null, ""21"": null, ""22"": null, ""23"": null, ""24"": null, ""25"": null, ""26"": null, ""27"": null, ""28"": null, ""29"": null, ""30"": null}",520,tab1a2021-link_m,coal-statistics-download-excel-7,coal_statistics,Download Excel,https://coal.gov.in/sites/default/files/2024-03/cdchap6.xlsx
source_reference,"{""0"": null, ""1"": null, ""2"": ""pub"", ""3"": ""capt"", ""4"": null, ""5"": null, ""6"": null, ""7"": null, ""8"": null, ""9"": null, ""10"": null, ""11"": null, ""12"": null, ""13"": null, ""14"": null, ""15"": null, ""16"": null, ""17"": null, ""18"": null, ""19"": null, ""20"": null, ""21"": null, ""22"": null, ""23"": null, ""24"": null, ""25"": null, ""26"": null, ""27"": null, ""28"": null, ""29"": null, ""30"": null}",521,tab1a2021-link_m,coal-statistics-download-excel-7,coal_statistics,Download Excel,https://coal.gov.in/sites/default/files/2024-03/cdchap6.xlsx
source_reference,"{""0"": null, ""1"": null, ""2"": null, ""3"": ""tot"", ""4"": null, ""5"": null, ""6"": null, ""7"": null, ""8"": null, ""9"": null, ""10"": null, ""11"": null, ""12"": null, ""13"": null, ""14"": null, ""15"": null, ""16"": null, ""17"": null, ""18"": null, ""19"": null, ""20"": null, ""21"": null, ""22"": null, ""23"": null, ""24"": null, ""25"": null, ""26"": null, ""27"": null, ""28"": null, ""29"": null, ""30"": null}",522,tab1a2021-link_m,coal-statistics-download-excel-7,coal_statistics,Download Excel,https://coal.gov.in/sites/default/files/2024-03/cdchap6.xlsx
source_reference,"{""0"": null, ""1"": null, ""2"": ""pvt"", ""3"": ""ncpt"", ""4"": null, ""5"": null, ""6"": null, ""7"": null, ""8"": null, ""9"": null, ""10"": null, ""11"": null, ""12"": null, ""13"": null, ""14"": null, ""15"": null, ""16"": null, ""17"": null, ""18"": null, ""19"": null, ""20"": null, ""21"": null, ""22"": null, ""23"": null, ""24"": null, ""25"": null, ""26"": null, ""27"": null, ""28"": null, ""29"": null, ""30"": null}",523,tab1a2021-link_m,coal-statistics-download-excel-7,coal_statistics,Download Excel,https://coal.gov.in/sites/default/files/2024-03/cdchap6.xlsx
source_reference,"{""0"": null, ""1"": null, ""2"": ""pvt"", ""3"": ""capt"", ""4"": null, ""5"": null, ""6"": null, ""7"": null, ""8"": null, ""9"": null, ""10"": null, ""11"": null, ""12"": null, ""13"": null, ""14"": null, ""15"": null, ""16"": null, ""17"": null, ""18"": null, ""19"": null, ""20"": null, ""21"": null, ""22"": null, ""23"": null, ""24"": null, ""25"": null, ""26"": null, ""27"": null, ""28"": null, ""29"": null, ""30"": null}",524,tab1a2021-link_m,coal-statistics-download-excel-7,coal_statistics,Download Excel,https://coal.gov.in/sites/default/files/2024-03/cdchap6.xlsx
source_reference,"{""0"": null, ""1"": null, ""2"": null, ""3"": ""tot"", ""4"": null, ""5"": null, ""6"": null, ""7"": null, ""8"": null, ""9"": null, ""10"": null, ""11"": null, ""12"": null, ""13"": null, ""14"": null, ""15"": null, ""16"": null, ""17"": null, ""18"": null, ""19"": null, ""20"": null, ""21"": null, ""22"": null, ""23"": null, ""24"": null, ""25"": null, ""26"": null, ""27"": null, ""28"": null, ""29"": null, ""30"": null}",525,tab1a2021-link_m,coal-statistics-download-excel-7,coal_statistics,Download Excel,https://coal.gov.in/sites/default/files/2024-03/cdchap6.xlsx
